timestamp,node_id,packet_id,packet_size_bytes,rssi_dbm,channel,sequence_id,payload_type
0.0,sta_01,0,130,-63.9,36,1,synthetic_telemetry
0.000132,sta_02,1,123,-70.1,36,1,synthetic_telemetry
0.019866,sta_01,2,124,-58.4,36,2,synthetic_telemetry
0.020916,sta_02,3,126,-72.3,36,2,synthetic_telemetry
0.039683,sta_02,5,127,-74.3,36,3,synthetic_telemetry
0.039824,sta_01,4,124,-53.4,36,3,synthetic_telemetry
0.060742,sta_02,7,126,-51.9,36,4,synthetic_telemetry
0.060935,sta_01,6,138,-74.9,36,4,synthetic_telemetry
0.079199,sta_01,8,116,-57.7,36,5,synthetic_telemetry
0.079465,sta_02,9,134,-59.3,36,5,synthetic_telemetry
0.100604,sta_02,11,123,-58.3,36,6,synthetic_telemetry
0.10065,sta_01,10,129,-48.8,36,6,synthetic_telemetry
0.120177,sta_01,12,111,-73.8,36,7,synthetic_telemetry
0.120967,sta_02,13,126,-50.0,36,7,synthetic_telemetry
0.139458,sta_01,14,124,-65.3,36,8,synthetic_telemetry
0.140423,sta_02,15,127,-72.6,36,8,synthetic_telemetry
0.160523,sta_02,17,117,-60.6,36,9,synthetic_telemetry
0.160841,sta_01,16,130,-64.0,36,9,synthetic_telemetry
0.179403,sta_02,19,135,-51.9,36,10,synthetic_telemetry
0.180252,sta_01,18,123,-62.4,36,10,synthetic_telemetry
0.199327,sta_02,21,129,-66.4,36,11,synthetic_telemetry
0.200113,sta_01,20,131,-46.0,36,11,synthetic_telemetry
0.220039,sta_01,22,128,-60.1,36,12,synthetic_telemetry
0.220215,sta_02,23,128,-51.0,36,12,synthetic_telemetry
0.239487,sta_02,25,134,-48.6,36,13,synthetic_telemetry
0.24001,sta_01,24,118,-46.4,36,13,synthetic_telemetry
0.259498,sta_02,27,130,-62.6,36,14,synthetic_telemetry
0.259661,sta_01,26,124,-54.6,36,14,synthetic_telemetry
0.279404,sta_02,29,130,-70.9,36,15,synthetic_telemetry
0.27965,sta_01,28,134,-69.1,36,15,synthetic_telemetry
0.299661,sta_01,30,125,-54.2,36,16,synthetic_telemetry
0.300597,sta_02,31,135,-67.2,36,16,synthetic_telemetry
0.319728,sta_01,32,119,-56.1,36,17,synthetic_telemetry
0.319742,sta_02,33,127,-53.7,36,17,synthetic_telemetry
0.340474,sta_02,35,122,-60.6,36,18,synthetic_telemetry
0.340492,sta_01,34,125,-61.5,36,18,synthetic_telemetry
0.359059,sta_01,36,119,-54.7,36,19,synthetic_telemetry
0.360868,sta_02,37,139,-74.1,36,19,synthetic_telemetry
0.379376,sta_01,38,124,-64.5,36,20,synthetic_telemetry
0.380451,sta_02,39,130,-49.6,36,20,synthetic_telemetry
0.399602,sta_01,40,128,-69.3,36,21,synthetic_telemetry
0.400635,sta_02,41,126,-68.0,36,21,synthetic_telemetry
0.419028,sta_01,42,133,-51.3,36,22,synthetic_telemetry
0.419639,sta_02,43,133,-73.8,36,22,synthetic_telemetry
0.439297,sta_01,44,130,-64.2,36,23,synthetic_telemetry
0.439568,sta_02,45,136,-49.3,36,23,synthetic_telemetry
0.460055,sta_01,46,119,-62.7,36,24,synthetic_telemetry
0.460556,sta_02,47,125,-70.5,36,24,synthetic_telemetry
0.480176,sta_01,48,128,-62.6,36,25,synthetic_telemetry
0.480325,sta_02,49,124,-49.0,36,25,synthetic_telemetry
0.499626,sta_02,51,127,-51.0,36,26,synthetic_telemetry
0.500633,sta_01,50,127,-60.9,36,26,synthetic_telemetry
0.519348,sta_02,53,129,-46.8,36,27,synthetic_telemetry
0.520131,sta_01,52,130,-46.4,36,27,synthetic_telemetry
0.539433,sta_01,54,134,-73.2,36,28,synthetic_telemetry
0.539444,sta_02,55,132,-52.6,36,28,synthetic_telemetry
0.560176,sta_01,56,129,-45.3,36,29,synthetic_telemetry
0.5608,sta_02,57,148,-58.4,36,29,synthetic_telemetry
0.57939,sta_02,59,136,-51.5,36,30,synthetic_telemetry
0.58028,sta_01,58,133,-49.5,36,30,synthetic_telemetry
0.599451,sta_02,61,131,-63.9,36,31,synthetic_telemetry
0.600121,sta_01,60,131,-67.9,36,31,synthetic_telemetry
0.619217,sta_02,63,124,-74.1,36,32,synthetic_telemetry
0.620326,sta_01,62,119,-49.0,36,32,synthetic_telemetry
0.639222,sta_02,65,132,-67.5,36,33,synthetic_telemetry
0.640821,sta_01,64,123,-54.5,36,33,synthetic_telemetry
0.660132,sta_01,66,132,-45.9,36,34,synthetic_telemetry
0.660141,sta_02,67,137,-55.9,36,34,synthetic_telemetry
0.680258,sta_01,68,117,-74.3,36,35,synthetic_telemetry
0.680797,sta_02,69,126,-54.2,36,35,synthetic_telemetry
0.699501,sta_02,71,129,-72.2,36,36,synthetic_telemetry
0.700251,sta_01,70,134,-68.5,36,36,synthetic_telemetry
0.719503,sta_01,72,126,-58.1,36,37,synthetic_telemetry
0.72057,sta_02,73,127,-65.1,36,37,synthetic_telemetry
0.740219,sta_01,74,126,-68.7,36,38,synthetic_telemetry
0.740364,sta_02,75,132,-63.0,36,38,synthetic_telemetry
0.760074,sta_02,77,120,-55.3,36,39,synthetic_telemetry
0.760456,sta_01,76,131,-45.3,36,39,synthetic_telemetry
0.780404,sta_01,78,131,-62.3,36,40,synthetic_telemetry
0.780465,sta_02,79,126,-50.1,36,40,synthetic_telemetry
0.799629,sta_01,80,122,-72.2,36,41,synthetic_telemetry
0.800285,sta_02,81,131,-52.8,36,41,synthetic_telemetry
0.820241,sta_01,82,128,-74.6,36,42,synthetic_telemetry
0.820358,sta_02,83,124,-47.6,36,42,synthetic_telemetry
0.839624,sta_01,84,124,-73.8,36,43,synthetic_telemetry
0.840201,sta_02,85,123,-61.3,36,43,synthetic_telemetry
0.859784,sta_01,86,135,-63.8,36,44,synthetic_telemetry
0.860136,sta_02,87,136,-48.0,36,44,synthetic_telemetry
0.879265,sta_01,88,127,-52.3,36,45,synthetic_telemetry
0.880953,sta_02,89,128,-68.2,36,45,synthetic_telemetry
0.899195,sta_02,91,120,-69.4,36,46,synthetic_telemetry
0.899983,sta_01,90,132,-48.6,36,46,synthetic_telemetry
0.919128,sta_02,93,118,-55.2,36,47,synthetic_telemetry
0.920415,sta_01,92,123,-51.6,36,47,synthetic_telemetry
0.939674,sta_01,94,120,-56.5,36,48,synthetic_telemetry
0.940949,sta_02,95,123,-65.7,36,48,synthetic_telemetry
0.959043,sta_01,96,132,-55.7,36,49,synthetic_telemetry
0.959199,sta_02,97,132,-54.5,36,49,synthetic_telemetry
0.980001,sta_01,98,130,-67.0,36,50,synthetic_telemetry
0.980852,sta_02,99,131,-73.6,36,50,synthetic_telemetry
0.999279,sta_02,101,123,-73.9,36,51,synthetic_telemetry
1.000825,sta_01,100,129,-46.0,36,51,synthetic_telemetry
1.019984,sta_02,103,130,-71.9,36,52,synthetic_telemetry
1.020159,sta_01,102,143,-54.8,36,52,synthetic_telemetry
1.039684,sta_02,105,129,-68.6,36,53,synthetic_telemetry
1.040483,sta_01,104,139,-64.4,36,53,synthetic_telemetry
1.059663,sta_01,106,131,-60.8,36,54,synthetic_telemetry
1.060115,sta_02,107,129,-71.0,36,54,synthetic_telemetry
1.079293,sta_01,108,130,-54.5,36,55,synthetic_telemetry
1.0802,sta_02,109,125,-46.9,36,55,synthetic_telemetry
1.099202,sta_02,111,127,-47.4,36,56,synthetic_telemetry
1.100405,sta_01,110,121,-63.0,36,56,synthetic_telemetry
1.11934,sta_01,112,129,-55.1,36,57,synthetic_telemetry
1.120594,sta_02,113,124,-62.6,36,57,synthetic_telemetry
1.140042,sta_02,115,129,-50.8,36,58,synthetic_telemetry
1.140438,sta_01,114,124,-67.3,36,58,synthetic_telemetry
1.160274,sta_01,116,123,-50.9,36,59,synthetic_telemetry
1.160327,sta_02,117,130,-58.3,36,59,synthetic_telemetry
1.180178,sta_01,118,127,-65.7,36,60,synthetic_telemetry
1.180797,sta_02,119,134,-53.7,36,60,synthetic_telemetry
1.199701,sta_02,121,128,-59.8,36,61,synthetic_telemetry
1.199902,sta_01,120,124,-60.8,36,61,synthetic_telemetry
1.220609,sta_02,123,135,-68.7,36,62,synthetic_telemetry
1.220826,sta_01,122,141,-51.2,36,62,synthetic_telemetry
1.240284,sta_01,124,129,-74.6,36,63,synthetic_telemetry
1.24082,sta_02,125,125,-67.2,36,63,synthetic_telemetry
1.259597,sta_01,126,128,-56.7,36,64,synthetic_telemetry
1.260272,sta_02,127,127,-74.2,36,64,synthetic_telemetry
1.2792,sta_01,128,125,-63.5,36,65,synthetic_telemetry
1.279656,sta_02,129,128,-60.9,36,65,synthetic_telemetry
1.300267,sta_01,130,115,-62.7,36,66,synthetic_telemetry
1.300371,sta_02,131,126,-64.3,36,66,synthetic_telemetry
1.31978,sta_01,132,133,-46.2,36,67,synthetic_telemetry
1.320646,sta_02,133,128,-64.0,36,67,synthetic_telemetry
1.339152,sta_01,134,128,-62.9,36,68,synthetic_telemetry
1.340116,sta_02,135,130,-55.5,36,68,synthetic_telemetry
1.359377,sta_02,137,128,-62.8,36,69,synthetic_telemetry
1.359536,sta_01,136,131,-63.6,36,69,synthetic_telemetry
1.379816,sta_02,139,130,-69.5,36,70,synthetic_telemetry
1.380178,sta_01,138,122,-63.3,36,70,synthetic_telemetry
1.399923,sta_02,141,124,-58.6,36,71,synthetic_telemetry
1.400866,sta_01,140,133,-74.7,36,71,synthetic_telemetry
1.419331,sta_02,143,127,-70.4,36,72,synthetic_telemetry
1.420623,sta_01,142,121,-71.1,36,72,synthetic_telemetry
1.439827,sta_02,145,128,-58.6,36,73,synthetic_telemetry
1.440134,sta_01,144,133,-62.6,36,73,synthetic_telemetry
1.459646,sta_01,146,137,-60.3,36,74,synthetic_telemetry
1.460144,sta_02,147,133,-72.3,36,74,synthetic_telemetry
1.47964,sta_01,148,129,-46.0,36,75,synthetic_telemetry
1.480382,sta_02,149,122,-59.1,36,75,synthetic_telemetry
1.499677,sta_01,150,138,-61.2,36,76,synthetic_telemetry
1.500464,sta_02,151,135,-57.8,36,76,synthetic_telemetry
1.520372,sta_01,152,128,-65.4,36,77,synthetic_telemetry
1.5209,sta_02,153,133,-72.1,36,77,synthetic_telemetry
1.539705,sta_01,154,125,-52.2,36,78,synthetic_telemetry
1.540333,sta_02,155,121,-55.0,36,78,synthetic_telemetry
1.56017,sta_01,156,125,-74.2,36,79,synthetic_telemetry
1.560987,sta_02,157,124,-55.6,36,79,synthetic_telemetry
1.580741,sta_01,158,125,-50.6,36,80,synthetic_telemetry
1.580862,sta_02,159,133,-48.5,36,80,synthetic_telemetry
1.599457,sta_01,160,123,-49.5,36,81,synthetic_telemetry
1.600512,sta_02,161,125,-46.7,36,81,synthetic_telemetry
1.620228,sta_02,163,128,-65.3,36,82,synthetic_telemetry
1.620927,sta_01,162,124,-59.5,36,82,synthetic_telemetry
1.639268,sta_01,164,135,-65.1,36,83,synthetic_telemetry
1.640951,sta_02,165,135,-65.0,36,83,synthetic_telemetry
1.659698,sta_01,166,122,-61.7,36,84,synthetic_telemetry
1.660284,sta_02,167,132,-58.3,36,84,synthetic_telemetry
1.680012,sta_02,169,127,-58.0,36,85,synthetic_telemetry
1.680949,sta_01,168,133,-64.8,36,85,synthetic_telemetry
1.700503,sta_01,170,127,-50.7,36,86,synthetic_telemetry
1.700732,sta_02,171,135,-51.0,36,86,synthetic_telemetry
1.719052,sta_01,172,121,-67.7,36,87,synthetic_telemetry
1.720188,sta_02,173,135,-51.9,36,87,synthetic_telemetry
1.740036,sta_02,175,128,-58.1,36,88,synthetic_telemetry
1.740456,sta_01,174,126,-54.6,36,88,synthetic_telemetry
1.759642,sta_01,176,118,-65.3,36,89,synthetic_telemetry
1.760176,sta_02,177,121,-58.4,36,89,synthetic_telemetry
1.78039,sta_01,178,132,-48.4,36,90,synthetic_telemetry
1.780889,sta_02,179,133,-69.2,36,90,synthetic_telemetry
1.799717,sta_02,181,139,-68.3,36,91,synthetic_telemetry
1.799937,sta_01,180,134,-46.5,36,91,synthetic_telemetry
1.820426,sta_01,182,137,-45.5,36,92,synthetic_telemetry
1.82064,sta_02,183,123,-47.3,36,92,synthetic_telemetry
1.83902,sta_02,185,136,-64.8,36,93,synthetic_telemetry
1.84084,sta_01,184,114,-58.7,36,93,synthetic_telemetry
1.859024,sta_01,186,126,-71.7,36,94,synthetic_telemetry
1.860721,sta_02,187,132,-68.5,36,94,synthetic_telemetry
1.879616,sta_02,189,128,-47.5,36,95,synthetic_telemetry
1.880984,sta_01,188,138,-71.0,36,95,synthetic_telemetry
1.899184,sta_01,190,128,-64.2,36,96,synthetic_telemetry
1.900759,sta_02,191,125,-71.7,36,96,synthetic_telemetry
1.919841,sta_01,192,122,-58.3,36,97,synthetic_telemetry
1.920793,sta_02,193,116,-70.1,36,97,synthetic_telemetry
1.939396,sta_01,194,118,-49.4,36,98,synthetic_telemetry
1.940309,sta_02,195,127,-57.0,36,98,synthetic_telemetry
1.9598,sta_01,196,121,-49.3,36,99,synthetic_telemetry
1.960351,sta_02,197,117,-72.8,36,99,synthetic_telemetry
1.979534,sta_02,199,131,-46.9,36,100,synthetic_telemetry
1.979911,sta_01,198,126,-63.8,36,100,synthetic_telemetry
1.999142,sta_02,201,117,-58.0,36,101,synthetic_telemetry
1.999844,sta_01,200,126,-74.6,36,101,synthetic_telemetry
2.019793,sta_01,202,127,-63.8,36,102,synthetic_telemetry
2.020157,sta_02,203,130,-64.6,36,102,synthetic_telemetry
2.039658,sta_01,204,127,-59.3,36,103,synthetic_telemetry
2.040728,sta_02,205,127,-69.1,36,103,synthetic_telemetry
2.059183,sta_01,206,117,-47.6,36,104,synthetic_telemetry
2.060787,sta_02,207,124,-74.8,36,104,synthetic_telemetry
2.079098,sta_01,208,142,-53.5,36,105,synthetic_telemetry
2.080466,sta_02,209,112,-72.4,36,105,synthetic_telemetry
2.099175,sta_01,210,128,-54.4,36,106,synthetic_telemetry
2.099772,sta_02,211,133,-59.9,36,106,synthetic_telemetry
2.11923,sta_02,213,123,-52.6,36,107,synthetic_telemetry
2.12068,sta_01,212,130,-73.4,36,107,synthetic_telemetry
2.140513,sta_01,214,137,-67.6,36,108,synthetic_telemetry
2.140521,sta_02,215,128,-55.4,36,108,synthetic_telemetry
2.159041,sta_01,216,117,-61.1,36,109,synthetic_telemetry
2.159941,sta_02,217,137,-50.4,36,109,synthetic_telemetry
2.179247,sta_01,218,133,-61.7,36,110,synthetic_telemetry
2.179489,sta_02,219,124,-49.1,36,110,synthetic_telemetry
2.199182,sta_02,221,113,-49.9,36,111,synthetic_telemetry
2.199508,sta_01,220,125,-62.5,36,111,synthetic_telemetry
2.219505,sta_01,222,127,-70.9,36,112,synthetic_telemetry
2.220397,sta_02,223,133,-51.4,36,112,synthetic_telemetry
2.239523,sta_01,224,132,-51.4,36,113,synthetic_telemetry
2.240067,sta_02,225,130,-65.4,36,113,synthetic_telemetry
2.25967,sta_01,226,124,-70.2,36,114,synthetic_telemetry
2.260509,sta_02,227,125,-64.2,36,114,synthetic_telemetry
2.279718,sta_02,229,123,-53.7,36,115,synthetic_telemetry
2.280169,sta_01,228,138,-61.7,36,115,synthetic_telemetry
2.299054,sta_01,230,122,-60.5,36,116,synthetic_telemetry
2.299607,sta_02,231,116,-69.2,36,116,synthetic_telemetry
2.320471,sta_01,232,126,-71.2,36,117,synthetic_telemetry
2.320952,sta_02,233,133,-52.3,36,117,synthetic_telemetry
2.339149,sta_01,234,140,-50.7,36,118,synthetic_telemetry
2.340738,sta_02,235,121,-45.7,36,118,synthetic_telemetry
2.359164,sta_02,237,138,-74.5,36,119,synthetic_telemetry
2.360029,sta_01,236,120,-57.0,36,119,synthetic_telemetry
2.379591,sta_01,238,131,-61.1,36,120,synthetic_telemetry
2.379948,sta_02,239,132,-71.1,36,120,synthetic_telemetry
2.39911,sta_02,241,124,-54.1,36,121,synthetic_telemetry
2.400349,sta_01,240,114,-62.8,36,121,synthetic_telemetry
2.419087,sta_02,243,128,-50.6,36,122,synthetic_telemetry
2.420895,sta_01,242,134,-61.9,36,122,synthetic_telemetry
2.440023,sta_02,245,134,-67.0,36,123,synthetic_telemetry
2.44028,sta_01,244,125,-49.9,36,123,synthetic_telemetry
2.459135,sta_02,247,125,-45.9,36,124,synthetic_telemetry
2.460088,sta_01,246,126,-56.0,36,124,synthetic_telemetry
2.480487,sta_02,249,120,-45.7,36,125,synthetic_telemetry
2.480586,sta_01,248,129,-47.5,36,125,synthetic_telemetry
2.499528,sta_02,251,127,-68.7,36,126,synthetic_telemetry
2.500298,sta_01,250,131,-58.2,36,126,synthetic_telemetry
2.519572,sta_02,253,124,-58.1,36,127,synthetic_telemetry
2.520589,sta_01,252,136,-73.4,36,127,synthetic_telemetry
2.540504,sta_02,255,126,-69.3,36,128,synthetic_telemetry
2.540956,sta_01,254,124,-59.6,36,128,synthetic_telemetry
2.559099,sta_01,256,129,-58.8,36,129,synthetic_telemetry
2.559549,sta_02,257,127,-62.9,36,129,synthetic_telemetry
2.579345,sta_02,259,135,-73.7,36,130,synthetic_telemetry
2.579522,sta_01,258,125,-46.3,36,130,synthetic_telemetry
2.600063,sta_02,261,124,-53.0,36,131,synthetic_telemetry
2.600566,sta_01,260,129,-61.8,36,131,synthetic_telemetry
2.619025,sta_02,263,123,-70.1,36,132,synthetic_telemetry
2.620805,sta_01,262,120,-57.4,36,132,synthetic_telemetry
2.639164,sta_01,264,124,-54.5,36,133,synthetic_telemetry
2.640315,sta_02,265,125,-67.1,36,133,synthetic_telemetry
2.660329,sta_01,266,130,-73.9,36,134,synthetic_telemetry
2.660507,sta_02,267,124,-52.0,36,134,synthetic_telemetry
2.679835,sta_01,268,139,-52.3,36,135,synthetic_telemetry
2.680816,sta_02,269,124,-58.0,36,135,synthetic_telemetry
2.70018,sta_01,270,126,-65.6,36,136,synthetic_telemetry
2.70025,sta_02,271,128,-47.1,36,136,synthetic_telemetry
2.719371,sta_01,272,127,-48.9,36,137,synthetic_telemetry
2.720942,sta_02,273,126,-73.6,36,137,synthetic_telemetry
2.739203,sta_01,274,135,-59.6,36,138,synthetic_telemetry
2.73944,sta_02,275,119,-64.1,36,138,synthetic_telemetry
2.759693,sta_02,277,134,-46.4,36,139,synthetic_telemetry
2.759787,sta_01,276,133,-60.2,36,139,synthetic_telemetry
2.779702,sta_02,279,130,-70.6,36,140,synthetic_telemetry
2.780958,sta_01,278,126,-70.1,36,140,synthetic_telemetry
2.799446,sta_01,280,121,-70.9,36,141,synthetic_telemetry
2.800577,sta_02,281,125,-58.7,36,141,synthetic_telemetry
2.819032,sta_01,282,133,-55.7,36,142,synthetic_telemetry
2.819552,sta_02,283,132,-50.6,36,142,synthetic_telemetry
2.840298,sta_01,284,135,-56.8,36,143,synthetic_telemetry
2.840471,sta_02,285,135,-58.1,36,143,synthetic_telemetry
2.859385,sta_02,287,120,-54.6,36,144,synthetic_telemetry
2.860675,sta_01,286,142,-65.9,36,144,synthetic_telemetry
2.879478,sta_01,288,120,-62.5,36,145,synthetic_telemetry
2.879742,sta_02,289,130,-57.4,36,145,synthetic_telemetry
2.899463,sta_02,291,126,-51.9,36,146,synthetic_telemetry
2.900528,sta_01,290,134,-70.5,36,146,synthetic_telemetry
2.920123,sta_01,292,134,-67.9,36,147,synthetic_telemetry
2.920958,sta_02,293,125,-73.0,36,147,synthetic_telemetry
2.940539,sta_02,295,133,-61.7,36,148,synthetic_telemetry
2.940949,sta_01,294,126,-69.2,36,148,synthetic_telemetry
2.959539,sta_02,297,116,-51.5,36,149,synthetic_telemetry
2.959729,sta_01,296,146,-65.4,36,149,synthetic_telemetry
2.979386,sta_01,298,132,-50.1,36,150,synthetic_telemetry
2.9809,sta_02,299,131,-62.4,36,150,synthetic_telemetry
2.999092,sta_01,300,130,-69.9,36,151,synthetic_telemetry
2.9992,sta_02,301,122,-47.5,36,151,synthetic_telemetry
3.02001,sta_01,302,130,-67.4,36,152,synthetic_telemetry
3.02073,sta_02,303,135,-53.4,36,152,synthetic_telemetry
3.039631,sta_02,305,131,-63.5,36,153,synthetic_telemetry
3.040461,sta_01,304,133,-48.6,36,153,synthetic_telemetry
3.059002,sta_01,306,131,-51.0,36,154,synthetic_telemetry
3.05991,sta_02,307,126,-58.7,36,154,synthetic_telemetry
3.07944,sta_02,309,128,-62.0,36,155,synthetic_telemetry
3.079562,sta_01,308,128,-64.0,36,155,synthetic_telemetry
3.10003,sta_01,310,128,-65.1,36,156,synthetic_telemetry
3.10016,sta_02,311,129,-61.4,36,156,synthetic_telemetry
3.120002,sta_02,313,135,-64.8,36,157,synthetic_telemetry
3.120434,sta_01,312,133,-60.0,36,157,synthetic_telemetry
3.139782,sta_02,315,130,-53.9,36,158,synthetic_telemetry
3.139899,sta_01,314,128,-54.4,36,158,synthetic_telemetry
3.159731,sta_01,316,114,-67.0,36,159,synthetic_telemetry
3.159973,sta_02,317,125,-64.2,36,159,synthetic_telemetry
3.180407,sta_02,319,123,-66.8,36,160,synthetic_telemetry
3.180575,sta_01,318,132,-66.5,36,160,synthetic_telemetry
3.199174,sta_02,321,127,-66.0,36,161,synthetic_telemetry
3.199494,sta_01,320,123,-72.9,36,161,synthetic_telemetry
3.219621,sta_01,322,137,-67.2,36,162,synthetic_telemetry
3.219964,sta_02,323,123,-74.5,36,162,synthetic_telemetry
3.239168,sta_01,324,125,-59.1,36,163,synthetic_telemetry
3.239884,sta_02,325,144,-65.0,36,163,synthetic_telemetry
3.259495,sta_01,326,129,-49.2,36,164,synthetic_telemetry
3.260741,sta_02,327,119,-48.0,36,164,synthetic_telemetry
3.279248,sta_02,329,130,-72.4,36,165,synthetic_telemetry
3.280337,sta_01,328,133,-71.2,36,165,synthetic_telemetry
3.299577,sta_02,331,116,-61.3,36,166,synthetic_telemetry
3.300357,sta_01,330,135,-53.6,36,166,synthetic_telemetry
3.319297,sta_02,333,129,-51.8,36,167,synthetic_telemetry
3.319795,sta_01,332,120,-59.5,36,167,synthetic_telemetry
3.339414,sta_01,334,131,-48.6,36,168,synthetic_telemetry
3.340959,sta_02,335,131,-60.1,36,168,synthetic_telemetry
3.36053,sta_01,336,135,-45.1,36,169,synthetic_telemetry
3.360628,sta_02,337,134,-62.2,36,169,synthetic_telemetry
3.379451,sta_01,338,135,-57.8,36,170,synthetic_telemetry
3.379956,sta_02,339,119,-50.4,36,170,synthetic_telemetry
3.39963,sta_02,341,132,-58.5,36,171,synthetic_telemetry
3.400806,sta_01,340,137,-74.5,36,171,synthetic_telemetry
3.419073,sta_02,343,127,-55.0,36,172,synthetic_telemetry
3.420334,sta_01,342,133,-49.9,36,172,synthetic_telemetry
3.43948,sta_02,345,129,-71.2,36,173,synthetic_telemetry
3.44043,sta_01,344,131,-65.5,36,173,synthetic_telemetry
3.459634,sta_02,347,131,-73.8,36,174,synthetic_telemetry
3.459733,sta_01,346,135,-74.1,36,174,synthetic_telemetry
3.479932,sta_02,349,124,-50.5,36,175,synthetic_telemetry
3.480164,sta_01,348,127,-57.9,36,175,synthetic_telemetry
3.499548,sta_02,351,125,-51.7,36,176,synthetic_telemetry
3.499929,sta_01,350,132,-51.5,36,176,synthetic_telemetry
3.519582,sta_01,352,123,-69.2,36,177,synthetic_telemetry
3.520678,sta_02,353,131,-57.8,36,177,synthetic_telemetry
3.539689,sta_02,355,120,-68.1,36,178,synthetic_telemetry
3.540141,sta_01,354,124,-68.6,36,178,synthetic_telemetry
3.55973,sta_02,357,124,-66.1,36,179,synthetic_telemetry
3.56084,sta_01,356,144,-58.7,36,179,synthetic_telemetry
3.580727,sta_01,358,129,-60.4,36,180,synthetic_telemetry
3.58078,sta_02,359,120,-53.5,36,180,synthetic_telemetry
3.599893,sta_02,361,120,-49.7,36,181,synthetic_telemetry
3.600206,sta_01,360,132,-58.5,36,181,synthetic_telemetry
3.619194,sta_02,363,123,-71.0,36,182,synthetic_telemetry
3.62095,sta_01,362,127,-54.5,36,182,synthetic_telemetry
3.64039,sta_02,365,135,-65.9,36,183,synthetic_telemetry
3.640897,sta_01,364,128,-61.8,36,183,synthetic_telemetry
3.660313,sta_02,367,126,-65.6,36,184,synthetic_telemetry
3.660699,sta_01,366,128,-61.4,36,184,synthetic_telemetry
3.679092,sta_01,368,135,-63.1,36,185,synthetic_telemetry
3.680481,sta_02,369,122,-65.6,36,185,synthetic_telemetry
3.700277,sta_01,370,116,-70.5,36,186,synthetic_telemetry
3.700688,sta_02,371,133,-68.8,36,186,synthetic_telemetry
3.719247,sta_02,373,135,-66.5,36,187,synthetic_telemetry
3.720228,sta_01,372,126,-59.0,36,187,synthetic_telemetry
3.740598,sta_01,374,135,-48.6,36,188,synthetic_telemetry
3.740922,sta_02,375,133,-57.3,36,188,synthetic_telemetry
3.759651,sta_02,377,123,-48.2,36,189,synthetic_telemetry
3.759803,sta_01,376,119,-45.2,36,189,synthetic_telemetry
3.779616,sta_01,378,125,-70.5,36,190,synthetic_telemetry
3.780691,sta_02,379,127,-70.9,36,190,synthetic_telemetry
3.799659,sta_01,380,127,-74.7,36,191,synthetic_telemetry
3.800136,sta_02,381,125,-64.4,36,191,synthetic_telemetry
3.819572,sta_01,382,127,-53.6,36,192,synthetic_telemetry
3.82067,sta_02,383,138,-71.8,36,192,synthetic_telemetry
3.839847,sta_01,384,131,-52.7,36,193,synthetic_telemetry
3.840578,sta_02,385,128,-45.9,36,193,synthetic_telemetry
3.859601,sta_01,386,122,-68.2,36,194,synthetic_telemetry
3.860819,sta_02,387,120,-57.3,36,194,synthetic_telemetry
3.879562,sta_01,388,131,-65.9,36,195,synthetic_telemetry
3.880223,sta_02,389,123,-61.0,36,195,synthetic_telemetry
3.900509,sta_01,390,114,-63.0,36,196,synthetic_telemetry
3.900961,sta_02,391,125,-65.6,36,196,synthetic_telemetry
3.919905,sta_02,393,122,-59.1,36,197,synthetic_telemetry
3.92071,sta_01,392,125,-50.8,36,197,synthetic_telemetry
3.939875,sta_02,395,132,-63.0,36,198,synthetic_telemetry
3.940081,sta_01,394,133,-65.9,36,198,synthetic_telemetry
3.959554,sta_02,397,132,-47.0,36,199,synthetic_telemetry
3.960531,sta_01,396,136,-47.0,36,199,synthetic_telemetry
3.979146,sta_02,399,135,-61.0,36,200,synthetic_telemetry
3.97998,sta_01,398,130,-63.0,36,200,synthetic_telemetry
3.999218,sta_01,400,133,-64.4,36,201,synthetic_telemetry
3.999895,sta_02,401,120,-73.2,36,201,synthetic_telemetry
4.019035,sta_02,403,135,-48.6,36,202,synthetic_telemetry
4.019068,sta_01,402,138,-51.6,36,202,synthetic_telemetry
4.039488,sta_01,404,132,-61.8,36,203,synthetic_telemetry
4.040836,sta_02,405,121,-57.7,36,203,synthetic_telemetry
4.059138,sta_01,406,118,-49.6,36,204,synthetic_telemetry
4.060258,sta_02,407,126,-66.3,36,204,synthetic_telemetry
4.079902,sta_02,409,127,-71.1,36,205,synthetic_telemetry
4.080157,sta_01,408,135,-69.2,36,205,synthetic_telemetry
4.099991,sta_01,410,130,-67.4,36,206,synthetic_telemetry
4.100625,sta_02,411,131,-74.0,36,206,synthetic_telemetry
4.119657,sta_01,412,118,-66.2,36,207,synthetic_telemetry
4.120862,sta_02,413,132,-51.4,36,207,synthetic_telemetry
4.140409,sta_02,415,125,-46.9,36,208,synthetic_telemetry
4.140486,sta_01,414,138,-52.6,36,208,synthetic_telemetry
4.160038,sta_02,417,134,-67.9,36,209,synthetic_telemetry
4.160436,sta_01,416,131,-59.1,36,209,synthetic_telemetry
4.179061,sta_02,419,136,-52.1,36,210,synthetic_telemetry
4.179967,sta_01,418,137,-64.0,36,210,synthetic_telemetry
4.199177,sta_02,421,129,-56.6,36,211,synthetic_telemetry
4.200431,sta_01,420,135,-59.9,36,211,synthetic_telemetry
4.2193,sta_02,423,134,-72.3,36,212,synthetic_telemetry
4.220971,sta_01,422,128,-55.2,36,212,synthetic_telemetry
4.239121,sta_02,425,131,-69.3,36,213,synthetic_telemetry
4.240572,sta_01,424,131,-55.1,36,213,synthetic_telemetry
4.259497,sta_01,426,127,-56.0,36,214,synthetic_telemetry
4.260278,sta_02,427,124,-69.8,36,214,synthetic_telemetry
4.279505,sta_01,428,125,-47.7,36,215,synthetic_telemetry
4.279791,sta_02,429,133,-51.5,36,215,synthetic_telemetry
4.300555,sta_01,430,135,-47.2,36,216,synthetic_telemetry
4.300557,sta_02,431,122,-45.1,36,216,synthetic_telemetry
4.319906,sta_01,432,137,-59.9,36,217,synthetic_telemetry
4.320434,sta_02,433,125,-45.8,36,217,synthetic_telemetry
4.339928,sta_01,434,126,-50.3,36,218,synthetic_telemetry
4.340255,sta_02,435,127,-54.1,36,218,synthetic_telemetry
4.359867,sta_01,436,123,-58.3,36,219,synthetic_telemetry
4.360126,sta_02,437,125,-69.1,36,219,synthetic_telemetry
4.379079,sta_01,438,120,-64.4,36,220,synthetic_telemetry
4.379768,sta_02,439,132,-60.9,36,220,synthetic_telemetry
4.400029,sta_02,441,132,-68.2,36,221,synthetic_telemetry
4.400065,sta_01,440,128,-62.1,36,221,synthetic_telemetry
4.420123,sta_02,443,131,-60.3,36,222,synthetic_telemetry
4.420405,sta_01,442,128,-49.0,36,222,synthetic_telemetry
4.439629,sta_01,444,133,-54.6,36,223,synthetic_telemetry
4.439995,sta_02,445,136,-49.5,36,223,synthetic_telemetry
4.460127,sta_02,447,132,-48.4,36,224,synthetic_telemetry
4.460976,sta_01,446,130,-51.9,36,224,synthetic_telemetry
4.479131,sta_01,448,136,-46.6,36,225,synthetic_telemetry
4.480011,sta_02,449,128,-62.2,36,225,synthetic_telemetry
4.499887,sta_02,451,122,-65.9,36,226,synthetic_telemetry
4.500646,sta_01,450,134,-60.8,36,226,synthetic_telemetry
4.520323,sta_01,452,129,-63.8,36,227,synthetic_telemetry
4.520396,sta_02,453,138,-48.4,36,227,synthetic_telemetry
4.539016,sta_02,455,133,-54.9,36,228,synthetic_telemetry
4.540964,sta_01,454,144,-48.0,36,228,synthetic_telemetry
4.560066,sta_02,457,130,-62.7,36,229,synthetic_telemetry
4.560802,sta_01,456,127,-57.4,36,229,synthetic_telemetry
4.580164,sta_02,459,128,-67.6,36,230,synthetic_telemetry
4.580447,sta_01,458,136,-72.1,36,230,synthetic_telemetry
4.599512,sta_01,460,132,-54.4,36,231,synthetic_telemetry
4.59964,sta_02,461,123,-72.2,36,231,synthetic_telemetry
4.619103,sta_01,462,121,-66.2,36,232,synthetic_telemetry
4.619974,sta_02,463,129,-48.6,36,232,synthetic_telemetry
4.639126,sta_02,465,122,-70.7,36,233,synthetic_telemetry
4.639614,sta_01,464,120,-53.3,36,233,synthetic_telemetry
4.659084,sta_02,467,127,-74.6,36,234,synthetic_telemetry
4.659525,sta_01,466,126,-57.6,36,234,synthetic_telemetry
4.680032,sta_01,468,128,-59.8,36,235,synthetic_telemetry
4.680214,sta_02,469,126,-54.0,36,235,synthetic_telemetry
4.699495,sta_01,470,134,-70.0,36,236,synthetic_telemetry
4.699727,sta_02,471,121,-70.4,36,236,synthetic_telemetry
4.719735,sta_02,473,116,-55.6,36,237,synthetic_telemetry
4.720061,sta_01,472,120,-66.8,36,237,synthetic_telemetry
4.739694,sta_02,475,118,-65.5,36,238,synthetic_telemetry
4.739898,sta_01,474,123,-73.0,36,238,synthetic_telemetry
4.759823,sta_02,477,132,-59.2,36,239,synthetic_telemetry
4.76089,sta_01,476,126,-62.1,36,239,synthetic_telemetry
4.780485,sta_02,479,120,-48.8,36,240,synthetic_telemetry
4.780513,sta_01,478,120,-61.8,36,240,synthetic_telemetry
4.799566,sta_02,481,131,-63.4,36,241,synthetic_telemetry
4.800444,sta_01,480,131,-54.3,36,241,synthetic_telemetry
4.819054,sta_01,482,126,-74.9,36,242,synthetic_telemetry
4.820472,sta_02,483,137,-61.0,36,242,synthetic_telemetry
4.839125,sta_02,485,124,-66.6,36,243,synthetic_telemetry
4.839491,sta_01,484,127,-56.1,36,243,synthetic_telemetry
4.860768,sta_01,486,133,-45.1,36,244,synthetic_telemetry
4.86091,sta_02,487,130,-72.8,36,244,synthetic_telemetry
4.879325,sta_02,489,123,-48.1,36,245,synthetic_telemetry
4.879899,sta_01,488,125,-60.9,36,245,synthetic_telemetry
4.899119,sta_02,491,135,-66.0,36,246,synthetic_telemetry
4.899349,sta_01,490,129,-65.7,36,246,synthetic_telemetry
4.919244,sta_01,492,123,-61.1,36,247,synthetic_telemetry
4.920517,sta_02,493,121,-72.1,36,247,synthetic_telemetry
4.939814,sta_01,494,130,-64.5,36,248,synthetic_telemetry
4.940875,sta_02,495,125,-56.5,36,248,synthetic_telemetry
4.959322,sta_01,496,132,-71.2,36,249,synthetic_telemetry
4.959727,sta_02,497,124,-50.4,36,249,synthetic_telemetry
4.980516,sta_02,499,126,-49.0,36,250,synthetic_telemetry
4.980533,sta_01,498,129,-54.6,36,250,synthetic_telemetry
5.000054,sta_02,501,124,-64.6,36,251,synthetic_telemetry
5.000294,sta_01,500,122,-71.0,36,251,synthetic_telemetry
5.019603,sta_02,503,127,-50.2,36,252,synthetic_telemetry
5.020774,sta_01,502,121,-59.7,36,252,synthetic_telemetry
5.040337,sta_02,505,126,-49.7,36,253,synthetic_telemetry
5.040405,sta_01,504,126,-55.6,36,253,synthetic_telemetry
5.059478,sta_02,507,112,-67.4,36,254,synthetic_telemetry
5.05991,sta_01,506,124,-72.5,36,254,synthetic_telemetry
5.079821,sta_01,508,136,-54.1,36,255,synthetic_telemetry
5.080722,sta_02,509,123,-74.2,36,255,synthetic_telemetry
5.1003,sta_01,510,125,-68.9,36,256,synthetic_telemetry
5.100799,sta_02,511,114,-69.4,36,256,synthetic_telemetry
5.119849,sta_01,512,128,-63.2,36,257,synthetic_telemetry
5.120289,sta_02,513,129,-49.3,36,257,synthetic_telemetry
5.139553,sta_01,514,129,-57.1,36,258,synthetic_telemetry
5.140517,sta_02,515,126,-71.5,36,258,synthetic_telemetry
5.159583,sta_01,516,136,-51.9,36,259,synthetic_telemetry
5.160344,sta_02,517,124,-55.3,36,259,synthetic_telemetry
5.179997,sta_02,519,125,-72.0,36,260,synthetic_telemetry
5.18011,sta_01,518,116,-45.1,36,260,synthetic_telemetry
5.200024,sta_02,521,131,-69.0,36,261,synthetic_telemetry
5.200946,sta_01,520,128,-69.3,36,261,synthetic_telemetry
5.219811,sta_02,523,122,-58.1,36,262,synthetic_telemetry
5.220782,sta_01,522,133,-61.5,36,262,synthetic_telemetry
5.240099,sta_01,524,123,-69.6,36,263,synthetic_telemetry
5.2408,sta_02,525,126,-45.2,36,263,synthetic_telemetry
5.259657,sta_01,526,121,-67.0,36,264,synthetic_telemetry
5.260444,sta_02,527,140,-66.5,36,264,synthetic_telemetry
5.2795,sta_01,528,138,-59.2,36,265,synthetic_telemetry
5.280784,sta_02,529,127,-49.3,36,265,synthetic_telemetry
5.299636,sta_01,530,134,-53.8,36,266,synthetic_telemetry
5.300126,sta_02,531,128,-70.1,36,266,synthetic_telemetry
5.319664,sta_01,532,127,-51.6,36,267,synthetic_telemetry
5.320675,sta_02,533,138,-64.5,36,267,synthetic_telemetry
5.340403,sta_01,534,117,-51.3,36,268,synthetic_telemetry
5.340797,sta_02,535,127,-64.7,36,268,synthetic_telemetry
5.360563,sta_02,537,127,-54.3,36,269,synthetic_telemetry
5.360984,sta_01,536,137,-73.7,36,269,synthetic_telemetry
5.380234,sta_02,539,119,-65.8,36,270,synthetic_telemetry
5.380919,sta_01,538,119,-64.0,36,270,synthetic_telemetry
5.399136,sta_02,541,132,-65.5,36,271,synthetic_telemetry
5.400765,sta_01,540,115,-52.1,36,271,synthetic_telemetry
5.419226,sta_02,543,136,-53.7,36,272,synthetic_telemetry
5.420163,sta_01,542,133,-65.4,36,272,synthetic_telemetry
5.439406,sta_01,544,132,-50.8,36,273,synthetic_telemetry
5.440008,sta_02,545,124,-55.6,36,273,synthetic_telemetry
5.459813,sta_02,547,135,-55.1,36,274,synthetic_telemetry
5.459929,sta_01,546,131,-48.5,36,274,synthetic_telemetry
5.47916,sta_02,549,129,-62.1,36,275,synthetic_telemetry
5.480299,sta_01,548,124,-60.7,36,275,synthetic_telemetry
5.50024,sta_02,551,129,-57.7,36,276,synthetic_telemetry
5.500605,sta_01,550,133,-56.9,36,276,synthetic_telemetry
5.519448,sta_01,552,125,-52.1,36,277,synthetic_telemetry
5.520931,sta_02,553,127,-71.5,36,277,synthetic_telemetry
5.539536,sta_01,554,115,-68.1,36,278,synthetic_telemetry
5.539807,sta_02,555,135,-66.9,36,278,synthetic_telemetry
5.559341,sta_02,557,140,-57.7,36,279,synthetic_telemetry
5.560426,sta_01,556,126,-68.0,36,279,synthetic_telemetry
5.580435,sta_01,558,131,-50.4,36,280,synthetic_telemetry
5.580535,sta_02,559,133,-70.4,36,280,synthetic_telemetry
5.599342,sta_01,560,135,-55.6,36,281,synthetic_telemetry
5.599972,sta_02,561,129,-69.5,36,281,synthetic_telemetry
5.619948,sta_01,562,133,-63.5,36,282,synthetic_telemetry
5.620946,sta_02,563,128,-45.7,36,282,synthetic_telemetry
5.639706,sta_01,564,135,-46.2,36,283,synthetic_telemetry
5.640995,sta_02,565,119,-57.2,36,283,synthetic_telemetry
5.659469,sta_01,566,131,-54.3,36,284,synthetic_telemetry
5.660605,sta_02,567,126,-68.6,36,284,synthetic_telemetry
5.679425,sta_02,569,127,-67.8,36,285,synthetic_telemetry
5.680682,sta_01,568,139,-46.5,36,285,synthetic_telemetry
5.699272,sta_02,571,121,-68.8,36,286,synthetic_telemetry
5.699359,sta_01,570,137,-64.7,36,286,synthetic_telemetry
5.719483,sta_02,573,125,-56.0,36,287,synthetic_telemetry
5.719628,sta_01,572,127,-58.2,36,287,synthetic_telemetry
5.739766,sta_02,575,127,-69.4,36,288,synthetic_telemetry
5.740789,sta_01,574,121,-47.3,36,288,synthetic_telemetry
5.759626,sta_01,576,140,-48.1,36,289,synthetic_telemetry
5.759965,sta_02,577,129,-64.4,36,289,synthetic_telemetry
5.779274,sta_01,578,126,-59.9,36,290,synthetic_telemetry
5.780049,sta_02,579,133,-60.1,36,290,synthetic_telemetry
5.800157,sta_01,580,136,-58.7,36,291,synthetic_telemetry
5.800433,sta_02,581,122,-67.8,36,291,synthetic_telemetry
5.819555,sta_01,582,131,-68.7,36,292,synthetic_telemetry
5.820394,sta_02,583,138,-63.5,36,292,synthetic_telemetry
5.84018,sta_02,585,113,-62.7,36,293,synthetic_telemetry
5.84083,sta_01,584,141,-58.2,36,293,synthetic_telemetry
5.859527,sta_01,586,133,-66.6,36,294,synthetic_telemetry
5.860385,sta_02,587,118,-51.1,36,294,synthetic_telemetry
5.879285,sta_01,588,112,-47.8,36,295,synthetic_telemetry
5.880297,sta_02,589,129,-74.1,36,295,synthetic_telemetry
5.899857,sta_02,591,131,-62.3,36,296,synthetic_telemetry
5.900165,sta_01,590,124,-72.5,36,296,synthetic_telemetry
5.92039,sta_01,592,132,-66.5,36,297,synthetic_telemetry
5.920625,sta_02,593,128,-46.5,36,297,synthetic_telemetry
5.939148,sta_02,595,119,-57.2,36,298,synthetic_telemetry
5.93967,sta_01,594,133,-55.5,36,298,synthetic_telemetry
5.96077,sta_02,597,133,-59.8,36,299,synthetic_telemetry
5.960934,sta_01,596,140,-47.5,36,299,synthetic_telemetry
5.979937,sta_01,598,133,-69.2,36,300,synthetic_telemetry
5.980951,sta_02,599,127,-67.3,36,300,synthetic_telemetry
5.99953,sta_01,600,121,-51.9,36,301,synthetic_telemetry
6.000861,sta_02,601,134,-55.4,36,301,synthetic_telemetry
6.02023,sta_01,602,132,-59.0,36,302,synthetic_telemetry
6.020372,sta_02,603,129,-62.8,36,302,synthetic_telemetry
6.039012,sta_02,605,123,-70.5,36,303,synthetic_telemetry
6.040106,sta_01,604,120,-59.9,36,303,synthetic_telemetry
6.059457,sta_01,606,131,-61.7,36,304,synthetic_telemetry
6.06031,sta_02,607,137,-69.7,36,304,synthetic_telemetry
6.079359,sta_02,609,121,-67.2,36,305,synthetic_telemetry
6.079401,sta_01,608,124,-74.6,36,305,synthetic_telemetry
6.099267,sta_02,611,126,-51.0,36,306,synthetic_telemetry
6.100192,sta_01,610,123,-45.1,36,306,synthetic_telemetry
6.119931,sta_01,612,122,-62.0,36,307,synthetic_telemetry
6.120596,sta_02,613,123,-58.5,36,307,synthetic_telemetry
6.139117,sta_01,614,122,-59.2,36,308,synthetic_telemetry
6.139513,sta_02,615,128,-53.0,36,308,synthetic_telemetry
6.159088,sta_02,617,121,-57.8,36,309,synthetic_telemetry
6.159142,sta_01,616,133,-66.9,36,309,synthetic_telemetry
6.18045,sta_01,618,134,-47.6,36,310,synthetic_telemetry
6.180652,sta_02,619,124,-69.2,36,310,synthetic_telemetry
6.199008,sta_02,621,128,-60.4,36,311,synthetic_telemetry
6.200983,sta_01,620,115,-54.5,36,311,synthetic_telemetry
6.219798,sta_02,623,126,-47.5,36,312,synthetic_telemetry
6.220451,sta_01,622,131,-59.3,36,312,synthetic_telemetry
6.239148,sta_01,624,121,-54.0,36,313,synthetic_telemetry
6.239935,sta_02,625,119,-49.4,36,313,synthetic_telemetry
6.26041,sta_01,626,129,-54.0,36,314,synthetic_telemetry
6.260466,sta_02,627,125,-46.7,36,314,synthetic_telemetry
6.280512,sta_01,628,129,-59.6,36,315,synthetic_telemetry
6.280843,sta_02,629,117,-68.4,36,315,synthetic_telemetry
6.299338,sta_01,630,134,-64.3,36,316,synthetic_telemetry
6.300577,sta_02,631,117,-55.8,36,316,synthetic_telemetry
6.319302,sta_02,633,127,-56.2,36,317,synthetic_telemetry
6.320902,sta_01,632,125,-64.0,36,317,synthetic_telemetry
6.340407,sta_01,634,131,-66.7,36,318,synthetic_telemetry
6.340476,sta_02,635,125,-54.3,36,318,synthetic_telemetry
6.360577,sta_01,636,128,-46.0,36,319,synthetic_telemetry
6.360894,sta_02,637,130,-68.6,36,319,synthetic_telemetry
6.379868,sta_02,639,112,-66.7,36,320,synthetic_telemetry
6.380828,sta_01,638,125,-73.8,36,320,synthetic_telemetry
6.399242,sta_02,641,131,-71.0,36,321,synthetic_telemetry
6.400604,sta_01,640,113,-46.9,36,321,synthetic_telemetry
6.420184,sta_02,643,127,-71.2,36,322,synthetic_telemetry
6.420656,sta_01,642,138,-75.0,36,322,synthetic_telemetry
6.439674,sta_02,645,136,-58.5,36,323,synthetic_telemetry
6.440876,sta_01,644,126,-56.1,36,323,synthetic_telemetry
6.460103,sta_01,646,132,-52.7,36,324,synthetic_telemetry
6.460725,sta_02,647,135,-60.7,36,324,synthetic_telemetry
6.479446,sta_01,648,138,-50.4,36,325,synthetic_telemetry
6.480972,sta_02,649,134,-68.3,36,325,synthetic_telemetry
6.500113,sta_02,651,123,-59.0,36,326,synthetic_telemetry
6.500659,sta_01,650,128,-65.4,36,326,synthetic_telemetry
6.520168,sta_02,653,123,-63.4,36,327,synthetic_telemetry
6.520685,sta_01,652,131,-62.4,36,327,synthetic_telemetry
6.539608,sta_01,654,122,-70.5,36,328,synthetic_telemetry
6.540116,sta_02,655,135,-55.1,36,328,synthetic_telemetry
6.559821,sta_01,656,121,-72.9,36,329,synthetic_telemetry
6.560396,sta_02,657,129,-67.6,36,329,synthetic_telemetry
6.580655,sta_01,658,127,-65.5,36,330,synthetic_telemetry
6.580737,sta_02,659,127,-54.0,36,330,synthetic_telemetry
6.599027,sta_01,660,127,-69.5,36,331,synthetic_telemetry
6.600216,sta_02,661,124,-67.4,36,331,synthetic_telemetry
6.619793,sta_02,663,127,-72.0,36,332,synthetic_telemetry
6.620461,sta_01,662,131,-60.9,36,332,synthetic_telemetry
6.639249,sta_01,664,129,-51.3,36,333,synthetic_telemetry
6.639647,sta_02,665,128,-69.3,36,333,synthetic_telemetry
6.659863,sta_01,666,124,-52.8,36,334,synthetic_telemetry
6.660858,sta_02,667,124,-46.8,36,334,synthetic_telemetry
6.680883,sta_01,668,129,-74.3,36,335,synthetic_telemetry
6.68089,sta_02,669,121,-55.2,36,335,synthetic_telemetry
6.699114,sta_01,670,129,-66.2,36,336,synthetic_telemetry
6.700667,sta_02,671,122,-53.8,36,336,synthetic_telemetry
6.719012,sta_01,672,119,-61.6,36,337,synthetic_telemetry
6.720795,sta_02,673,131,-59.7,36,337,synthetic_telemetry
6.739775,sta_01,674,123,-72.0,36,338,synthetic_telemetry
6.740398,sta_02,675,131,-45.8,36,338,synthetic_telemetry
6.759968,sta_02,677,123,-68.6,36,339,synthetic_telemetry
6.759998,sta_01,676,135,-48.4,36,339,synthetic_telemetry
6.779003,sta_02,679,131,-49.0,36,340,synthetic_telemetry
6.780766,sta_01,678,122,-68.4,36,340,synthetic_telemetry
6.799428,sta_01,680,126,-57.5,36,341,synthetic_telemetry
6.799964,sta_02,681,134,-54.8,36,341,synthetic_telemetry
6.81996,sta_02,683,126,-68.7,36,342,synthetic_telemetry
6.820232,sta_01,682,125,-45.9,36,342,synthetic_telemetry
6.839216,sta_02,685,125,-56.2,36,343,synthetic_telemetry
6.840698,sta_01,684,127,-65.6,36,343,synthetic_telemetry
6.85952,sta_02,687,126,-55.1,36,344,synthetic_telemetry
6.860363,sta_01,686,126,-66.5,36,344,synthetic_telemetry
6.879034,sta_01,688,134,-62.0,36,345,synthetic_telemetry
6.879632,sta_02,689,130,-51.0,36,345,synthetic_telemetry
6.899336,sta_02,691,125,-48.0,36,346,synthetic_telemetry
6.900796,sta_01,690,133,-61.6,36,346,synthetic_telemetry
6.919614,sta_01,692,135,-69.1,36,347,synthetic_telemetry
6.919767,sta_02,693,128,-62.8,36,347,synthetic_telemetry
6.939761,sta_02,695,117,-59.3,36,348,synthetic_telemetry
6.940391,sta_01,694,131,-63.0,36,348,synthetic_telemetry
6.960137,sta_01,696,133,-58.2,36,349,synthetic_telemetry
6.96014,sta_02,697,124,-57.5,36,349,synthetic_telemetry
6.979901,sta_01,698,131,-66.8,36,350,synthetic_telemetry
6.980851,sta_02,699,132,-53.9,36,350,synthetic_telemetry
6.999839,sta_02,701,133,-72.5,36,351,synthetic_telemetry
7.000886,sta_01,700,127,-60.1,36,351,synthetic_telemetry
7.019757,sta_02,703,124,-53.2,36,352,synthetic_telemetry
7.020719,sta_01,702,122,-57.1,36,352,synthetic_telemetry
7.039729,sta_01,704,132,-69.0,36,353,synthetic_telemetry
7.040039,sta_02,705,119,-70.2,36,353,synthetic_telemetry
7.060144,sta_02,707,132,-58.7,36,354,synthetic_telemetry
7.060241,sta_01,706,124,-69.4,36,354,synthetic_telemetry
7.080601,sta_01,708,126,-67.9,36,355,synthetic_telemetry
7.08079,sta_02,709,119,-51.5,36,355,synthetic_telemetry
7.100182,sta_02,711,123,-57.7,36,356,synthetic_telemetry
7.100769,sta_01,710,130,-47.8,36,356,synthetic_telemetry
7.119889,sta_02,713,123,-60.2,36,357,synthetic_telemetry
7.120611,sta_01,712,133,-48.9,36,357,synthetic_telemetry
7.139056,sta_01,714,129,-74.0,36,358,synthetic_telemetry
7.140853,sta_02,715,140,-61.0,36,358,synthetic_telemetry
7.159347,sta_02,717,135,-65.8,36,359,synthetic_telemetry
7.160807,sta_01,716,119,-68.8,36,359,synthetic_telemetry
7.180275,sta_01,718,126,-49.4,36,360,synthetic_telemetry
7.180977,sta_02,719,130,-73.5,36,360,synthetic_telemetry
7.199303,sta_02,721,135,-64.1,36,361,synthetic_telemetry
7.19961,sta_01,720,130,-65.8,36,361,synthetic_telemetry
7.220023,sta_02,723,128,-49.2,36,362,synthetic_telemetry
7.220435,sta_01,722,120,-48.0,36,362,synthetic_telemetry
7.240169,sta_02,725,119,-48.7,36,363,synthetic_telemetry
7.2408,sta_01,724,121,-59.1,36,363,synthetic_telemetry
7.259077,sta_02,727,140,-68.8,36,364,synthetic_telemetry
7.260915,sta_01,726,127,-70.0,36,364,synthetic_telemetry
7.279576,sta_02,729,127,-69.2,36,365,synthetic_telemetry
7.280568,sta_01,728,114,-64.1,36,365,synthetic_telemetry
7.300664,sta_02,731,125,-50.2,36,366,synthetic_telemetry
7.300877,sta_01,730,120,-58.1,36,366,synthetic_telemetry
7.319883,sta_02,733,128,-69.8,36,367,synthetic_telemetry
7.320004,sta_01,732,124,-72.8,36,367,synthetic_telemetry
7.339048,sta_01,734,120,-47.5,36,368,synthetic_telemetry
7.339807,sta_02,735,131,-57.4,36,368,synthetic_telemetry
7.359323,sta_01,736,120,-54.7,36,369,synthetic_telemetry
7.35972,sta_02,737,131,-63.2,36,369,synthetic_telemetry
7.37913,sta_02,739,139,-60.7,36,370,synthetic_telemetry
7.379561,sta_01,738,132,-56.3,36,370,synthetic_telemetry
7.399442,sta_01,740,126,-55.6,36,371,synthetic_telemetry
7.400289,sta_02,741,127,-73.8,36,371,synthetic_telemetry
7.419726,sta_01,742,130,-59.3,36,372,synthetic_telemetry
7.419988,sta_02,743,146,-48.3,36,372,synthetic_telemetry
7.439971,sta_01,744,126,-70.7,36,373,synthetic_telemetry
7.440074,sta_02,745,124,-48.8,36,373,synthetic_telemetry
7.45947,sta_01,746,122,-70.1,36,374,synthetic_telemetry
7.459642,sta_02,747,138,-57.0,36,374,synthetic_telemetry
7.479309,sta_01,748,116,-55.3,36,375,synthetic_telemetry
7.480705,sta_02,749,133,-59.2,36,375,synthetic_telemetry
7.499516,sta_02,751,125,-67.9,36,376,synthetic_telemetry
7.499634,sta_01,750,114,-66.6,36,376,synthetic_telemetry
7.519627,sta_02,753,121,-59.3,36,377,synthetic_telemetry
7.519786,sta_01,752,130,-56.4,36,377,synthetic_telemetry
7.53946,sta_02,755,125,-69.6,36,378,synthetic_telemetry
7.539559,sta_01,754,129,-51.4,36,378,synthetic_telemetry
7.559688,sta_02,757,137,-61.7,36,379,synthetic_telemetry
7.560133,sta_01,756,121,-58.6,36,379,synthetic_telemetry
7.579616,sta_01,758,128,-55.3,36,380,synthetic_telemetry
7.580739,sta_02,759,116,-69.8,36,380,synthetic_telemetry
7.600279,sta_02,761,128,-45.8,36,381,synthetic_telemetry
7.600735,sta_01,760,127,-45.0,36,381,synthetic_telemetry
7.619612,sta_01,762,124,-69.7,36,382,synthetic_telemetry
7.620023,sta_02,763,130,-62.8,36,382,synthetic_telemetry
7.639602,sta_02,765,121,-69.6,36,383,synthetic_telemetry
7.640401,sta_01,764,126,-71.9,36,383,synthetic_telemetry
7.660912,sta_01,766,126,-70.8,36,384,synthetic_telemetry
7.660955,sta_02,767,127,-63.7,36,384,synthetic_telemetry
7.679022,sta_02,769,115,-49.2,36,385,synthetic_telemetry
7.679535,sta_01,768,122,-57.4,36,385,synthetic_telemetry
7.699082,sta_01,770,122,-68.8,36,386,synthetic_telemetry
7.700227,sta_02,771,137,-55.7,36,386,synthetic_telemetry
7.719549,sta_02,773,131,-62.8,36,387,synthetic_telemetry
7.72082,sta_01,772,126,-54.1,36,387,synthetic_telemetry
7.739042,sta_02,775,136,-61.4,36,388,synthetic_telemetry
7.739334,sta_01,774,140,-74.7,36,388,synthetic_telemetry
7.759442,sta_01,776,133,-68.6,36,389,synthetic_telemetry
7.759857,sta_02,777,133,-67.1,36,389,synthetic_telemetry
7.77953,sta_01,778,126,-48.9,36,390,synthetic_telemetry
7.780321,sta_02,779,127,-45.2,36,390,synthetic_telemetry
7.799083,sta_02,781,134,-63.5,36,391,synthetic_telemetry
7.800389,sta_01,780,141,-55.2,36,391,synthetic_telemetry
7.819511,sta_01,782,128,-68.6,36,392,synthetic_telemetry
7.820291,sta_02,783,119,-67.5,36,392,synthetic_telemetry
7.839458,sta_02,785,122,-72.1,36,393,synthetic_telemetry
7.840336,sta_01,784,123,-55.0,36,393,synthetic_telemetry
7.859853,sta_02,787,119,-70.7,36,394,synthetic_telemetry
7.860442,sta_01,786,125,-64.9,36,394,synthetic_telemetry
7.879268,sta_01,788,125,-49.1,36,395,synthetic_telemetry
7.880536,sta_02,789,138,-67.8,36,395,synthetic_telemetry
7.899198,sta_01,790,133,-67.3,36,396,synthetic_telemetry
7.899671,sta_02,791,127,-70.1,36,396,synthetic_telemetry
7.920131,sta_02,793,125,-53.6,36,397,synthetic_telemetry
7.920869,sta_01,792,121,-58.1,36,397,synthetic_telemetry
7.939373,sta_01,794,134,-67.1,36,398,synthetic_telemetry
7.939789,sta_02,795,124,-73.5,36,398,synthetic_telemetry
7.959671,sta_02,797,129,-61.5,36,399,synthetic_telemetry
7.959693,sta_01,796,122,-50.7,36,399,synthetic_telemetry
7.979656,sta_02,799,132,-54.8,36,400,synthetic_telemetry
7.980802,sta_01,798,141,-57.1,36,400,synthetic_telemetry
8.000071,sta_02,801,134,-73.2,36,401,synthetic_telemetry
8.000563,sta_01,800,123,-51.9,36,401,synthetic_telemetry
8.019266,sta_01,802,129,-58.6,36,402,synthetic_telemetry
8.020112,sta_02,803,137,-70.1,36,402,synthetic_telemetry
8.039121,sta_02,805,127,-45.6,36,403,synthetic_telemetry
8.040233,sta_01,804,132,-59.0,36,403,synthetic_telemetry
8.059956,sta_02,807,125,-53.7,36,404,synthetic_telemetry
8.060616,sta_01,806,126,-64.3,36,404,synthetic_telemetry
8.079083,sta_02,809,140,-65.3,36,405,synthetic_telemetry
8.080426,sta_01,808,133,-52.8,36,405,synthetic_telemetry
8.099498,sta_01,810,122,-68.6,36,406,synthetic_telemetry
8.100283,sta_02,811,132,-46.4,36,406,synthetic_telemetry
8.119377,sta_01,812,132,-58.5,36,407,synthetic_telemetry
8.120634,sta_02,813,130,-47.3,36,407,synthetic_telemetry
8.140028,sta_01,814,125,-74.7,36,408,synthetic_telemetry
8.140225,sta_02,815,130,-67.0,36,408,synthetic_telemetry
8.159044,sta_01,816,123,-49.3,36,409,synthetic_telemetry
8.159975,sta_02,817,129,-61.1,36,409,synthetic_telemetry
8.1794,sta_01,818,123,-63.0,36,410,synthetic_telemetry
8.180647,sta_02,819,125,-59.6,36,410,synthetic_telemetry
8.199963,sta_01,820,129,-49.7,36,411,synthetic_telemetry
8.200495,sta_02,821,125,-52.9,36,411,synthetic_telemetry
8.219761,sta_02,823,119,-50.0,36,412,synthetic_telemetry
8.219822,sta_01,822,133,-52.3,36,412,synthetic_telemetry
8.23904,sta_02,825,121,-70.2,36,413,synthetic_telemetry
8.240706,sta_01,824,131,-57.2,36,413,synthetic_telemetry
8.259575,sta_01,826,118,-54.5,36,414,synthetic_telemetry
8.259794,sta_02,827,134,-68.2,36,414,synthetic_telemetry
8.279413,sta_02,829,136,-65.8,36,415,synthetic_telemetry
8.279783,sta_01,828,120,-60.7,36,415,synthetic_telemetry
8.299606,sta_02,831,132,-60.7,36,416,synthetic_telemetry
8.300205,sta_01,830,118,-64.1,36,416,synthetic_telemetry
8.320032,sta_02,833,144,-48.9,36,417,synthetic_telemetry
8.320484,sta_01,832,131,-48.3,36,417,synthetic_telemetry
8.34022,sta_01,834,135,-49.7,36,418,synthetic_telemetry
8.340883,sta_02,835,130,-63.8,36,418,synthetic_telemetry
8.359214,sta_02,837,129,-56.3,36,419,synthetic_telemetry
8.360601,sta_01,836,124,-56.4,36,419,synthetic_telemetry
8.379164,sta_02,839,128,-64.3,36,420,synthetic_telemetry
8.379238,sta_01,838,127,-49.3,36,420,synthetic_telemetry
8.400145,sta_02,841,127,-53.1,36,421,synthetic_telemetry
8.400302,sta_01,840,119,-49.1,36,421,synthetic_telemetry
8.419632,sta_02,843,124,-57.9,36,422,synthetic_telemetry
8.420485,sta_01,842,135,-47.6,36,422,synthetic_telemetry
8.439674,sta_02,845,133,-74.5,36,423,synthetic_telemetry
8.440046,sta_01,844,134,-46.6,36,423,synthetic_telemetry
8.459681,sta_01,846,131,-56.4,36,424,synthetic_telemetry
8.460374,sta_02,847,128,-64.3,36,424,synthetic_telemetry
8.479637,sta_02,849,122,-59.9,36,425,synthetic_telemetry
8.480281,sta_01,848,128,-60.3,36,425,synthetic_telemetry
8.500789,sta_02,851,122,-47.0,36,426,synthetic_telemetry
8.500855,sta_01,850,127,-62.9,36,426,synthetic_telemetry
8.5193,sta_02,853,120,-63.3,36,427,synthetic_telemetry
8.519665,sta_01,852,127,-49.8,36,427,synthetic_telemetry
8.539404,sta_02,855,139,-70.1,36,428,synthetic_telemetry
8.540429,sta_01,854,115,-70.6,36,428,synthetic_telemetry
8.55948,sta_02,857,125,-46.4,36,429,synthetic_telemetry
8.560829,sta_01,856,135,-73.7,36,429,synthetic_telemetry
8.580165,sta_02,859,129,-58.5,36,430,synthetic_telemetry
8.580893,sta_01,858,126,-51.5,36,430,synthetic_telemetry
8.599347,sta_01,860,124,-71.3,36,431,synthetic_telemetry
8.600104,sta_02,861,133,-70.4,36,431,synthetic_telemetry
8.619133,sta_02,863,130,-50.5,36,432,synthetic_telemetry
8.619167,sta_01,862,124,-52.1,36,432,synthetic_telemetry
8.640041,sta_02,865,115,-50.4,36,433,synthetic_telemetry
8.640495,sta_01,864,125,-64.6,36,433,synthetic_telemetry
8.659222,sta_01,866,118,-65.8,36,434,synthetic_telemetry
8.660159,sta_02,867,117,-72.6,36,434,synthetic_telemetry
8.680204,sta_02,869,128,-69.6,36,435,synthetic_telemetry
8.680571,sta_01,868,127,-64.8,36,435,synthetic_telemetry
8.700368,sta_02,871,125,-49.9,36,436,synthetic_telemetry
8.70078,sta_01,870,121,-51.6,36,436,synthetic_telemetry
8.719804,sta_01,872,131,-55.9,36,437,synthetic_telemetry
8.720001,sta_02,873,126,-55.8,36,437,synthetic_telemetry
8.739321,sta_02,875,138,-52.4,36,438,synthetic_telemetry
8.740341,sta_01,874,128,-61.6,36,438,synthetic_telemetry
8.760455,sta_02,877,112,-72.6,36,439,synthetic_telemetry
8.760748,sta_01,876,131,-45.8,36,439,synthetic_telemetry
8.77922,sta_01,878,116,-60.8,36,440,synthetic_telemetry
8.779393,sta_02,879,116,-54.1,36,440,synthetic_telemetry
8.799272,sta_01,880,124,-59.1,36,441,synthetic_telemetry
8.800006,sta_02,881,137,-50.2,36,441,synthetic_telemetry
8.820149,sta_01,882,134,-55.6,36,442,synthetic_telemetry
8.820276,sta_02,883,117,-48.9,36,442,synthetic_telemetry
8.840633,sta_01,884,123,-54.6,36,443,synthetic_telemetry
8.840702,sta_02,885,133,-48.7,36,443,synthetic_telemetry
8.859947,sta_02,887,127,-50.2,36,444,synthetic_telemetry
8.860829,sta_01,886,131,-66.5,36,444,synthetic_telemetry
8.879289,sta_02,889,130,-49.0,36,445,synthetic_telemetry
8.880263,sta_01,888,133,-54.3,36,445,synthetic_telemetry
8.900593,sta_01,890,115,-52.9,36,446,synthetic_telemetry
8.900967,sta_02,891,111,-59.4,36,446,synthetic_telemetry
8.920134,sta_01,892,129,-74.3,36,447,synthetic_telemetry
8.920773,sta_02,893,118,-73.4,36,447,synthetic_telemetry
8.939865,sta_02,895,124,-52.7,36,448,synthetic_telemetry
8.940093,sta_01,894,130,-65.0,36,448,synthetic_telemetry
8.959617,sta_02,897,129,-68.9,36,449,synthetic_telemetry
8.960421,sta_01,896,111,-62.2,36,449,synthetic_telemetry
8.979312,sta_02,899,134,-47.3,36,450,synthetic_telemetry
8.979316,sta_01,898,124,-49.4,36,450,synthetic_telemetry
8.999655,sta_02,901,130,-63.4,36,451,synthetic_telemetry
8.999756,sta_01,900,132,-69.3,36,451,synthetic_telemetry
9.020438,sta_02,903,132,-58.1,36,452,synthetic_telemetry
9.020938,sta_01,902,127,-68.6,36,452,synthetic_telemetry
9.039849,sta_01,904,122,-52.4,36,453,synthetic_telemetry
9.040638,sta_02,905,132,-60.0,36,453,synthetic_telemetry
9.059984,sta_02,907,125,-60.7,36,454,synthetic_telemetry
9.060972,sta_01,906,135,-49.6,36,454,synthetic_telemetry
9.080032,sta_02,909,125,-58.6,36,455,synthetic_telemetry
9.080151,sta_01,908,133,-62.8,36,455,synthetic_telemetry
9.099,sta_01,910,117,-59.4,36,456,synthetic_telemetry
9.099211,sta_02,911,132,-54.5,36,456,synthetic_telemetry
9.119261,sta_01,912,135,-58.3,36,457,synthetic_telemetry
9.120202,sta_02,913,128,-74.0,36,457,synthetic_telemetry
9.139654,sta_01,914,125,-50.9,36,458,synthetic_telemetry
9.139872,sta_02,915,118,-62.4,36,458,synthetic_telemetry
9.159684,sta_01,916,132,-62.4,36,459,synthetic_telemetry
9.160134,sta_02,917,129,-64.4,36,459,synthetic_telemetry
9.179419,sta_01,918,120,-46.8,36,460,synthetic_telemetry
9.180756,sta_02,919,124,-59.1,36,460,synthetic_telemetry
9.199067,sta_01,920,121,-73.0,36,461,synthetic_telemetry
9.199974,sta_02,921,128,-60.7,36,461,synthetic_telemetry
9.219162,sta_01,922,122,-64.9,36,462,synthetic_telemetry
9.220798,sta_02,923,126,-48.8,36,462,synthetic_telemetry
9.239591,sta_01,924,120,-56.9,36,463,synthetic_telemetry
9.240357,sta_02,925,122,-60.6,36,463,synthetic_telemetry
9.259704,sta_02,927,140,-65.7,36,464,synthetic_telemetry
9.260835,sta_01,926,126,-54.3,36,464,synthetic_telemetry
9.279973,sta_02,929,129,-71.7,36,465,synthetic_telemetry
9.280131,sta_01,928,131,-54.1,36,465,synthetic_telemetry
9.299595,sta_01,930,123,-50.3,36,466,synthetic_telemetry
9.300949,sta_02,931,123,-53.9,36,466,synthetic_telemetry
9.319156,sta_01,932,114,-64.5,36,467,synthetic_telemetry
9.320603,sta_02,933,129,-70.1,36,467,synthetic_telemetry
9.340254,sta_02,935,121,-51.5,36,468,synthetic_telemetry
9.340544,sta_01,934,116,-50.5,36,468,synthetic_telemetry
9.359506,sta_02,937,120,-57.9,36,469,synthetic_telemetry
9.360561,sta_01,936,125,-49.0,36,469,synthetic_telemetry
9.38019,sta_02,939,126,-68.9,36,470,synthetic_telemetry
9.380292,sta_01,938,130,-68.1,36,470,synthetic_telemetry
9.400372,sta_02,941,128,-48.0,36,471,synthetic_telemetry
9.400437,sta_01,940,123,-45.9,36,471,synthetic_telemetry
9.419934,sta_01,942,128,-70.2,36,472,synthetic_telemetry
9.420068,sta_02,943,137,-63.3,36,472,synthetic_telemetry
9.439493,sta_02,945,134,-54.8,36,473,synthetic_telemetry
9.440932,sta_01,944,135,-70.7,36,473,synthetic_telemetry
9.459562,sta_01,946,116,-73.4,36,474,synthetic_telemetry
9.459709,sta_02,947,126,-52.1,36,474,synthetic_telemetry
9.480639,sta_01,948,117,-52.3,36,475,synthetic_telemetry
9.480817,sta_02,949,136,-72.8,36,475,synthetic_telemetry
9.499856,sta_02,951,114,-62.3,36,476,synthetic_telemetry
9.500489,sta_01,950,119,-48.8,36,476,synthetic_telemetry
9.519522,sta_01,952,127,-72.4,36,477,synthetic_telemetry
9.519619,sta_02,953,129,-63.8,36,477,synthetic_telemetry
9.539484,sta_01,954,132,-49.5,36,478,synthetic_telemetry
9.540064,sta_02,955,123,-48.0,36,478,synthetic_telemetry
9.559544,sta_01,956,129,-47.0,36,479,synthetic_telemetry
9.560834,sta_02,957,117,-73.6,36,479,synthetic_telemetry
9.579426,sta_01,958,122,-48.9,36,480,synthetic_telemetry
9.580526,sta_02,959,114,-62.1,36,480,synthetic_telemetry
9.599134,sta_02,961,136,-69.8,36,481,synthetic_telemetry
9.599354,sta_01,960,135,-58.8,36,481,synthetic_telemetry
9.619497,sta_02,963,135,-56.0,36,482,synthetic_telemetry
9.620035,sta_01,962,134,-58.6,36,482,synthetic_telemetry
9.639703,sta_01,964,129,-54.4,36,483,synthetic_telemetry
9.639848,sta_02,965,137,-50.5,36,483,synthetic_telemetry
9.660344,sta_02,967,120,-74.0,36,484,synthetic_telemetry
9.660676,sta_01,966,142,-59.1,36,484,synthetic_telemetry
9.67958,sta_01,968,129,-46.9,36,485,synthetic_telemetry
9.679631,sta_02,969,126,-57.5,36,485,synthetic_telemetry
9.699384,sta_02,971,130,-72.5,36,486,synthetic_telemetry
9.700726,sta_01,970,121,-71.4,36,486,synthetic_telemetry
9.71912,sta_01,972,122,-50.3,36,487,synthetic_telemetry
9.720354,sta_02,973,134,-65.9,36,487,synthetic_telemetry
9.739633,sta_01,974,125,-58.9,36,488,synthetic_telemetry
9.739833,sta_02,975,129,-56.8,36,488,synthetic_telemetry
9.759064,sta_02,977,128,-57.6,36,489,synthetic_telemetry
9.7601,sta_01,976,129,-66.3,36,489,synthetic_telemetry
9.779007,sta_01,978,133,-74.1,36,490,synthetic_telemetry
9.780488,sta_02,979,135,-55.5,36,490,synthetic_telemetry
9.799448,sta_02,981,126,-64.6,36,491,synthetic_telemetry
9.800801,sta_01,980,123,-69.1,36,491,synthetic_telemetry
9.820146,sta_01,982,124,-73.9,36,492,synthetic_telemetry
9.820266,sta_02,983,130,-51.7,36,492,synthetic_telemetry
9.839791,sta_01,984,135,-62.9,36,493,synthetic_telemetry
9.840495,sta_02,985,138,-56.7,36,493,synthetic_telemetry
9.860548,sta_01,986,136,-59.0,36,494,synthetic_telemetry
9.860708,sta_02,987,130,-55.4,36,494,synthetic_telemetry
9.879232,sta_01,988,124,-63.8,36,495,synthetic_telemetry
9.879806,sta_02,989,139,-69.1,36,495,synthetic_telemetry
9.899787,sta_02,991,122,-64.7,36,496,synthetic_telemetry
9.900828,sta_01,990,134,-69.0,36,496,synthetic_telemetry
9.919492,sta_01,992,134,-63.1,36,497,synthetic_telemetry
9.920429,sta_02,993,129,-58.8,36,497,synthetic_telemetry
9.939298,sta_02,995,125,-69.9,36,498,synthetic_telemetry
9.939417,sta_01,994,111,-74.4,36,498,synthetic_telemetry
9.959177,sta_02,997,127,-55.5,36,499,synthetic_telemetry
9.960238,sta_01,996,134,-46.6,36,499,synthetic_telemetry
9.98025,sta_01,998,124,-47.7,36,500,synthetic_telemetry
9.980833,sta_02,999,134,-56.5,36,500,synthetic_telemetry
9.999339,sta_01,1000,120,-57.8,36,501,synthetic_telemetry
9.999837,sta_02,1001,122,-54.0,36,501,synthetic_telemetry
10.019146,sta_01,1002,125,-48.1,36,502,synthetic_telemetry
10.020057,sta_02,1003,124,-52.3,36,502,synthetic_telemetry
10.039277,sta_01,1004,110,-60.9,36,503,synthetic_telemetry
10.040784,sta_02,1005,126,-55.8,36,503,synthetic_telemetry
10.05943,sta_02,1007,137,-57.7,36,504,synthetic_telemetry
10.060878,sta_01,1006,130,-66.0,36,504,synthetic_telemetry
10.079669,sta_01,1008,135,-60.7,36,505,synthetic_telemetry
10.080089,sta_02,1009,124,-52.2,36,505,synthetic_telemetry
10.099099,sta_02,1011,130,-69.5,36,506,synthetic_telemetry
10.100719,sta_01,1010,139,-69.4,36,506,synthetic_telemetry
10.119127,sta_02,1013,120,-58.6,36,507,synthetic_telemetry
10.119379,sta_01,1012,122,-56.5,36,507,synthetic_telemetry
10.139587,sta_01,1014,118,-53.1,36,508,synthetic_telemetry
10.140549,sta_02,1015,133,-63.0,36,508,synthetic_telemetry
10.159847,sta_02,1017,120,-66.0,36,509,synthetic_telemetry
10.159902,sta_01,1016,136,-60.6,36,509,synthetic_telemetry
10.179026,sta_01,1018,132,-67.5,36,510,synthetic_telemetry
10.179167,sta_02,1019,126,-60.4,36,510,synthetic_telemetry
10.199354,sta_01,1020,129,-63.4,36,511,synthetic_telemetry
10.200879,sta_02,1021,131,-55.3,36,511,synthetic_telemetry
10.219678,sta_01,1022,127,-50.7,36,512,synthetic_telemetry
10.220543,sta_02,1023,133,-60.1,36,512,synthetic_telemetry
10.23938,sta_02,1025,131,-51.8,36,513,synthetic_telemetry
10.239861,sta_01,1024,118,-67.6,36,513,synthetic_telemetry
10.260354,sta_02,1027,125,-55.0,36,514,synthetic_telemetry
10.260632,sta_01,1026,118,-63.2,36,514,synthetic_telemetry
10.280016,sta_02,1029,127,-69.1,36,515,synthetic_telemetry
10.280948,sta_01,1028,126,-68.2,36,515,synthetic_telemetry
10.30032,sta_02,1031,123,-62.6,36,516,synthetic_telemetry
10.300575,sta_01,1030,126,-59.1,36,516,synthetic_telemetry
10.319353,sta_02,1033,122,-62.3,36,517,synthetic_telemetry
10.320657,sta_01,1032,123,-50.6,36,517,synthetic_telemetry
10.339039,sta_01,1034,115,-66.9,36,518,synthetic_telemetry
10.340366,sta_02,1035,129,-51.2,36,518,synthetic_telemetry
10.360174,sta_02,1037,125,-67.3,36,519,synthetic_telemetry
10.360327,sta_01,1036,127,-67.8,36,519,synthetic_telemetry
10.379115,sta_02,1039,129,-50.1,36,520,synthetic_telemetry
10.379889,sta_01,1038,126,-59.6,36,520,synthetic_telemetry
10.399151,sta_01,1040,139,-68.2,36,521,synthetic_telemetry
10.400729,sta_02,1041,126,-69.1,36,521,synthetic_telemetry
10.419193,sta_01,1042,130,-67.6,36,522,synthetic_telemetry
10.419826,sta_02,1043,122,-56.4,36,522,synthetic_telemetry
10.439923,sta_02,1045,115,-45.0,36,523,synthetic_telemetry
10.440745,sta_01,1044,134,-58.0,36,523,synthetic_telemetry
10.459285,sta_01,1046,118,-67.2,36,524,synthetic_telemetry
10.460384,sta_02,1047,125,-52.9,36,524,synthetic_telemetry
10.479478,sta_02,1049,124,-64.7,36,525,synthetic_telemetry
10.479947,sta_01,1048,121,-58.5,36,525,synthetic_telemetry
10.499082,sta_02,1051,127,-74.1,36,526,synthetic_telemetry
10.499431,sta_01,1050,126,-68.8,36,526,synthetic_telemetry
10.519252,sta_02,1053,116,-67.1,36,527,synthetic_telemetry
10.52021,sta_01,1052,119,-63.1,36,527,synthetic_telemetry
10.540778,sta_01,1054,128,-47.7,36,528,synthetic_telemetry
10.540916,sta_02,1055,117,-50.9,36,528,synthetic_telemetry
10.559758,sta_01,1056,121,-51.9,36,529,synthetic_telemetry
10.559853,sta_02,1057,132,-54.4,36,529,synthetic_telemetry
10.579153,sta_01,1058,131,-69.7,36,530,synthetic_telemetry
10.580664,sta_02,1059,132,-68.9,36,530,synthetic_telemetry
10.599891,sta_01,1060,131,-46.6,36,531,synthetic_telemetry
10.60014,sta_02,1061,136,-56.0,36,531,synthetic_telemetry
10.619033,sta_02,1063,132,-66.2,36,532,synthetic_telemetry
10.620952,sta_01,1062,131,-57.3,36,532,synthetic_telemetry
10.639346,sta_02,1065,131,-45.1,36,533,synthetic_telemetry
10.639665,sta_01,1064,137,-72.3,36,533,synthetic_telemetry
10.659569,sta_02,1067,119,-59.5,36,534,synthetic_telemetry
10.659929,sta_01,1066,126,-47.3,36,534,synthetic_telemetry
10.680323,sta_01,1068,126,-60.3,36,535,synthetic_telemetry
10.680486,sta_02,1069,129,-53.4,36,535,synthetic_telemetry
10.699388,sta_01,1070,124,-53.8,36,536,synthetic_telemetry
10.700615,sta_02,1071,128,-45.6,36,536,synthetic_telemetry
10.719731,sta_02,1073,123,-58.7,36,537,synthetic_telemetry
10.720391,sta_01,1072,122,-58.1,36,537,synthetic_telemetry
10.739146,sta_01,1074,123,-56.5,36,538,synthetic_telemetry
10.740436,sta_02,1075,143,-51.9,36,538,synthetic_telemetry
10.759077,sta_02,1077,128,-70.1,36,539,synthetic_telemetry
10.760224,sta_01,1076,130,-74.6,36,539,synthetic_telemetry
10.779649,sta_02,1079,132,-67.1,36,540,synthetic_telemetry
10.780879,sta_01,1078,126,-50.7,36,540,synthetic_telemetry
10.799184,sta_02,1081,129,-62.0,36,541,synthetic_telemetry
10.799342,sta_01,1080,134,-54.1,36,541,synthetic_telemetry
10.819235,sta_02,1083,121,-70.7,36,542,synthetic_telemetry
10.820447,sta_01,1082,125,-52.4,36,542,synthetic_telemetry
10.840006,sta_02,1085,128,-72.4,36,543,synthetic_telemetry
10.840371,sta_01,1084,132,-45.3,36,543,synthetic_telemetry
10.859424,sta_01,1086,127,-48.6,36,544,synthetic_telemetry
10.860271,sta_02,1087,135,-71.0,36,544,synthetic_telemetry
10.880033,sta_01,1088,129,-56.3,36,545,synthetic_telemetry
10.880156,sta_02,1089,123,-63.9,36,545,synthetic_telemetry
10.899986,sta_02,1091,119,-45.9,36,546,synthetic_telemetry
10.900497,sta_01,1090,123,-55.2,36,546,synthetic_telemetry
10.919106,sta_01,1092,113,-62.0,36,547,synthetic_telemetry
10.919849,sta_02,1093,128,-59.3,36,547,synthetic_telemetry
10.940235,sta_02,1095,127,-58.3,36,548,synthetic_telemetry
10.94086,sta_01,1094,121,-46.6,36,548,synthetic_telemetry
10.959115,sta_01,1096,122,-48.2,36,549,synthetic_telemetry
10.960313,sta_02,1097,120,-57.9,36,549,synthetic_telemetry
10.979307,sta_02,1099,129,-69.1,36,550,synthetic_telemetry
10.979414,sta_01,1098,137,-63.2,36,550,synthetic_telemetry
10.99904,sta_02,1101,125,-51.0,36,551,synthetic_telemetry
10.999821,sta_01,1100,135,-65.8,36,551,synthetic_telemetry
11.019251,sta_02,1103,129,-62.8,36,552,synthetic_telemetry
11.020495,sta_01,1102,131,-67.4,36,552,synthetic_telemetry
11.039125,sta_01,1104,132,-72.8,36,553,synthetic_telemetry
11.040089,sta_02,1105,130,-49.7,36,553,synthetic_telemetry
11.060267,sta_01,1106,139,-70.1,36,554,synthetic_telemetry
11.060886,sta_02,1107,141,-48.5,36,554,synthetic_telemetry
11.079025,sta_01,1108,129,-59.3,36,555,synthetic_telemetry
11.079295,sta_02,1109,128,-65.5,36,555,synthetic_telemetry
11.099751,sta_02,1111,126,-65.5,36,556,synthetic_telemetry
11.100117,sta_01,1110,132,-64.4,36,556,synthetic_telemetry
11.119398,sta_01,1112,117,-72.1,36,557,synthetic_telemetry
11.120251,sta_02,1113,143,-66.4,36,557,synthetic_telemetry
11.140223,sta_02,1115,131,-45.2,36,558,synthetic_telemetry
11.140389,sta_01,1114,130,-68.3,36,558,synthetic_telemetry
11.159376,sta_02,1117,143,-50.7,36,559,synthetic_telemetry
11.159997,sta_01,1116,134,-54.0,36,559,synthetic_telemetry
11.179266,sta_01,1118,136,-58.9,36,560,synthetic_telemetry
11.180874,sta_02,1119,137,-51.7,36,560,synthetic_telemetry
11.199348,sta_01,1120,125,-48.9,36,561,synthetic_telemetry
11.199624,sta_02,1121,119,-56.7,36,561,synthetic_telemetry
11.220021,sta_02,1123,126,-61.6,36,562,synthetic_telemetry
11.220917,sta_01,1122,135,-61.4,36,562,synthetic_telemetry
11.239333,sta_02,1125,126,-67.0,36,563,synthetic_telemetry
11.23934,sta_01,1124,121,-59.5,36,563,synthetic_telemetry
11.259351,sta_02,1127,138,-45.6,36,564,synthetic_telemetry
11.259614,sta_01,1126,119,-74.6,36,564,synthetic_telemetry
11.28058,sta_02,1129,127,-49.0,36,565,synthetic_telemetry
11.280809,sta_01,1128,119,-56.8,36,565,synthetic_telemetry
11.299136,sta_01,1130,126,-59.6,36,566,synthetic_telemetry
11.300834,sta_02,1131,121,-54.9,36,566,synthetic_telemetry
11.319512,sta_02,1133,129,-64.1,36,567,synthetic_telemetry
11.320995,sta_01,1132,138,-72.0,36,567,synthetic_telemetry
11.33965,sta_01,1134,135,-47.9,36,568,synthetic_telemetry
11.34022,sta_02,1135,122,-58.4,36,568,synthetic_telemetry
11.359019,sta_01,1136,131,-48.2,36,569,synthetic_telemetry
11.359345,sta_02,1137,130,-66.4,36,569,synthetic_telemetry
11.379456,sta_01,1138,128,-50.8,36,570,synthetic_telemetry
11.380199,sta_02,1139,131,-49.3,36,570,synthetic_telemetry
11.399409,sta_02,1141,128,-47.4,36,571,synthetic_telemetry
11.399856,sta_01,1140,131,-62.0,36,571,synthetic_telemetry
11.42016,sta_02,1143,128,-56.5,36,572,synthetic_telemetry
11.420997,sta_01,1142,119,-54.8,36,572,synthetic_telemetry
11.439552,sta_02,1145,119,-73.8,36,573,synthetic_telemetry
11.440455,sta_01,1144,127,-64.6,36,573,synthetic_telemetry
11.460213,sta_02,1147,122,-74.3,36,574,synthetic_telemetry
11.460742,sta_01,1146,110,-57.6,36,574,synthetic_telemetry
11.479277,sta_02,1149,123,-68.3,36,575,synthetic_telemetry
11.480982,sta_01,1148,132,-69.3,36,575,synthetic_telemetry
11.499687,sta_01,1150,138,-45.2,36,576,synthetic_telemetry
11.500527,sta_02,1151,117,-54.7,36,576,synthetic_telemetry
11.519964,sta_02,1153,125,-68.1,36,577,synthetic_telemetry
11.520561,sta_01,1152,125,-62.4,36,577,synthetic_telemetry
11.539019,sta_01,1154,125,-65.8,36,578,synthetic_telemetry
11.540444,sta_02,1155,123,-62.6,36,578,synthetic_telemetry
11.559305,sta_01,1156,129,-62.6,36,579,synthetic_telemetry
11.560577,sta_02,1157,139,-72.6,36,579,synthetic_telemetry
11.579654,sta_01,1158,128,-58.8,36,580,synthetic_telemetry
11.580689,sta_02,1159,121,-64.0,36,580,synthetic_telemetry
11.599356,sta_02,1161,122,-51.2,36,581,synthetic_telemetry
11.600868,sta_01,1160,129,-62.1,36,581,synthetic_telemetry
11.620517,sta_02,1163,133,-64.8,36,582,synthetic_telemetry
11.620592,sta_01,1162,130,-54.6,36,582,synthetic_telemetry
11.639689,sta_01,1164,133,-65.4,36,583,synthetic_telemetry
11.639764,sta_02,1165,124,-72.1,36,583,synthetic_telemetry
11.659962,sta_02,1167,121,-60.5,36,584,synthetic_telemetry
11.660288,sta_01,1166,129,-46.8,36,584,synthetic_telemetry
11.679882,sta_02,1169,130,-48.0,36,585,synthetic_telemetry
11.680025,sta_01,1168,123,-59.9,36,585,synthetic_telemetry
11.69967,sta_02,1171,131,-56.1,36,586,synthetic_telemetry
11.699883,sta_01,1170,133,-49.5,36,586,synthetic_telemetry
11.719088,sta_01,1172,136,-57.8,36,587,synthetic_telemetry
11.720498,sta_02,1173,129,-69.1,36,587,synthetic_telemetry
11.73935,sta_02,1175,139,-64.3,36,588,synthetic_telemetry
11.740489,sta_01,1174,128,-58.4,36,588,synthetic_telemetry
11.759229,sta_01,1176,121,-46.9,36,589,synthetic_telemetry
11.760303,sta_02,1177,127,-70.1,36,589,synthetic_telemetry
11.779715,sta_01,1178,132,-61.9,36,590,synthetic_telemetry
11.780753,sta_02,1179,137,-71.4,36,590,synthetic_telemetry
11.799342,sta_02,1181,128,-66.7,36,591,synthetic_telemetry
11.800925,sta_01,1180,126,-67.2,36,591,synthetic_telemetry
11.819192,sta_01,1182,134,-67.4,36,592,synthetic_telemetry
11.820174,sta_02,1183,125,-50.8,36,592,synthetic_telemetry
11.839354,sta_02,1185,127,-50.2,36,593,synthetic_telemetry
11.840239,sta_01,1184,126,-63.2,36,593,synthetic_telemetry
11.860034,sta_02,1187,128,-75.0,36,594,synthetic_telemetry
11.860351,sta_01,1186,121,-51.7,36,594,synthetic_telemetry
11.879507,sta_01,1188,134,-63.3,36,595,synthetic_telemetry
11.879588,sta_02,1189,131,-49.1,36,595,synthetic_telemetry
11.900093,sta_01,1190,127,-72.1,36,596,synthetic_telemetry
11.900735,sta_02,1191,129,-74.1,36,596,synthetic_telemetry
11.919991,sta_02,1193,120,-73.6,36,597,synthetic_telemetry
11.920632,sta_01,1192,121,-58.9,36,597,synthetic_telemetry
11.939014,sta_01,1194,135,-72.5,36,598,synthetic_telemetry
11.940516,sta_02,1195,130,-62.4,36,598,synthetic_telemetry
11.959518,sta_01,1196,130,-56.4,36,599,synthetic_telemetry
11.959818,sta_02,1197,127,-66.0,36,599,synthetic_telemetry
11.980319,sta_02,1199,117,-69.4,36,600,synthetic_telemetry
11.980936,sta_01,1198,123,-75.0,36,600,synthetic_telemetry
11.999402,sta_02,1201,131,-52.5,36,601,synthetic_telemetry
12.000381,sta_01,1200,122,-47.4,36,601,synthetic_telemetry
12.01958,sta_01,1202,137,-69.3,36,602,synthetic_telemetry
12.019609,sta_02,1203,128,-68.2,36,602,synthetic_telemetry
12.039233,sta_02,1205,121,-52.8,36,603,synthetic_telemetry
12.039477,sta_01,1204,122,-47.6,36,603,synthetic_telemetry
12.060572,sta_01,1206,127,-47.6,36,604,synthetic_telemetry
12.060957,sta_02,1207,130,-45.2,36,604,synthetic_telemetry
12.07913,sta_01,1208,128,-51.5,36,605,synthetic_telemetry
12.079448,sta_02,1209,133,-54.5,36,605,synthetic_telemetry
12.100739,sta_02,1211,125,-46.0,36,606,synthetic_telemetry
12.100895,sta_01,1210,129,-58.4,36,606,synthetic_telemetry
12.120534,sta_01,1212,130,-45.2,36,607,synthetic_telemetry
12.120625,sta_02,1213,133,-60.4,36,607,synthetic_telemetry
12.140528,sta_02,1215,116,-48.8,36,608,synthetic_telemetry
12.140909,sta_01,1214,136,-64.1,36,608,synthetic_telemetry
12.15975,sta_01,1216,118,-71.3,36,609,synthetic_telemetry
12.160588,sta_02,1217,114,-53.9,36,609,synthetic_telemetry
12.179102,sta_02,1219,120,-56.5,36,610,synthetic_telemetry
12.18016,sta_01,1218,131,-48.8,36,610,synthetic_telemetry
12.199733,sta_01,1220,134,-57.4,36,611,synthetic_telemetry
12.200809,sta_02,1221,128,-74.8,36,611,synthetic_telemetry
12.22047,sta_02,1223,132,-49.1,36,612,synthetic_telemetry
12.220623,sta_01,1222,128,-65.8,36,612,synthetic_telemetry
12.239552,sta_02,1225,122,-54.5,36,613,synthetic_telemetry
12.240712,sta_01,1224,131,-63.1,36,613,synthetic_telemetry
12.259416,sta_02,1227,136,-74.4,36,614,synthetic_telemetry
12.260138,sta_01,1226,127,-57.8,36,614,synthetic_telemetry
12.279006,sta_01,1228,125,-65.8,36,615,synthetic_telemetry
12.280135,sta_02,1229,123,-69.1,36,615,synthetic_telemetry
12.30007,sta_01,1230,123,-67.5,36,616,synthetic_telemetry
12.300488,sta_02,1231,131,-46.0,36,616,synthetic_telemetry
12.319653,sta_01,1232,132,-69.0,36,617,synthetic_telemetry
12.320179,sta_02,1233,137,-60.2,36,617,synthetic_telemetry
12.339001,sta_01,1234,133,-50.1,36,618,synthetic_telemetry
12.33959,sta_02,1235,128,-46.9,36,618,synthetic_telemetry
12.35952,sta_02,1237,124,-52.7,36,619,synthetic_telemetry
12.360173,sta_01,1236,127,-69.5,36,619,synthetic_telemetry
12.379468,sta_02,1239,124,-46.7,36,620,synthetic_telemetry
12.379646,sta_01,1238,136,-72.6,36,620,synthetic_telemetry
12.399429,sta_01,1240,125,-74.8,36,621,synthetic_telemetry
12.399812,sta_02,1241,129,-64.5,36,621,synthetic_telemetry
12.419823,sta_02,1243,120,-53.2,36,622,synthetic_telemetry
12.420555,sta_01,1242,133,-47.2,36,622,synthetic_telemetry
12.439149,sta_01,1244,134,-67.0,36,623,synthetic_telemetry
12.440404,sta_02,1245,128,-74.0,36,623,synthetic_telemetry
12.459772,sta_01,1246,135,-52.5,36,624,synthetic_telemetry
12.460421,sta_02,1247,129,-48.0,36,624,synthetic_telemetry
12.479851,sta_02,1249,134,-55.4,36,625,synthetic_telemetry
12.480843,sta_01,1248,127,-54.6,36,625,synthetic_telemetry
12.499163,sta_01,1250,128,-68.4,36,626,synthetic_telemetry
12.49942,sta_02,1251,117,-59.1,36,626,synthetic_telemetry
12.519185,sta_02,1253,118,-54.2,36,627,synthetic_telemetry
12.520331,sta_01,1252,129,-63.0,36,627,synthetic_telemetry
12.539065,sta_01,1254,119,-55.9,36,628,synthetic_telemetry
12.539112,sta_02,1255,138,-52.5,36,628,synthetic_telemetry
12.559321,sta_01,1256,121,-69.0,36,629,synthetic_telemetry
12.560128,sta_02,1257,118,-45.2,36,629,synthetic_telemetry
12.580266,sta_01,1258,124,-71.1,36,630,synthetic_telemetry
12.580778,sta_02,1259,127,-46.1,36,630,synthetic_telemetry
12.599425,sta_02,1261,123,-74.7,36,631,synthetic_telemetry
12.599885,sta_01,1260,121,-57.3,36,631,synthetic_telemetry
12.620334,sta_02,1263,118,-73.5,36,632,synthetic_telemetry
12.620985,sta_01,1262,141,-66.5,36,632,synthetic_telemetry
12.639438,sta_01,1264,127,-58.4,36,633,synthetic_telemetry
12.640155,sta_02,1265,123,-47.8,36,633,synthetic_telemetry
12.660237,sta_02,1267,128,-66.8,36,634,synthetic_telemetry
12.660403,sta_01,1266,124,-47.0,36,634,synthetic_telemetry
12.679126,sta_02,1269,133,-64.7,36,635,synthetic_telemetry
12.680665,sta_01,1268,136,-45.8,36,635,synthetic_telemetry
12.700201,sta_02,1271,130,-72.6,36,636,synthetic_telemetry
12.700992,sta_01,1270,131,-73.8,36,636,synthetic_telemetry
12.719006,sta_02,1273,140,-67.2,36,637,synthetic_telemetry
12.719852,sta_01,1272,126,-51.3,36,637,synthetic_telemetry
12.73946,sta_01,1274,129,-62.0,36,638,synthetic_telemetry
12.74063,sta_02,1275,137,-60.6,36,638,synthetic_telemetry
12.760013,sta_01,1276,134,-62.1,36,639,synthetic_telemetry
12.760798,sta_02,1277,126,-51.2,36,639,synthetic_telemetry
12.780344,sta_02,1279,136,-52.5,36,640,synthetic_telemetry
12.780564,sta_01,1278,119,-68.8,36,640,synthetic_telemetry
12.79904,sta_02,1281,127,-67.3,36,641,synthetic_telemetry
12.800076,sta_01,1280,126,-58.2,36,641,synthetic_telemetry
12.819794,sta_01,1282,126,-56.6,36,642,synthetic_telemetry
12.820567,sta_02,1283,124,-55.9,36,642,synthetic_telemetry
12.839573,sta_01,1284,133,-56.5,36,643,synthetic_telemetry
12.840702,sta_02,1285,124,-53.1,36,643,synthetic_telemetry
12.85949,sta_02,1287,124,-66.4,36,644,synthetic_telemetry
12.860863,sta_01,1286,133,-67.1,36,644,synthetic_telemetry
12.880529,sta_01,1288,119,-74.7,36,645,synthetic_telemetry
12.880921,sta_02,1289,137,-48.9,36,645,synthetic_telemetry
12.899918,sta_02,1291,122,-57.9,36,646,synthetic_telemetry
12.900942,sta_01,1290,135,-46.0,36,646,synthetic_telemetry
12.919021,sta_02,1293,140,-45.4,36,647,synthetic_telemetry
12.920172,sta_01,1292,132,-59.8,36,647,synthetic_telemetry
12.940875,sta_02,1295,122,-50.6,36,648,synthetic_telemetry
12.940973,sta_01,1294,122,-55.7,36,648,synthetic_telemetry
12.959857,sta_01,1296,123,-65.4,36,649,synthetic_telemetry
12.960889,sta_02,1297,138,-58.2,36,649,synthetic_telemetry
12.979477,sta_01,1298,132,-69.0,36,650,synthetic_telemetry
12.980917,sta_02,1299,128,-63.4,36,650,synthetic_telemetry
12.999041,sta_01,1300,141,-48.7,36,651,synthetic_telemetry
13.000014,sta_02,1301,126,-65.3,36,651,synthetic_telemetry
13.019975,sta_01,1302,130,-46.6,36,652,synthetic_telemetry
13.020037,sta_02,1303,134,-60.5,36,652,synthetic_telemetry
13.040413,sta_02,1305,119,-49.8,36,653,synthetic_telemetry
13.040785,sta_01,1304,121,-47.2,36,653,synthetic_telemetry
13.060224,sta_01,1306,126,-50.4,36,654,synthetic_telemetry
13.060296,sta_02,1307,140,-46.3,36,654,synthetic_telemetry
13.079175,sta_02,1309,122,-64.0,36,655,synthetic_telemetry
13.080153,sta_01,1308,133,-72.6,36,655,synthetic_telemetry
13.100476,sta_01,1310,128,-73.5,36,656,synthetic_telemetry
13.100651,sta_02,1311,128,-73.9,36,656,synthetic_telemetry
13.120304,sta_02,1313,123,-47.5,36,657,synthetic_telemetry
13.120685,sta_01,1312,130,-74.6,36,657,synthetic_telemetry
13.139496,sta_02,1315,121,-53.2,36,658,synthetic_telemetry
13.140514,sta_01,1314,120,-56.3,36,658,synthetic_telemetry
13.159317,sta_02,1317,133,-46.4,36,659,synthetic_telemetry
13.159318,sta_01,1316,130,-58.1,36,659,synthetic_telemetry
13.179061,sta_02,1319,127,-66.2,36,660,synthetic_telemetry
13.179105,sta_01,1318,122,-63.0,36,660,synthetic_telemetry
13.199707,sta_01,1320,118,-61.2,36,661,synthetic_telemetry
13.200107,sta_02,1321,128,-73.3,36,661,synthetic_telemetry
13.220154,sta_02,1323,132,-69.5,36,662,synthetic_telemetry
13.220505,sta_01,1322,127,-69.3,36,662,synthetic_telemetry
13.239137,sta_01,1324,134,-56.5,36,663,synthetic_telemetry
13.239302,sta_02,1325,134,-49.6,36,663,synthetic_telemetry
13.259951,sta_01,1326,131,-56.5,36,664,synthetic_telemetry
13.260117,sta_02,1327,132,-49.1,36,664,synthetic_telemetry
13.280076,sta_01,1328,125,-58.6,36,665,synthetic_telemetry
13.280787,sta_02,1329,129,-47.2,36,665,synthetic_telemetry
13.300393,sta_02,1331,136,-56.0,36,666,synthetic_telemetry
13.300746,sta_01,1330,128,-52.6,36,666,synthetic_telemetry
13.319096,sta_01,1332,139,-53.4,36,667,synthetic_telemetry
13.320593,sta_02,1333,119,-47.6,36,667,synthetic_telemetry
13.339584,sta_02,1335,129,-51.0,36,668,synthetic_telemetry
13.340359,sta_01,1334,132,-65.0,36,668,synthetic_telemetry
13.359699,sta_02,1337,122,-69.2,36,669,synthetic_telemetry
13.359787,sta_01,1336,129,-51.5,36,669,synthetic_telemetry
13.379435,sta_02,1339,125,-54.4,36,670,synthetic_telemetry
13.379618,sta_01,1338,130,-48.1,36,670,synthetic_telemetry
13.399291,sta_01,1340,123,-56.8,36,671,synthetic_telemetry
13.399978,sta_02,1341,124,-72.0,36,671,synthetic_telemetry
13.419826,sta_02,1343,137,-60.3,36,672,synthetic_telemetry
13.4207,sta_01,1342,135,-65.8,36,672,synthetic_telemetry
13.439578,sta_01,1344,134,-74.5,36,673,synthetic_telemetry
13.440572,sta_02,1345,137,-67.5,36,673,synthetic_telemetry
13.460646,sta_01,1346,123,-58.8,36,674,synthetic_telemetry
13.460735,sta_02,1347,129,-58.7,36,674,synthetic_telemetry
13.47957,sta_02,1349,129,-65.7,36,675,synthetic_telemetry
13.480465,sta_01,1348,127,-59.5,36,675,synthetic_telemetry
13.499088,sta_01,1350,128,-49.3,36,676,synthetic_telemetry
13.500416,sta_02,1351,128,-74.4,36,676,synthetic_telemetry
13.519601,sta_02,1353,129,-57.3,36,677,synthetic_telemetry
13.520517,sta_01,1352,118,-64.4,36,677,synthetic_telemetry
13.539537,sta_01,1354,124,-47.3,36,678,synthetic_telemetry
13.540451,sta_02,1355,143,-57.9,36,678,synthetic_telemetry
13.559209,sta_01,1356,138,-67.3,36,679,synthetic_telemetry
13.560164,sta_02,1357,123,-72.2,36,679,synthetic_telemetry
13.579475,sta_01,1358,129,-56.2,36,680,synthetic_telemetry
13.580708,sta_02,1359,116,-62.8,36,680,synthetic_telemetry
13.599967,sta_02,1361,120,-55.9,36,681,synthetic_telemetry
13.600304,sta_01,1360,139,-50.2,36,681,synthetic_telemetry
13.619158,sta_02,1363,116,-67.6,36,682,synthetic_telemetry
13.620838,sta_01,1362,122,-56.6,36,682,synthetic_telemetry
13.639487,sta_02,1365,122,-59.4,36,683,synthetic_telemetry
13.640771,sta_01,1364,134,-67.0,36,683,synthetic_telemetry
13.660199,sta_02,1367,126,-61.6,36,684,synthetic_telemetry
13.66087,sta_01,1366,129,-50.4,36,684,synthetic_telemetry
13.679412,sta_02,1369,132,-54.9,36,685,synthetic_telemetry
13.680554,sta_01,1368,131,-67.5,36,685,synthetic_telemetry
13.699497,sta_01,1370,122,-70.6,36,686,synthetic_telemetry
13.700202,sta_02,1371,138,-60.7,36,686,synthetic_telemetry
13.719784,sta_02,1373,120,-74.2,36,687,synthetic_telemetry
13.720995,sta_01,1372,132,-59.0,36,687,synthetic_telemetry
13.739674,sta_01,1374,136,-58.4,36,688,synthetic_telemetry
13.74077,sta_02,1375,134,-57.5,36,688,synthetic_telemetry
13.759439,sta_01,1376,136,-48.8,36,689,synthetic_telemetry
13.760694,sta_02,1377,134,-62.4,36,689,synthetic_telemetry
13.780664,sta_02,1379,121,-50.5,36,690,synthetic_telemetry
13.780765,sta_01,1378,137,-50.2,36,690,synthetic_telemetry
13.799809,sta_02,1381,129,-68.9,36,691,synthetic_telemetry
13.800154,sta_01,1380,132,-46.9,36,691,synthetic_telemetry
13.819824,sta_01,1382,136,-68.4,36,692,synthetic_telemetry
13.819916,sta_02,1383,133,-60.8,36,692,synthetic_telemetry
13.840373,sta_02,1385,123,-67.7,36,693,synthetic_telemetry
13.840938,sta_01,1384,139,-57.8,36,693,synthetic_telemetry
13.859297,sta_01,1386,126,-46.8,36,694,synthetic_telemetry
13.860122,sta_02,1387,123,-71.7,36,694,synthetic_telemetry
13.879517,sta_02,1389,120,-68.8,36,695,synthetic_telemetry
13.879885,sta_01,1388,126,-48.3,36,695,synthetic_telemetry
13.89999,sta_02,1391,120,-63.1,36,696,synthetic_telemetry
13.900629,sta_01,1390,137,-48.2,36,696,synthetic_telemetry
13.919058,sta_02,1393,142,-70.5,36,697,synthetic_telemetry
13.920867,sta_01,1392,133,-53.5,36,697,synthetic_telemetry
13.939489,sta_02,1395,118,-71.5,36,698,synthetic_telemetry
13.939599,sta_01,1394,131,-69.2,36,698,synthetic_telemetry
13.960122,sta_02,1397,127,-70.5,36,699,synthetic_telemetry
13.960398,sta_01,1396,120,-61.0,36,699,synthetic_telemetry
13.979664,sta_01,1398,124,-59.3,36,700,synthetic_telemetry
13.980325,sta_02,1399,116,-50.6,36,700,synthetic_telemetry
14.000102,sta_02,1401,132,-67.6,36,701,synthetic_telemetry
14.000767,sta_01,1400,126,-56.0,36,701,synthetic_telemetry
14.020308,sta_01,1402,120,-66.2,36,702,synthetic_telemetry
14.020933,sta_02,1403,130,-70.8,36,702,synthetic_telemetry
14.039128,sta_02,1405,127,-64.1,36,703,synthetic_telemetry
14.040218,sta_01,1404,120,-72.0,36,703,synthetic_telemetry
14.059119,sta_02,1407,120,-68.0,36,704,synthetic_telemetry
14.05934,sta_01,1406,137,-74.3,36,704,synthetic_telemetry
14.079153,sta_02,1409,129,-64.7,36,705,synthetic_telemetry
14.079945,sta_01,1408,129,-45.0,36,705,synthetic_telemetry
14.099289,sta_01,1410,121,-65.6,36,706,synthetic_telemetry
14.099962,sta_02,1411,125,-73.7,36,706,synthetic_telemetry
14.119834,sta_01,1412,124,-63.0,36,707,synthetic_telemetry
14.120728,sta_02,1413,116,-74.1,36,707,synthetic_telemetry
14.140178,sta_01,1414,123,-56.6,36,708,synthetic_telemetry
14.140522,sta_02,1415,128,-74.0,36,708,synthetic_telemetry
14.159646,sta_01,1416,131,-47.5,36,709,synthetic_telemetry
14.160832,sta_02,1417,116,-63.6,36,709,synthetic_telemetry
14.179395,sta_01,1418,124,-48.6,36,710,synthetic_telemetry
14.180828,sta_02,1419,124,-58.4,36,710,synthetic_telemetry
14.19906,sta_02,1421,135,-71.0,36,711,synthetic_telemetry
14.200304,sta_01,1420,128,-61.6,36,711,synthetic_telemetry
14.219036,sta_01,1422,125,-72.2,36,712,synthetic_telemetry
14.22076,sta_02,1423,131,-61.9,36,712,synthetic_telemetry
14.239086,sta_02,1425,126,-60.6,36,713,synthetic_telemetry
14.239525,sta_01,1424,128,-69.8,36,713,synthetic_telemetry
14.260156,sta_02,1427,120,-59.5,36,714,synthetic_telemetry
14.260609,sta_01,1426,120,-73.0,36,714,synthetic_telemetry
14.280014,sta_02,1429,117,-54.8,36,715,synthetic_telemetry
14.280888,sta_01,1428,132,-66.9,36,715,synthetic_telemetry
14.299875,sta_01,1430,128,-74.3,36,716,synthetic_telemetry
14.300671,sta_02,1431,138,-71.8,36,716,synthetic_telemetry
14.319357,sta_01,1432,126,-66.6,36,717,synthetic_telemetry
14.320903,sta_02,1433,126,-56.0,36,717,synthetic_telemetry
14.339096,sta_01,1434,129,-61.4,36,718,synthetic_telemetry
14.340388,sta_02,1435,123,-69.3,36,718,synthetic_telemetry
14.360875,sta_02,1437,135,-64.1,36,719,synthetic_telemetry
14.360949,sta_01,1436,123,-62.3,36,719,synthetic_telemetry
14.379521,sta_02,1439,126,-50.4,36,720,synthetic_telemetry
14.379961,sta_01,1438,122,-73.2,36,720,synthetic_telemetry
14.400817,sta_01,1440,124,-54.9,36,721,synthetic_telemetry
14.400877,sta_02,1441,132,-62.7,36,721,synthetic_telemetry
14.419118,sta_02,1443,136,-73.2,36,722,synthetic_telemetry
14.419509,sta_01,1442,125,-58.1,36,722,synthetic_telemetry
14.439463,sta_02,1445,130,-60.1,36,723,synthetic_telemetry
14.439707,sta_01,1444,121,-65.0,36,723,synthetic_telemetry
14.460725,sta_02,1447,125,-53.4,36,724,synthetic_telemetry
14.46089,sta_01,1446,132,-65.4,36,724,synthetic_telemetry
14.479281,sta_01,1448,134,-72.7,36,725,synthetic_telemetry
14.480191,sta_02,1449,128,-45.3,36,725,synthetic_telemetry
14.500484,sta_01,1450,127,-58.5,36,726,synthetic_telemetry
14.500691,sta_02,1451,118,-68.7,36,726,synthetic_telemetry
14.520317,sta_02,1453,136,-65.3,36,727,synthetic_telemetry
14.520436,sta_01,1452,134,-62.3,36,727,synthetic_telemetry
14.539086,sta_01,1454,133,-53.5,36,728,synthetic_telemetry
14.540477,sta_02,1455,131,-59.1,36,728,synthetic_telemetry
14.560168,sta_01,1456,135,-73.0,36,729,synthetic_telemetry
14.560778,sta_02,1457,131,-65.9,36,729,synthetic_telemetry
14.579643,sta_01,1458,129,-57.7,36,730,synthetic_telemetry
14.580149,sta_02,1459,134,-70.6,36,730,synthetic_telemetry
14.600038,sta_01,1460,132,-72.5,36,731,synthetic_telemetry
14.600555,sta_02,1461,131,-58.7,36,731,synthetic_telemetry
14.620238,sta_02,1463,126,-56.8,36,732,synthetic_telemetry
14.620283,sta_01,1462,128,-47.3,36,732,synthetic_telemetry
14.640207,sta_01,1464,131,-69.5,36,733,synthetic_telemetry
14.640471,sta_02,1465,123,-46.3,36,733,synthetic_telemetry
14.659278,sta_02,1467,118,-64.9,36,734,synthetic_telemetry
14.660213,sta_01,1466,132,-57.0,36,734,synthetic_telemetry
14.679111,sta_02,1469,129,-71.4,36,735,synthetic_telemetry
14.679446,sta_01,1468,127,-74.8,36,735,synthetic_telemetry
14.700123,sta_01,1470,133,-55.9,36,736,synthetic_telemetry
14.700514,sta_02,1471,133,-69.4,36,736,synthetic_telemetry
14.720065,sta_02,1473,129,-72.0,36,737,synthetic_telemetry
14.720641,sta_01,1472,124,-54.5,36,737,synthetic_telemetry
14.740273,sta_01,1474,126,-54.8,36,738,synthetic_telemetry
14.740718,sta_02,1475,130,-46.6,36,738,synthetic_telemetry
14.759129,sta_01,1476,128,-74.6,36,739,synthetic_telemetry
14.759589,sta_02,1477,128,-52.4,36,739,synthetic_telemetry
14.780097,sta_02,1479,133,-70.6,36,740,synthetic_telemetry
14.780416,sta_01,1478,125,-68.9,36,740,synthetic_telemetry
14.799415,sta_01,1480,129,-71.7,36,741,synthetic_telemetry
14.800618,sta_02,1481,132,-72.3,36,741,synthetic_telemetry
14.819051,sta_02,1483,133,-61.9,36,742,synthetic_telemetry
14.819074,sta_01,1482,128,-64.4,36,742,synthetic_telemetry
14.839552,sta_01,1484,130,-58.0,36,743,synthetic_telemetry
14.840811,sta_02,1485,131,-63.8,36,743,synthetic_telemetry
14.85958,sta_01,1486,126,-62.7,36,744,synthetic_telemetry
14.860734,sta_02,1487,122,-55.4,36,744,synthetic_telemetry
14.87996,sta_01,1488,134,-48.6,36,745,synthetic_telemetry
14.880351,sta_02,1489,130,-64.8,36,745,synthetic_telemetry
14.899745,sta_02,1491,128,-56.7,36,746,synthetic_telemetry
14.900347,sta_01,1490,122,-70.4,36,746,synthetic_telemetry
14.920613,sta_02,1493,136,-54.2,36,747,synthetic_telemetry
14.920672,sta_01,1492,130,-55.3,36,747,synthetic_telemetry
14.939744,sta_01,1494,141,-66.0,36,748,synthetic_telemetry
14.940731,sta_02,1495,136,-55.5,36,748,synthetic_telemetry
14.959924,sta_01,1496,132,-64.9,36,749,synthetic_telemetry
14.960403,sta_02,1497,120,-71.6,36,749,synthetic_telemetry
14.979348,sta_02,1499,129,-45.3,36,750,synthetic_telemetry
14.980033,sta_01,1498,125,-55.5,36,750,synthetic_telemetry
14.999381,sta_02,1501,128,-54.9,36,751,synthetic_telemetry
15.000859,sta_01,1500,122,-70.5,36,751,synthetic_telemetry
15.019301,sta_01,1502,130,-73.0,36,752,synthetic_telemetry
15.019482,sta_02,1503,131,-46.5,36,752,synthetic_telemetry
15.03929,sta_02,1505,136,-61.9,36,753,synthetic_telemetry
15.04003,sta_01,1504,132,-66.2,36,753,synthetic_telemetry
15.059179,sta_01,1506,122,-67.9,36,754,synthetic_telemetry
15.060344,sta_02,1507,134,-53.1,36,754,synthetic_telemetry
15.080519,sta_02,1509,135,-48.9,36,755,synthetic_telemetry
15.080922,sta_01,1508,123,-47.0,36,755,synthetic_telemetry
15.099726,sta_01,1510,118,-62.1,36,756,synthetic_telemetry
15.100748,sta_02,1511,131,-71.2,36,756,synthetic_telemetry
15.119185,sta_02,1513,131,-70.0,36,757,synthetic_telemetry
15.120593,sta_01,1512,110,-70.4,36,757,synthetic_telemetry
15.139133,sta_01,1514,126,-62.8,36,758,synthetic_telemetry
15.139609,sta_02,1515,121,-50.1,36,758,synthetic_telemetry
15.160423,sta_01,1516,135,-64.2,36,759,synthetic_telemetry
15.160575,sta_02,1517,135,-72.7,36,759,synthetic_telemetry
15.1797,sta_01,1518,128,-48.7,36,760,synthetic_telemetry
15.180692,sta_02,1519,130,-68.2,36,760,synthetic_telemetry
15.200067,sta_01,1520,125,-61.4,36,761,synthetic_telemetry
15.200214,sta_02,1521,122,-54.1,36,761,synthetic_telemetry
15.220472,sta_02,1523,126,-51.4,36,762,synthetic_telemetry
15.220753,sta_01,1522,136,-55.0,36,762,synthetic_telemetry
15.239196,sta_02,1525,122,-71.1,36,763,synthetic_telemetry
15.239977,sta_01,1524,134,-53.0,36,763,synthetic_telemetry
15.260321,sta_01,1526,126,-47.1,36,764,synthetic_telemetry
15.260778,sta_02,1527,124,-58.7,36,764,synthetic_telemetry
15.279323,sta_01,1528,120,-45.6,36,765,synthetic_telemetry
15.279366,sta_02,1529,133,-50.6,36,765,synthetic_telemetry
15.299358,sta_01,1530,140,-51.7,36,766,synthetic_telemetry
15.300741,sta_02,1531,122,-47.7,36,766,synthetic_telemetry
15.320279,sta_02,1533,124,-53.9,36,767,synthetic_telemetry
15.320818,sta_01,1532,129,-68.6,36,767,synthetic_telemetry
15.339235,sta_02,1535,130,-64.6,36,768,synthetic_telemetry
15.339861,sta_01,1534,127,-62.1,36,768,synthetic_telemetry
15.359871,sta_02,1537,127,-67.7,36,769,synthetic_telemetry
15.360928,sta_01,1536,117,-72.8,36,769,synthetic_telemetry
15.379684,sta_01,1538,131,-47.8,36,770,synthetic_telemetry
15.380482,sta_02,1539,138,-58.2,36,770,synthetic_telemetry
15.399531,sta_01,1540,126,-68.5,36,771,synthetic_telemetry
15.399777,sta_02,1541,113,-50.7,36,771,synthetic_telemetry
15.419011,sta_02,1543,136,-60.9,36,772,synthetic_telemetry
15.420589,sta_01,1542,129,-57.7,36,772,synthetic_telemetry
15.440311,sta_01,1544,136,-63.8,36,773,synthetic_telemetry
15.440345,sta_02,1545,122,-59.9,36,773,synthetic_telemetry
15.459372,sta_01,1546,121,-47.9,36,774,synthetic_telemetry
15.459778,sta_02,1547,126,-67.5,36,774,synthetic_telemetry
15.479834,sta_01,1548,130,-49.8,36,775,synthetic_telemetry
15.480964,sta_02,1549,127,-65.4,36,775,synthetic_telemetry
15.499337,sta_02,1551,136,-53.8,36,776,synthetic_telemetry
15.500125,sta_01,1550,125,-50.8,36,776,synthetic_telemetry
15.519647,sta_02,1553,121,-73.4,36,777,synthetic_telemetry
15.520661,sta_01,1552,125,-72.5,36,777,synthetic_telemetry
15.53941,sta_02,1555,133,-53.3,36,778,synthetic_telemetry
15.539928,sta_01,1554,133,-60.7,36,778,synthetic_telemetry
15.559116,sta_01,1556,132,-71.2,36,779,synthetic_telemetry
15.559765,sta_02,1557,129,-56.6,36,779,synthetic_telemetry
15.579476,sta_01,1558,127,-63.5,36,780,synthetic_telemetry
15.580777,sta_02,1559,127,-65.1,36,780,synthetic_telemetry
15.599266,sta_02,1561,131,-70.0,36,781,synthetic_telemetry
15.600988,sta_01,1560,128,-69.0,36,781,synthetic_telemetry
15.619149,sta_01,1562,129,-62.8,36,782,synthetic_telemetry
15.619709,sta_02,1563,129,-58.1,36,782,synthetic_telemetry
15.640495,sta_01,1564,132,-52.5,36,783,synthetic_telemetry
15.640574,sta_02,1565,130,-49.8,36,783,synthetic_telemetry
15.659538,sta_02,1567,126,-56.9,36,784,synthetic_telemetry
15.659953,sta_01,1566,121,-71.6,36,784,synthetic_telemetry
15.679374,sta_01,1568,135,-67.6,36,785,synthetic_telemetry
15.68013,sta_02,1569,130,-47.2,36,785,synthetic_telemetry
15.699092,sta_01,1570,129,-63.6,36,786,synthetic_telemetry
15.699503,sta_02,1571,125,-60.7,36,786,synthetic_telemetry
15.719828,sta_02,1573,132,-54.8,36,787,synthetic_telemetry
15.720364,sta_01,1572,116,-74.9,36,787,synthetic_telemetry
15.740427,sta_01,1574,127,-51.7,36,788,synthetic_telemetry
15.740491,sta_02,1575,124,-72.8,36,788,synthetic_telemetry
15.759574,sta_01,1576,131,-74.2,36,789,synthetic_telemetry
15.760962,sta_02,1577,116,-62.7,36,789,synthetic_telemetry
15.779383,sta_02,1579,117,-75.0,36,790,synthetic_telemetry
15.7808,sta_01,1578,126,-75.0,36,790,synthetic_telemetry
15.800127,sta_02,1581,124,-49.6,36,791,synthetic_telemetry
15.80017,sta_01,1580,129,-65.8,36,791,synthetic_telemetry
15.820469,sta_01,1582,133,-60.2,36,792,synthetic_telemetry
15.820861,sta_02,1583,129,-53.9,36,792,synthetic_telemetry
15.8392,sta_02,1585,140,-72.1,36,793,synthetic_telemetry
15.840812,sta_01,1584,130,-53.4,36,793,synthetic_telemetry
15.859249,sta_01,1586,126,-72.6,36,794,synthetic_telemetry
15.859317,sta_02,1587,131,-47.3,36,794,synthetic_telemetry
15.879256,sta_01,1588,132,-64.9,36,795,synthetic_telemetry
15.88063,sta_02,1589,142,-63.0,36,795,synthetic_telemetry
15.900007,sta_02,1591,131,-61.8,36,796,synthetic_telemetry
15.900633,sta_01,1590,135,-64.9,36,796,synthetic_telemetry
15.920721,sta_01,1592,134,-68.8,36,797,synthetic_telemetry
15.920824,sta_02,1593,115,-58.7,36,797,synthetic_telemetry
15.94012,sta_02,1595,131,-60.5,36,798,synthetic_telemetry
15.940944,sta_01,1594,122,-54.3,36,798,synthetic_telemetry
15.959207,sta_01,1596,129,-73.0,36,799,synthetic_telemetry
15.960223,sta_02,1597,128,-59.4,36,799,synthetic_telemetry
15.979273,sta_01,1598,138,-48.5,36,800,synthetic_telemetry
15.979848,sta_02,1599,121,-54.5,36,800,synthetic_telemetry
15.999,sta_02,1601,129,-51.3,36,801,synthetic_telemetry
15.999123,sta_01,1600,130,-72.4,36,801,synthetic_telemetry
16.019021,sta_02,1603,130,-60.2,36,802,synthetic_telemetry
16.020179,sta_01,1602,124,-73.5,36,802,synthetic_telemetry
16.039198,sta_02,1605,121,-66.5,36,803,synthetic_telemetry
16.03926,sta_01,1604,131,-65.4,36,803,synthetic_telemetry
16.059545,sta_02,1607,129,-60.9,36,804,synthetic_telemetry
16.059719,sta_01,1606,119,-70.4,36,804,synthetic_telemetry
16.079605,sta_01,1608,134,-55.5,36,805,synthetic_telemetry
16.080774,sta_02,1609,126,-74.0,36,805,synthetic_telemetry
16.100417,sta_02,1611,133,-52.6,36,806,synthetic_telemetry
16.100959,sta_01,1610,125,-54.4,36,806,synthetic_telemetry
16.119594,sta_01,1612,127,-66.1,36,807,synthetic_telemetry
16.119789,sta_02,1613,120,-63.1,36,807,synthetic_telemetry
16.140535,sta_01,1614,139,-73.4,36,808,synthetic_telemetry
16.140879,sta_02,1615,141,-60.1,36,808,synthetic_telemetry
16.159811,sta_01,1616,116,-45.2,36,809,synthetic_telemetry
16.160958,sta_02,1617,135,-70.0,36,809,synthetic_telemetry
16.179129,sta_01,1618,132,-73.5,36,810,synthetic_telemetry
16.180653,sta_02,1619,125,-57.1,36,810,synthetic_telemetry
16.200573,sta_02,1621,128,-64.9,36,811,synthetic_telemetry
16.200959,sta_01,1620,122,-67.1,36,811,synthetic_telemetry
16.219395,sta_02,1623,114,-70.1,36,812,synthetic_telemetry
16.21996,sta_01,1622,121,-61.7,36,812,synthetic_telemetry
16.23907,sta_01,1624,119,-69.8,36,813,synthetic_telemetry
16.239674,sta_02,1625,128,-50.4,36,813,synthetic_telemetry
16.259064,sta_01,1626,109,-55.1,36,814,synthetic_telemetry
16.260072,sta_02,1627,134,-71.1,36,814,synthetic_telemetry
16.279843,sta_01,1628,134,-74.4,36,815,synthetic_telemetry
16.28063,sta_02,1629,131,-63.6,36,815,synthetic_telemetry
16.30068,sta_02,1631,130,-69.0,36,816,synthetic_telemetry
16.300778,sta_01,1630,125,-66.7,36,816,synthetic_telemetry
16.319037,sta_01,1632,133,-45.1,36,817,synthetic_telemetry
16.320775,sta_02,1633,122,-47.3,36,817,synthetic_telemetry
16.339439,sta_01,1634,120,-70.6,36,818,synthetic_telemetry
16.339599,sta_02,1635,129,-70.8,36,818,synthetic_telemetry
16.359229,sta_01,1636,136,-66.2,36,819,synthetic_telemetry
16.359285,sta_02,1637,142,-53.2,36,819,synthetic_telemetry
16.380264,sta_02,1639,130,-67.0,36,820,synthetic_telemetry
16.380712,sta_01,1638,123,-72.4,36,820,synthetic_telemetry
16.399125,sta_01,1640,130,-74.5,36,821,synthetic_telemetry
16.400476,sta_02,1641,134,-62.4,36,821,synthetic_telemetry
16.419518,sta_01,1642,125,-57.4,36,822,synthetic_telemetry
16.419532,sta_02,1643,125,-45.0,36,822,synthetic_telemetry
16.439492,sta_02,1645,137,-46.7,36,823,synthetic_telemetry
16.440446,sta_01,1644,123,-56.9,36,823,synthetic_telemetry
16.459271,sta_02,1647,123,-54.3,36,824,synthetic_telemetry
16.459274,sta_01,1646,123,-66.8,36,824,synthetic_telemetry
16.479315,sta_01,1648,131,-45.2,36,825,synthetic_telemetry
16.480877,sta_02,1649,128,-49.3,36,825,synthetic_telemetry
16.499709,sta_02,1651,131,-53.3,36,826,synthetic_telemetry
16.500695,sta_01,1650,126,-51.6,36,826,synthetic_telemetry
16.519718,sta_02,1653,119,-57.1,36,827,synthetic_telemetry
16.520555,sta_01,1652,132,-74.9,36,827,synthetic_telemetry
16.539795,sta_01,1654,130,-69.5,36,828,synthetic_telemetry
16.540901,sta_02,1655,124,-70.1,36,828,synthetic_telemetry
16.55929,sta_02,1657,138,-60.1,36,829,synthetic_telemetry
16.560529,sta_01,1656,120,-56.3,36,829,synthetic_telemetry
16.579393,sta_02,1659,124,-68.7,36,830,synthetic_telemetry
16.580943,sta_01,1658,118,-51.1,36,830,synthetic_telemetry
16.599395,sta_02,1661,129,-46.7,36,831,synthetic_telemetry
16.599533,sta_01,1660,128,-59.8,36,831,synthetic_telemetry
16.619248,sta_02,1663,133,-65.9,36,832,synthetic_telemetry
16.619604,sta_01,1662,130,-47.9,36,832,synthetic_telemetry
16.639571,sta_02,1665,121,-46.7,36,833,synthetic_telemetry
16.640269,sta_01,1664,119,-61.0,36,833,synthetic_telemetry
16.660499,sta_01,1666,124,-59.0,36,834,synthetic_telemetry
16.660648,sta_02,1667,116,-65.7,36,834,synthetic_telemetry
16.679438,sta_02,1669,131,-72.9,36,835,synthetic_telemetry
16.680217,sta_01,1668,127,-60.7,36,835,synthetic_telemetry
16.700655,sta_02,1671,126,-62.3,36,836,synthetic_telemetry
16.700843,sta_01,1670,137,-65.6,36,836,synthetic_telemetry
16.71901,sta_02,1673,127,-61.8,36,837,synthetic_telemetry
16.719944,sta_01,1672,124,-53.9,36,837,synthetic_telemetry
16.739424,sta_01,1674,119,-53.9,36,838,synthetic_telemetry
16.740922,sta_02,1675,127,-67.3,36,838,synthetic_telemetry
16.759353,sta_02,1677,125,-73.5,36,839,synthetic_telemetry
16.760043,sta_01,1676,126,-63.1,36,839,synthetic_telemetry
16.780467,sta_01,1678,136,-53.9,36,840,synthetic_telemetry
16.780641,sta_02,1679,129,-54.6,36,840,synthetic_telemetry
16.799679,sta_02,1681,125,-52.1,36,841,synthetic_telemetry
16.800792,sta_01,1680,125,-57.8,36,841,synthetic_telemetry
16.819467,sta_02,1683,128,-55.1,36,842,synthetic_telemetry
16.820476,sta_01,1682,133,-73.3,36,842,synthetic_telemetry
16.84005,sta_02,1685,130,-46.7,36,843,synthetic_telemetry
16.840433,sta_01,1684,129,-68.5,36,843,synthetic_telemetry
16.859106,sta_02,1687,117,-46.9,36,844,synthetic_telemetry
16.86075,sta_01,1686,135,-73.5,36,844,synthetic_telemetry
16.879281,sta_02,1689,130,-72.0,36,845,synthetic_telemetry
16.879841,sta_01,1688,126,-60.7,36,845,synthetic_telemetry
16.899656,sta_01,1690,130,-60.4,36,846,synthetic_telemetry
16.899814,sta_02,1691,125,-47.6,36,846,synthetic_telemetry
16.919671,sta_01,1692,130,-52.7,36,847,synthetic_telemetry
16.920239,sta_02,1693,127,-59.5,36,847,synthetic_telemetry
16.939481,sta_01,1694,122,-55.7,36,848,synthetic_telemetry
16.940225,sta_02,1695,124,-58.5,36,848,synthetic_telemetry
16.959881,sta_01,1696,123,-63.9,36,849,synthetic_telemetry
16.960192,sta_02,1697,130,-54.1,36,849,synthetic_telemetry
16.980316,sta_01,1698,140,-52.4,36,850,synthetic_telemetry
16.980828,sta_02,1699,131,-49.6,36,850,synthetic_telemetry
16.999162,sta_01,1700,139,-73.4,36,851,synthetic_telemetry
16.999854,sta_02,1701,132,-61.1,36,851,synthetic_telemetry
17.020068,sta_02,1703,127,-59.1,36,852,synthetic_telemetry
17.020348,sta_01,1702,136,-61.8,36,852,synthetic_telemetry
17.04035,sta_02,1705,128,-61.3,36,853,synthetic_telemetry
17.040446,sta_01,1704,122,-60.2,36,853,synthetic_telemetry
17.05918,sta_01,1706,122,-46.1,36,854,synthetic_telemetry
17.05993,sta_02,1707,128,-45.6,36,854,synthetic_telemetry
17.079269,sta_02,1709,119,-52.3,36,855,synthetic_telemetry
17.079856,sta_01,1708,119,-67.9,36,855,synthetic_telemetry
17.099383,sta_02,1711,122,-46.2,36,856,synthetic_telemetry
17.099686,sta_01,1710,120,-58.7,36,856,synthetic_telemetry
17.120101,sta_01,1712,129,-49.4,36,857,synthetic_telemetry
17.120265,sta_02,1713,130,-74.2,36,857,synthetic_telemetry
17.139328,sta_02,1715,130,-62.6,36,858,synthetic_telemetry
17.140063,sta_01,1714,128,-55.0,36,858,synthetic_telemetry
17.159198,sta_02,1717,129,-62.8,36,859,synthetic_telemetry
17.159241,sta_01,1716,127,-46.2,36,859,synthetic_telemetry
17.179284,sta_02,1719,133,-59.2,36,860,synthetic_telemetry
17.180799,sta_01,1718,130,-69.2,36,860,synthetic_telemetry
17.199564,sta_02,1721,121,-49.7,36,861,synthetic_telemetry
17.200788,sta_01,1720,129,-74.0,36,861,synthetic_telemetry
17.219331,sta_01,1722,106,-49.2,36,862,synthetic_telemetry
17.220323,sta_02,1723,126,-72.2,36,862,synthetic_telemetry
17.239834,sta_02,1725,136,-72.1,36,863,synthetic_telemetry
17.240664,sta_01,1724,132,-47.1,36,863,synthetic_telemetry
17.259582,sta_01,1726,132,-64.9,36,864,synthetic_telemetry
17.260832,sta_02,1727,131,-46.1,36,864,synthetic_telemetry
17.279035,sta_02,1729,132,-67.6,36,865,synthetic_telemetry
17.280715,sta_01,1728,123,-71.2,36,865,synthetic_telemetry
17.300011,sta_01,1730,131,-63.3,36,866,synthetic_telemetry
17.300256,sta_02,1731,118,-60.3,36,866,synthetic_telemetry
17.319118,sta_02,1733,137,-66.3,36,867,synthetic_telemetry
17.319674,sta_01,1732,133,-66.7,36,867,synthetic_telemetry
17.339281,sta_01,1734,128,-59.2,36,868,synthetic_telemetry
17.340711,sta_02,1735,138,-60.0,36,868,synthetic_telemetry
17.359566,sta_02,1737,138,-74.8,36,869,synthetic_telemetry
17.360391,sta_01,1736,124,-72.1,36,869,synthetic_telemetry
17.379137,sta_02,1739,134,-73.9,36,870,synthetic_telemetry
17.379979,sta_01,1738,144,-47.1,36,870,synthetic_telemetry
17.399333,sta_01,1740,123,-62.8,36,871,synthetic_telemetry
17.400464,sta_02,1741,125,-50.0,36,871,synthetic_telemetry
17.419184,sta_02,1743,136,-50.8,36,872,synthetic_telemetry
17.42025,sta_01,1742,117,-54.1,36,872,synthetic_telemetry
17.440171,sta_02,1745,135,-58.9,36,873,synthetic_telemetry
17.440185,sta_01,1744,125,-67.6,36,873,synthetic_telemetry
17.459223,sta_01,1746,130,-64.0,36,874,synthetic_telemetry
17.460154,sta_02,1747,126,-51.9,36,874,synthetic_telemetry
17.479677,sta_01,1748,118,-59.3,36,875,synthetic_telemetry
17.479983,sta_02,1749,122,-61.7,36,875,synthetic_telemetry
17.499423,sta_01,1750,136,-51.3,36,876,synthetic_telemetry
17.499758,sta_02,1751,130,-62.9,36,876,synthetic_telemetry
17.519264,sta_01,1752,129,-67.6,36,877,synthetic_telemetry
17.520552,sta_02,1753,126,-50.1,36,877,synthetic_telemetry
17.539987,sta_02,1755,120,-46.6,36,878,synthetic_telemetry
17.540392,sta_01,1754,131,-49.7,36,878,synthetic_telemetry
17.559807,sta_01,1756,135,-48.2,36,879,synthetic_telemetry
17.56053,sta_02,1757,133,-51.9,36,879,synthetic_telemetry
17.579082,sta_02,1759,130,-50.3,36,880,synthetic_telemetry
17.579688,sta_01,1758,137,-56.6,36,880,synthetic_telemetry
17.599854,sta_01,1760,121,-58.9,36,881,synthetic_telemetry
17.600609,sta_02,1761,130,-45.0,36,881,synthetic_telemetry
17.619818,sta_01,1762,119,-47.9,36,882,synthetic_telemetry
17.620274,sta_02,1763,129,-69.8,36,882,synthetic_telemetry
17.640539,sta_02,1765,122,-61.8,36,883,synthetic_telemetry
17.640838,sta_01,1764,130,-55.6,36,883,synthetic_telemetry
17.659719,sta_02,1767,121,-63.0,36,884,synthetic_telemetry
17.660871,sta_01,1766,126,-50.6,36,884,synthetic_telemetry
17.679291,sta_02,1769,138,-58.4,36,885,synthetic_telemetry
17.680598,sta_01,1768,130,-46.6,36,885,synthetic_telemetry
17.69976,sta_02,1771,133,-70.2,36,886,synthetic_telemetry
17.699816,sta_01,1770,131,-53.9,36,886,synthetic_telemetry
17.720143,sta_02,1773,121,-56.8,36,887,synthetic_telemetry
17.720984,sta_01,1772,136,-70.4,36,887,synthetic_telemetry
17.739238,sta_01,1774,125,-69.8,36,888,synthetic_telemetry
17.739572,sta_02,1775,134,-74.7,36,888,synthetic_telemetry
17.760056,sta_01,1776,134,-61.9,36,889,synthetic_telemetry
17.76063,sta_02,1777,122,-64.5,36,889,synthetic_telemetry
17.780001,sta_02,1779,117,-53.5,36,890,synthetic_telemetry
17.780797,sta_01,1778,117,-58.8,36,890,synthetic_telemetry
17.799401,sta_01,1780,125,-60.2,36,891,synthetic_telemetry
17.80022,sta_02,1781,134,-51.7,36,891,synthetic_telemetry
17.819854,sta_01,1782,121,-68.7,36,892,synthetic_telemetry
17.820558,sta_02,1783,117,-65.2,36,892,synthetic_telemetry
17.839835,sta_02,1785,126,-56.3,36,893,synthetic_telemetry
17.840031,sta_01,1784,129,-48.1,36,893,synthetic_telemetry
17.859827,sta_01,1786,119,-47.5,36,894,synthetic_telemetry
17.860796,sta_02,1787,127,-65.3,36,894,synthetic_telemetry
17.879529,sta_01,1788,141,-59.1,36,895,synthetic_telemetry
17.880709,sta_02,1789,136,-73.1,36,895,synthetic_telemetry
17.899531,sta_02,1791,124,-70.7,36,896,synthetic_telemetry
17.899772,sta_01,1790,127,-53.5,36,896,synthetic_telemetry
17.91901,sta_02,1793,123,-71.6,36,897,synthetic_telemetry
17.919957,sta_01,1792,125,-55.5,36,897,synthetic_telemetry
17.939562,sta_02,1795,131,-54.1,36,898,synthetic_telemetry
17.939693,sta_01,1794,123,-48.2,36,898,synthetic_telemetry
17.959934,sta_01,1796,127,-59.1,36,899,synthetic_telemetry
17.960327,sta_02,1797,120,-73.5,36,899,synthetic_telemetry
17.980065,sta_02,1799,129,-50.7,36,900,synthetic_telemetry
17.980194,sta_01,1798,120,-50.0,36,900,synthetic_telemetry
18.000364,sta_02,1801,145,-67.2,36,901,synthetic_telemetry
18.000405,sta_01,1800,120,-50.6,36,901,synthetic_telemetry
18.019742,sta_01,1802,130,-65.0,36,902,synthetic_telemetry
18.020967,sta_02,1803,111,-46.1,36,902,synthetic_telemetry
18.039342,sta_01,1804,128,-70.9,36,903,synthetic_telemetry
18.04074,sta_02,1805,119,-64.1,36,903,synthetic_telemetry
18.059719,sta_02,1807,121,-53.9,36,904,synthetic_telemetry
18.060492,sta_01,1806,126,-66.5,36,904,synthetic_telemetry
18.079741,sta_01,1808,117,-48.0,36,905,synthetic_telemetry
18.07979,sta_02,1809,134,-67.6,36,905,synthetic_telemetry
18.100478,sta_02,1811,123,-57.0,36,906,synthetic_telemetry
18.100853,sta_01,1810,120,-58.0,36,906,synthetic_telemetry
18.120249,sta_01,1812,133,-53.1,36,907,synthetic_telemetry
18.120269,sta_02,1813,137,-73.5,36,907,synthetic_telemetry
18.140489,sta_01,1814,131,-56.3,36,908,synthetic_telemetry
18.140914,sta_02,1815,122,-55.5,36,908,synthetic_telemetry
18.159132,sta_01,1816,130,-61.3,36,909,synthetic_telemetry
18.160408,sta_02,1817,132,-71.9,36,909,synthetic_telemetry
18.179454,sta_01,1818,130,-64.4,36,910,synthetic_telemetry
18.180494,sta_02,1819,133,-64.6,36,910,synthetic_telemetry
18.199943,sta_01,1820,128,-48.7,36,911,synthetic_telemetry
18.200772,sta_02,1821,130,-53.2,36,911,synthetic_telemetry
18.220261,sta_02,1823,117,-51.6,36,912,synthetic_telemetry
18.220294,sta_01,1822,132,-50.6,36,912,synthetic_telemetry
18.239354,sta_02,1825,136,-53.8,36,913,synthetic_telemetry
18.240174,sta_01,1824,135,-68.7,36,913,synthetic_telemetry
18.259041,sta_02,1827,124,-73.5,36,914,synthetic_telemetry
18.260541,sta_01,1826,125,-66.3,36,914,synthetic_telemetry
18.279859,sta_01,1828,130,-72.9,36,915,synthetic_telemetry
18.280061,sta_02,1829,126,-73.7,36,915,synthetic_telemetry
18.299962,sta_01,1830,129,-60.9,36,916,synthetic_telemetry
18.300341,sta_02,1831,132,-52.6,36,916,synthetic_telemetry
18.319103,sta_02,1833,126,-52.1,36,917,synthetic_telemetry
18.319108,sta_01,1832,128,-70.0,36,917,synthetic_telemetry
18.34093,sta_02,1835,119,-59.1,36,918,synthetic_telemetry
18.340949,sta_01,1834,132,-65.3,36,918,synthetic_telemetry
18.359439,sta_01,1836,130,-73.2,36,919,synthetic_telemetry
18.360139,sta_02,1837,114,-57.1,36,919,synthetic_telemetry
18.37947,sta_01,1838,138,-72.6,36,920,synthetic_telemetry
18.380667,sta_02,1839,120,-47.9,36,920,synthetic_telemetry
18.399214,sta_02,1841,119,-49.1,36,921,synthetic_telemetry
18.399324,sta_01,1840,124,-61.8,36,921,synthetic_telemetry
18.419122,sta_01,1842,142,-52.3,36,922,synthetic_telemetry
18.420826,sta_02,1843,124,-51.7,36,922,synthetic_telemetry
18.440481,sta_02,1845,129,-46.0,36,923,synthetic_telemetry
18.440604,sta_01,1844,122,-69.6,36,923,synthetic_telemetry
18.459135,sta_01,1846,139,-62.6,36,924,synthetic_telemetry
18.460034,sta_02,1847,132,-73.1,36,924,synthetic_telemetry
18.480336,sta_01,1848,123,-50.6,36,925,synthetic_telemetry
18.480654,sta_02,1849,132,-64.7,36,925,synthetic_telemetry
18.499861,sta_02,1851,127,-50.8,36,926,synthetic_telemetry
18.500818,sta_01,1850,126,-65.8,36,926,synthetic_telemetry
18.519056,sta_02,1853,125,-50.7,36,927,synthetic_telemetry
18.520463,sta_01,1852,119,-73.5,36,927,synthetic_telemetry
18.539463,sta_01,1854,131,-46.8,36,928,synthetic_telemetry
18.540338,sta_02,1855,132,-50.8,36,928,synthetic_telemetry
18.559264,sta_02,1857,117,-57.4,36,929,synthetic_telemetry
18.559417,sta_01,1856,128,-55.6,36,929,synthetic_telemetry
18.579055,sta_01,1858,136,-71.5,36,930,synthetic_telemetry
18.58071,sta_02,1859,125,-67.6,36,930,synthetic_telemetry
18.599102,sta_01,1860,133,-69.7,36,931,synthetic_telemetry
18.599944,sta_02,1861,130,-69.5,36,931,synthetic_telemetry
18.619097,sta_02,1863,132,-63.3,36,932,synthetic_telemetry
18.620448,sta_01,1862,130,-46.4,36,932,synthetic_telemetry
18.64031,sta_02,1865,128,-68.1,36,933,synthetic_telemetry
18.640543,sta_01,1864,131,-60.6,36,933,synthetic_telemetry
18.65943,sta_01,1866,129,-46.3,36,934,synthetic_telemetry
18.659681,sta_02,1867,131,-52.1,36,934,synthetic_telemetry
18.679758,sta_02,1869,130,-68.6,36,935,synthetic_telemetry
18.679947,sta_01,1868,136,-66.2,36,935,synthetic_telemetry
18.69929,sta_02,1871,119,-74.2,36,936,synthetic_telemetry
18.700363,sta_01,1870,127,-52.3,36,936,synthetic_telemetry
18.719967,sta_02,1873,130,-57.1,36,937,synthetic_telemetry
18.720919,sta_01,1872,125,-64.3,36,937,synthetic_telemetry
18.739276,sta_02,1875,129,-47.1,36,938,synthetic_telemetry
18.740316,sta_01,1874,144,-51.5,36,938,synthetic_telemetry
18.759654,sta_01,1876,132,-46.7,36,939,synthetic_telemetry
18.760353,sta_02,1877,140,-62.0,36,939,synthetic_telemetry
18.779405,sta_01,1878,137,-60.8,36,940,synthetic_telemetry
18.779922,sta_02,1879,119,-48.6,36,940,synthetic_telemetry
18.7991,sta_01,1880,135,-55.4,36,941,synthetic_telemetry
18.799189,sta_02,1881,141,-69.6,36,941,synthetic_telemetry
18.820198,sta_02,1883,115,-48.5,36,942,synthetic_telemetry
18.820621,sta_01,1882,123,-56.8,36,942,synthetic_telemetry
18.839667,sta_01,1884,122,-50.8,36,943,synthetic_telemetry
18.840848,sta_02,1885,131,-66.6,36,943,synthetic_telemetry
18.859401,sta_02,1887,134,-47.8,36,944,synthetic_telemetry
18.860684,sta_01,1886,124,-65.1,36,944,synthetic_telemetry
18.879013,sta_01,1888,111,-62.7,36,945,synthetic_telemetry
18.879809,sta_02,1889,125,-66.3,36,945,synthetic_telemetry
18.899206,sta_01,1890,119,-55.7,36,946,synthetic_telemetry
18.899893,sta_02,1891,132,-69.6,36,946,synthetic_telemetry
18.919245,sta_01,1892,131,-53.6,36,947,synthetic_telemetry
18.920126,sta_02,1893,128,-68.2,36,947,synthetic_telemetry
18.939037,sta_02,1895,137,-51.4,36,948,synthetic_telemetry
18.939766,sta_01,1894,124,-55.1,36,948,synthetic_telemetry
18.95958,sta_01,1896,138,-66.0,36,949,synthetic_telemetry
18.959866,sta_02,1897,128,-71.4,36,949,synthetic_telemetry
18.97903,sta_02,1899,121,-48.0,36,950,synthetic_telemetry
18.979119,sta_01,1898,132,-57.0,36,950,synthetic_telemetry
18.99921,sta_02,1901,133,-66.4,36,951,synthetic_telemetry
18.999866,sta_01,1900,126,-47.7,36,951,synthetic_telemetry
19.020513,sta_01,1902,133,-57.7,36,952,synthetic_telemetry
19.020678,sta_02,1903,138,-50.4,36,952,synthetic_telemetry
19.040039,sta_01,1904,128,-74.4,36,953,synthetic_telemetry
19.040572,sta_02,1905,127,-59.0,36,953,synthetic_telemetry
19.059075,sta_02,1907,129,-54.6,36,954,synthetic_telemetry
19.059906,sta_01,1906,132,-65.3,36,954,synthetic_telemetry
19.079241,sta_02,1909,125,-60.9,36,955,synthetic_telemetry
19.079716,sta_01,1908,129,-48.5,36,955,synthetic_telemetry
19.099922,sta_02,1911,129,-52.7,36,956,synthetic_telemetry
19.100694,sta_01,1910,127,-60.0,36,956,synthetic_telemetry
19.119681,sta_01,1912,124,-52.6,36,957,synthetic_telemetry
19.119755,sta_02,1913,139,-61.1,36,957,synthetic_telemetry
19.139182,sta_01,1914,121,-48.1,36,958,synthetic_telemetry
19.141,sta_02,1915,133,-58.7,36,958,synthetic_telemetry
19.159217,sta_01,1916,118,-56.6,36,959,synthetic_telemetry
19.159294,sta_02,1917,127,-46.5,36,959,synthetic_telemetry
19.179145,sta_02,1919,121,-57.8,36,960,synthetic_telemetry
19.179659,sta_01,1918,121,-66.9,36,960,synthetic_telemetry
19.200073,sta_01,1920,124,-55.1,36,961,synthetic_telemetry
19.200223,sta_02,1921,129,-54.4,36,961,synthetic_telemetry
19.219539,sta_01,1922,131,-59.6,36,962,synthetic_telemetry
19.220413,sta_02,1923,124,-48.1,36,962,synthetic_telemetry
19.240046,sta_01,1924,124,-55.8,36,963,synthetic_telemetry
19.240822,sta_02,1925,123,-63.9,36,963,synthetic_telemetry
19.260388,sta_01,1926,126,-57.6,36,964,synthetic_telemetry
19.260854,sta_02,1927,130,-45.4,36,964,synthetic_telemetry
19.280189,sta_01,1928,125,-59.6,36,965,synthetic_telemetry
19.280758,sta_02,1929,131,-53.3,36,965,synthetic_telemetry
19.299527,sta_01,1930,130,-58.7,36,966,synthetic_telemetry
19.300598,sta_02,1931,138,-67.4,36,966,synthetic_telemetry
19.320127,sta_01,1932,124,-62.2,36,967,synthetic_telemetry
19.320624,sta_02,1933,134,-65.6,36,967,synthetic_telemetry
19.340568,sta_02,1935,114,-68.5,36,968,synthetic_telemetry
19.340594,sta_01,1934,122,-46.5,36,968,synthetic_telemetry
19.359988,sta_01,1936,133,-63.7,36,969,synthetic_telemetry
19.360765,sta_02,1937,133,-58.4,36,969,synthetic_telemetry
19.379415,sta_01,1938,122,-51.8,36,970,synthetic_telemetry
19.380032,sta_02,1939,129,-49.9,36,970,synthetic_telemetry
19.399056,sta_02,1941,131,-61.9,36,971,synthetic_telemetry
19.39933,sta_01,1940,123,-58.7,36,971,synthetic_telemetry
19.419775,sta_02,1943,131,-55.1,36,972,synthetic_telemetry
19.420256,sta_01,1942,129,-66.9,36,972,synthetic_telemetry
19.440259,sta_01,1944,122,-55.1,36,973,synthetic_telemetry
19.440958,sta_02,1945,126,-60.0,36,973,synthetic_telemetry
19.459942,sta_01,1946,132,-60.7,36,974,synthetic_telemetry
19.460603,sta_02,1947,119,-58.1,36,974,synthetic_telemetry
19.47959,sta_02,1949,126,-67.2,36,975,synthetic_telemetry
19.480048,sta_01,1948,124,-45.1,36,975,synthetic_telemetry
19.499848,sta_01,1950,122,-70.1,36,976,synthetic_telemetry
19.500001,sta_02,1951,138,-73.8,36,976,synthetic_telemetry
19.519198,sta_02,1953,113,-62.9,36,977,synthetic_telemetry
19.520703,sta_01,1952,114,-57.5,36,977,synthetic_telemetry
19.539867,sta_02,1955,136,-62.9,36,978,synthetic_telemetry
19.539922,sta_01,1954,124,-60.1,36,978,synthetic_telemetry
19.55922,sta_02,1957,129,-52.4,36,979,synthetic_telemetry
19.560097,sta_01,1956,132,-62.4,36,979,synthetic_telemetry
19.579513,sta_02,1959,128,-66.1,36,980,synthetic_telemetry
19.580932,sta_01,1958,123,-49.9,36,980,synthetic_telemetry
19.599008,sta_01,1960,125,-49.6,36,981,synthetic_telemetry
19.600319,sta_02,1961,137,-61.7,36,981,synthetic_telemetry
19.619699,sta_01,1962,130,-56.8,36,982,synthetic_telemetry
19.620769,sta_02,1963,123,-59.5,36,982,synthetic_telemetry
19.640541,sta_01,1964,130,-72.8,36,983,synthetic_telemetry
19.640705,sta_02,1965,128,-67.7,36,983,synthetic_telemetry
19.659184,sta_02,1967,111,-66.9,36,984,synthetic_telemetry
19.660443,sta_01,1966,122,-60.1,36,984,synthetic_telemetry
19.679122,sta_02,1969,123,-52.0,36,985,synthetic_telemetry
19.680297,sta_01,1968,127,-59.3,36,985,synthetic_telemetry
19.69923,sta_01,1970,121,-70.8,36,986,synthetic_telemetry
19.700548,sta_02,1971,125,-47.1,36,986,synthetic_telemetry
19.719444,sta_02,1973,127,-58.3,36,987,synthetic_telemetry
19.720298,sta_01,1972,123,-52.8,36,987,synthetic_telemetry
19.73905,sta_02,1975,137,-74.8,36,988,synthetic_telemetry
19.740929,sta_01,1974,115,-48.2,36,988,synthetic_telemetry
19.760022,sta_01,1976,129,-62.4,36,989,synthetic_telemetry
19.760739,sta_02,1977,118,-71.2,36,989,synthetic_telemetry
19.779589,sta_01,1978,131,-71.3,36,990,synthetic_telemetry
19.78016,sta_02,1979,147,-52.6,36,990,synthetic_telemetry
19.800222,sta_02,1981,144,-58.6,36,991,synthetic_telemetry
19.800952,sta_01,1980,129,-46.1,36,991,synthetic_telemetry
19.819186,sta_02,1983,130,-53.8,36,992,synthetic_telemetry
19.819705,sta_01,1982,125,-70.5,36,992,synthetic_telemetry
19.839136,sta_02,1985,145,-65.1,36,993,synthetic_telemetry
19.840592,sta_01,1984,116,-55.6,36,993,synthetic_telemetry
19.859965,sta_02,1987,116,-72.9,36,994,synthetic_telemetry
19.860663,sta_01,1986,139,-46.6,36,994,synthetic_telemetry
19.879017,sta_01,1988,132,-71.5,36,995,synthetic_telemetry
19.880632,sta_02,1989,133,-52.2,36,995,synthetic_telemetry
19.899982,sta_01,1990,125,-51.9,36,996,synthetic_telemetry
19.900267,sta_02,1991,118,-59.6,36,996,synthetic_telemetry
19.919052,sta_01,1992,128,-74.2,36,997,synthetic_telemetry
19.919899,sta_02,1993,133,-70.6,36,997,synthetic_telemetry
19.939636,sta_01,1994,127,-56.3,36,998,synthetic_telemetry
19.940386,sta_02,1995,130,-70.7,36,998,synthetic_telemetry
19.96043,sta_01,1996,122,-56.2,36,999,synthetic_telemetry
19.960591,sta_02,1997,132,-59.3,36,999,synthetic_telemetry
19.979453,sta_02,1999,134,-63.9,36,1000,synthetic_telemetry
19.980367,sta_01,1998,124,-70.7,36,1000,synthetic_telemetry
19.999162,sta_02,2001,129,-45.2,36,1001,synthetic_telemetry
19.999304,sta_01,2000,128,-53.8,36,1001,synthetic_telemetry
20.019337,sta_02,2003,121,-51.0,36,1002,synthetic_telemetry
20.0205,sta_01,2002,113,-60.3,36,1002,synthetic_telemetry
20.039444,sta_02,2005,125,-60.5,36,1003,synthetic_telemetry
20.039677,sta_01,2004,132,-67.5,36,1003,synthetic_telemetry
20.05912,sta_01,2006,123,-74.5,36,1004,synthetic_telemetry
20.060995,sta_02,2007,126,-68.3,36,1004,synthetic_telemetry
20.079773,sta_01,2008,125,-60.6,36,1005,synthetic_telemetry
20.08071,sta_02,2009,117,-69.5,36,1005,synthetic_telemetry
20.0999,sta_02,2011,125,-68.8,36,1006,synthetic_telemetry
20.100939,sta_01,2010,121,-63.5,36,1006,synthetic_telemetry
20.119371,sta_01,2012,125,-52.2,36,1007,synthetic_telemetry
20.120344,sta_02,2013,131,-46.8,36,1007,synthetic_telemetry
20.140422,sta_01,2014,135,-45.7,36,1008,synthetic_telemetry
20.140763,sta_02,2015,123,-54.2,36,1008,synthetic_telemetry
20.159801,sta_01,2016,108,-52.7,36,1009,synthetic_telemetry
20.160895,sta_02,2017,116,-50.4,36,1009,synthetic_telemetry
20.179814,sta_02,2019,136,-67.5,36,1010,synthetic_telemetry
20.180547,sta_01,2018,139,-69.9,36,1010,synthetic_telemetry
20.200204,sta_02,2021,129,-51.4,36,1011,synthetic_telemetry
20.200531,sta_01,2020,130,-47.8,36,1011,synthetic_telemetry
20.219725,sta_01,2022,114,-74.4,36,1012,synthetic_telemetry
20.220494,sta_02,2023,130,-71.3,36,1012,synthetic_telemetry
20.23928,sta_01,2024,127,-54.4,36,1013,synthetic_telemetry
20.239782,sta_02,2025,138,-69.0,36,1013,synthetic_telemetry
20.260601,sta_02,2027,119,-57.1,36,1014,synthetic_telemetry
20.260862,sta_01,2026,143,-68.0,36,1014,synthetic_telemetry
20.279443,sta_02,2029,125,-53.9,36,1015,synthetic_telemetry
20.279839,sta_01,2028,136,-52.2,36,1015,synthetic_telemetry
20.299388,sta_02,2031,131,-69.4,36,1016,synthetic_telemetry
20.300821,sta_01,2030,124,-65.5,36,1016,synthetic_telemetry
20.319422,sta_02,2033,127,-63.5,36,1017,synthetic_telemetry
20.320822,sta_01,2032,127,-46.6,36,1017,synthetic_telemetry
20.34008,sta_01,2034,118,-55.8,36,1018,synthetic_telemetry
20.340435,sta_02,2035,129,-65.3,36,1018,synthetic_telemetry
20.359728,sta_01,2036,124,-52.5,36,1019,synthetic_telemetry
20.360184,sta_02,2037,121,-67.3,36,1019,synthetic_telemetry
20.379211,sta_02,2039,140,-51.0,36,1020,synthetic_telemetry
20.38094,sta_01,2038,150,-68.1,36,1020,synthetic_telemetry
20.400362,sta_01,2040,141,-48.4,36,1021,synthetic_telemetry
20.400557,sta_02,2041,137,-45.5,36,1021,synthetic_telemetry
20.419859,sta_01,2042,130,-64.3,36,1022,synthetic_telemetry
20.420525,sta_02,2043,130,-51.0,36,1022,synthetic_telemetry
20.439422,sta_01,2044,128,-66.9,36,1023,synthetic_telemetry
20.440164,sta_02,2045,132,-64.1,36,1023,synthetic_telemetry
20.459753,sta_01,2046,127,-57.4,36,1024,synthetic_telemetry
20.46066,sta_02,2047,133,-57.5,36,1024,synthetic_telemetry
20.479677,sta_02,2049,125,-50.1,36,1025,synthetic_telemetry
20.480858,sta_01,2048,129,-71.4,36,1025,synthetic_telemetry
20.499389,sta_01,2050,116,-70.5,36,1026,synthetic_telemetry
20.500433,sta_02,2051,117,-56.6,36,1026,synthetic_telemetry
20.520595,sta_01,2052,137,-45.9,36,1027,synthetic_telemetry
20.520809,sta_02,2053,134,-66.3,36,1027,synthetic_telemetry
20.539081,sta_02,2055,125,-46.0,36,1028,synthetic_telemetry
20.539847,sta_01,2054,122,-45.3,36,1028,synthetic_telemetry
20.559536,sta_02,2057,129,-71.1,36,1029,synthetic_telemetry
20.560439,sta_01,2056,126,-52.1,36,1029,synthetic_telemetry
20.579437,sta_01,2058,127,-56.7,36,1030,synthetic_telemetry
20.580981,sta_02,2059,142,-74.9,36,1030,synthetic_telemetry
20.599221,sta_02,2061,127,-57.0,36,1031,synthetic_telemetry
20.600346,sta_01,2060,127,-45.4,36,1031,synthetic_telemetry
20.620179,sta_02,2063,128,-56.0,36,1032,synthetic_telemetry
20.620995,sta_01,2062,134,-69.3,36,1032,synthetic_telemetry
20.639773,sta_01,2064,130,-70.7,36,1033,synthetic_telemetry
20.640356,sta_02,2065,130,-64.8,36,1033,synthetic_telemetry
20.659151,sta_01,2066,118,-64.0,36,1034,synthetic_telemetry
20.6603,sta_02,2067,124,-52.4,36,1034,synthetic_telemetry
20.679709,sta_02,2069,141,-58.4,36,1035,synthetic_telemetry
20.680087,sta_01,2068,117,-48.5,36,1035,synthetic_telemetry
20.700492,sta_01,2070,130,-74.0,36,1036,synthetic_telemetry
20.700781,sta_02,2071,118,-52.6,36,1036,synthetic_telemetry
20.719191,sta_01,2072,136,-54.0,36,1037,synthetic_telemetry
20.720156,sta_02,2073,125,-65.3,36,1037,synthetic_telemetry
20.739077,sta_02,2075,128,-54.1,36,1038,synthetic_telemetry
20.740968,sta_01,2074,128,-50.4,36,1038,synthetic_telemetry
20.759338,sta_01,2076,138,-70.6,36,1039,synthetic_telemetry
20.760687,sta_02,2077,134,-51.0,36,1039,synthetic_telemetry
20.77949,sta_01,2078,122,-71.6,36,1040,synthetic_telemetry
20.780476,sta_02,2079,131,-48.3,36,1040,synthetic_telemetry
20.799532,sta_01,2080,133,-71.3,36,1041,synthetic_telemetry
20.800195,sta_02,2081,124,-73.9,36,1041,synthetic_telemetry
20.819248,sta_02,2083,123,-48.0,36,1042,synthetic_telemetry
20.819527,sta_01,2082,129,-66.8,36,1042,synthetic_telemetry
20.839217,sta_01,2084,133,-53.2,36,1043,synthetic_telemetry
20.839487,sta_02,2085,134,-61.5,36,1043,synthetic_telemetry
20.859645,sta_02,2087,135,-62.4,36,1044,synthetic_telemetry
20.859833,sta_01,2086,120,-53.0,36,1044,synthetic_telemetry
20.880654,sta_02,2089,125,-50.0,36,1045,synthetic_telemetry
20.880847,sta_01,2088,133,-52.3,36,1045,synthetic_telemetry
20.899539,sta_02,2091,128,-66.8,36,1046,synthetic_telemetry
20.900864,sta_01,2090,128,-72.9,36,1046,synthetic_telemetry
20.92039,sta_01,2092,123,-62.8,36,1047,synthetic_telemetry
20.92078,sta_02,2093,123,-74.6,36,1047,synthetic_telemetry
20.939481,sta_01,2094,123,-56.8,36,1048,synthetic_telemetry
20.939616,sta_02,2095,130,-63.1,36,1048,synthetic_telemetry
20.960203,sta_02,2097,131,-53.8,36,1049,synthetic_telemetry
20.960297,sta_01,2096,131,-66.6,36,1049,synthetic_telemetry
20.979826,sta_01,2098,127,-69.2,36,1050,synthetic_telemetry
20.98081,sta_02,2099,126,-57.7,36,1050,synthetic_telemetry
20.999642,sta_01,2100,142,-72.8,36,1051,synthetic_telemetry
20.999989,sta_02,2101,129,-58.6,36,1051,synthetic_telemetry
21.019617,sta_01,2102,132,-61.7,36,1052,synthetic_telemetry
21.020084,sta_02,2103,131,-50.0,36,1052,synthetic_telemetry
21.03983,sta_01,2104,125,-62.8,36,1053,synthetic_telemetry
21.04039,sta_02,2105,129,-52.7,36,1053,synthetic_telemetry
21.059447,sta_02,2107,113,-70.8,36,1054,synthetic_telemetry
21.05969,sta_01,2106,132,-61.8,36,1054,synthetic_telemetry
21.079056,sta_01,2108,130,-68.0,36,1055,synthetic_telemetry
21.080771,sta_02,2109,134,-55.1,36,1055,synthetic_telemetry
21.09901,sta_02,2111,128,-73.0,36,1056,synthetic_telemetry
21.100939,sta_01,2110,134,-57.2,36,1056,synthetic_telemetry
21.11912,sta_02,2113,133,-58.1,36,1057,synthetic_telemetry
21.12091,sta_01,2112,126,-71.4,36,1057,synthetic_telemetry
21.139084,sta_02,2115,126,-65.8,36,1058,synthetic_telemetry
21.140299,sta_01,2114,130,-63.3,36,1058,synthetic_telemetry
21.15902,sta_01,2116,127,-61.5,36,1059,synthetic_telemetry
21.159356,sta_02,2117,114,-63.2,36,1059,synthetic_telemetry
21.180135,sta_01,2118,138,-49.4,36,1060,synthetic_telemetry
21.180425,sta_02,2119,131,-55.0,36,1060,synthetic_telemetry
21.199445,sta_02,2121,139,-60.9,36,1061,synthetic_telemetry
21.200486,sta_01,2120,142,-70.5,36,1061,synthetic_telemetry
21.219782,sta_02,2123,127,-65.8,36,1062,synthetic_telemetry
21.219989,sta_01,2122,119,-56.2,36,1062,synthetic_telemetry
21.239267,sta_02,2125,125,-66.1,36,1063,synthetic_telemetry
21.240557,sta_01,2124,129,-49.3,36,1063,synthetic_telemetry
21.259222,sta_02,2127,122,-74.9,36,1064,synthetic_telemetry
21.259939,sta_01,2126,136,-62.0,36,1064,synthetic_telemetry
21.279604,sta_01,2128,130,-55.9,36,1065,synthetic_telemetry
21.280669,sta_02,2129,133,-62.9,36,1065,synthetic_telemetry
21.299053,sta_01,2130,132,-53.9,36,1066,synthetic_telemetry
21.299894,sta_02,2131,120,-60.1,36,1066,synthetic_telemetry
21.319481,sta_01,2132,135,-56.4,36,1067,synthetic_telemetry
21.320844,sta_02,2133,112,-46.2,36,1067,synthetic_telemetry
21.340373,sta_02,2135,136,-59.6,36,1068,synthetic_telemetry
21.340938,sta_01,2134,126,-54.7,36,1068,synthetic_telemetry
21.359318,sta_02,2137,124,-60.6,36,1069,synthetic_telemetry
21.360948,sta_01,2136,115,-64.6,36,1069,synthetic_telemetry
21.379449,sta_02,2139,137,-52.2,36,1070,synthetic_telemetry
21.380191,sta_01,2138,130,-53.5,36,1070,synthetic_telemetry
21.400206,sta_01,2140,130,-72.3,36,1071,synthetic_telemetry
21.400603,sta_02,2141,126,-65.6,36,1071,synthetic_telemetry
21.420212,sta_01,2142,125,-59.7,36,1072,synthetic_telemetry
21.420819,sta_02,2143,135,-60.5,36,1072,synthetic_telemetry
21.439908,sta_01,2144,130,-68.2,36,1073,synthetic_telemetry
21.44017,sta_02,2145,135,-73.8,36,1073,synthetic_telemetry
21.459798,sta_02,2147,129,-62.5,36,1074,synthetic_telemetry
21.460036,sta_01,2146,125,-50.8,36,1074,synthetic_telemetry
21.479862,sta_01,2148,128,-64.2,36,1075,synthetic_telemetry
21.480382,sta_02,2149,124,-48.0,36,1075,synthetic_telemetry
21.499876,sta_01,2150,127,-69.5,36,1076,synthetic_telemetry
21.499951,sta_02,2151,135,-48.9,36,1076,synthetic_telemetry
21.519041,sta_01,2152,129,-53.3,36,1077,synthetic_telemetry
21.520857,sta_02,2153,120,-60.3,36,1077,synthetic_telemetry
21.540175,sta_01,2154,125,-74.5,36,1078,synthetic_telemetry
21.540769,sta_02,2155,119,-46.5,36,1078,synthetic_telemetry
21.559894,sta_01,2156,128,-74.9,36,1079,synthetic_telemetry
21.560065,sta_02,2157,116,-61.2,36,1079,synthetic_telemetry
21.57936,sta_01,2158,128,-73.3,36,1080,synthetic_telemetry
21.580414,sta_02,2159,122,-74.6,36,1080,synthetic_telemetry
21.599772,sta_02,2161,115,-65.6,36,1081,synthetic_telemetry
21.60026,sta_01,2160,126,-57.4,36,1081,synthetic_telemetry
21.620433,sta_02,2163,141,-53.7,36,1082,synthetic_telemetry
21.62081,sta_01,2162,131,-61.6,36,1082,synthetic_telemetry
21.639165,sta_01,2164,117,-52.0,36,1083,synthetic_telemetry
21.639245,sta_02,2165,115,-68.5,36,1083,synthetic_telemetry
21.659247,sta_01,2166,143,-52.4,36,1084,synthetic_telemetry
21.659791,sta_02,2167,129,-60.3,36,1084,synthetic_telemetry
21.679894,sta_01,2168,138,-52.8,36,1085,synthetic_telemetry
21.6803,sta_02,2169,144,-69.8,36,1085,synthetic_telemetry
21.700242,sta_01,2170,126,-63.0,36,1086,synthetic_telemetry
21.700937,sta_02,2171,133,-51.5,36,1086,synthetic_telemetry
21.720534,sta_02,2173,141,-61.9,36,1087,synthetic_telemetry
21.720694,sta_01,2172,123,-52.1,36,1087,synthetic_telemetry
21.739744,sta_01,2174,125,-47.5,36,1088,synthetic_telemetry
21.740325,sta_02,2175,130,-74.2,36,1088,synthetic_telemetry
21.759713,sta_02,2177,119,-45.6,36,1089,synthetic_telemetry
21.760222,sta_01,2176,118,-65.7,36,1089,synthetic_telemetry
21.779094,sta_01,2178,125,-45.2,36,1090,synthetic_telemetry
21.780058,sta_02,2179,120,-54.0,36,1090,synthetic_telemetry
21.799798,sta_02,2181,123,-48.6,36,1091,synthetic_telemetry
21.800006,sta_01,2180,132,-64.6,36,1091,synthetic_telemetry
21.819806,sta_02,2183,126,-45.6,36,1092,synthetic_telemetry
21.819908,sta_01,2182,124,-64.0,36,1092,synthetic_telemetry
21.839049,sta_02,2185,131,-55.5,36,1093,synthetic_telemetry
21.840656,sta_01,2184,128,-69.8,36,1093,synthetic_telemetry
21.860164,sta_02,2187,136,-53.0,36,1094,synthetic_telemetry
21.860239,sta_01,2186,135,-49.7,36,1094,synthetic_telemetry
21.87945,sta_01,2188,121,-60.1,36,1095,synthetic_telemetry
21.879708,sta_02,2189,132,-57.4,36,1095,synthetic_telemetry
21.899206,sta_02,2191,131,-48.5,36,1096,synthetic_telemetry
21.89951,sta_01,2190,127,-54.2,36,1096,synthetic_telemetry
21.920354,sta_01,2192,121,-52.3,36,1097,synthetic_telemetry
21.920762,sta_02,2193,135,-47.8,36,1097,synthetic_telemetry
21.94015,sta_02,2195,129,-47.8,36,1098,synthetic_telemetry
21.940288,sta_01,2194,126,-72.4,36,1098,synthetic_telemetry
21.959039,sta_01,2196,128,-74.1,36,1099,synthetic_telemetry
21.960638,sta_02,2197,128,-52.2,36,1099,synthetic_telemetry
21.979622,sta_02,2199,119,-66.8,36,1100,synthetic_telemetry
21.980415,sta_01,2198,137,-72.0,36,1100,synthetic_telemetry
21.999246,sta_01,2200,128,-73.9,36,1101,synthetic_telemetry
22.000107,sta_02,2201,125,-58.7,36,1101,synthetic_telemetry
22.020161,sta_02,2203,140,-49.9,36,1102,synthetic_telemetry
22.020289,sta_01,2202,123,-57.5,36,1102,synthetic_telemetry
22.039104,sta_02,2205,128,-51.5,36,1103,synthetic_telemetry
22.040941,sta_01,2204,127,-73.0,36,1103,synthetic_telemetry
22.059262,sta_02,2207,128,-59.5,36,1104,synthetic_telemetry
22.060843,sta_01,2206,132,-60.2,36,1104,synthetic_telemetry
22.079244,sta_01,2208,123,-45.5,36,1105,synthetic_telemetry
22.079991,sta_02,2209,125,-57.2,36,1105,synthetic_telemetry
22.099757,sta_02,2211,137,-45.6,36,1106,synthetic_telemetry
22.100128,sta_01,2210,125,-68.3,36,1106,synthetic_telemetry
22.119032,sta_01,2212,137,-46.2,36,1107,synthetic_telemetry
22.119199,sta_02,2213,121,-64.7,36,1107,synthetic_telemetry
22.139095,sta_02,2215,117,-65.7,36,1108,synthetic_telemetry
22.139282,sta_01,2214,136,-72.9,36,1108,synthetic_telemetry
22.160038,sta_02,2217,137,-55.6,36,1109,synthetic_telemetry
22.16025,sta_01,2216,121,-73.6,36,1109,synthetic_telemetry
22.179518,sta_02,2219,128,-63.4,36,1110,synthetic_telemetry
22.179629,sta_01,2218,128,-62.8,36,1110,synthetic_telemetry
22.200383,sta_01,2220,137,-68.2,36,1111,synthetic_telemetry
22.200755,sta_02,2221,121,-52.8,36,1111,synthetic_telemetry
22.220293,sta_02,2223,131,-73.4,36,1112,synthetic_telemetry
22.220547,sta_01,2222,133,-61.6,36,1112,synthetic_telemetry
22.240674,sta_02,2225,128,-49.9,36,1113,synthetic_telemetry
22.240849,sta_01,2224,120,-52.9,36,1113,synthetic_telemetry
22.260023,sta_01,2226,127,-74.4,36,1114,synthetic_telemetry
22.260776,sta_02,2227,132,-45.1,36,1114,synthetic_telemetry
22.280222,sta_02,2229,131,-67.3,36,1115,synthetic_telemetry
22.280459,sta_01,2228,121,-58.2,36,1115,synthetic_telemetry
22.299655,sta_02,2231,117,-49.5,36,1116,synthetic_telemetry
22.300405,sta_01,2230,138,-70.0,36,1116,synthetic_telemetry
22.319873,sta_02,2233,122,-54.2,36,1117,synthetic_telemetry
22.320549,sta_01,2232,122,-55.5,36,1117,synthetic_telemetry
22.340048,sta_01,2234,134,-48.7,36,1118,synthetic_telemetry
22.340808,sta_02,2235,130,-48.5,36,1118,synthetic_telemetry
22.359273,sta_01,2236,130,-73.9,36,1119,synthetic_telemetry
22.360576,sta_02,2237,128,-54.0,36,1119,synthetic_telemetry
22.379978,sta_01,2238,123,-64.7,36,1120,synthetic_telemetry
22.380467,sta_02,2239,116,-45.3,36,1120,synthetic_telemetry
22.399473,sta_02,2241,125,-50.2,36,1121,synthetic_telemetry
22.400341,sta_01,2240,121,-68.4,36,1121,synthetic_telemetry
22.42004,sta_01,2242,135,-54.7,36,1122,synthetic_telemetry
22.420948,sta_02,2243,123,-47.1,36,1122,synthetic_telemetry
22.440234,sta_02,2245,125,-51.5,36,1123,synthetic_telemetry
22.440879,sta_01,2244,134,-58.8,36,1123,synthetic_telemetry
22.459613,sta_01,2246,123,-53.7,36,1124,synthetic_telemetry
22.459841,sta_02,2247,134,-62.7,36,1124,synthetic_telemetry
22.479393,sta_01,2248,123,-74.3,36,1125,synthetic_telemetry
22.480476,sta_02,2249,125,-66.6,36,1125,synthetic_telemetry
22.499448,sta_01,2250,136,-68.5,36,1126,synthetic_telemetry
22.499487,sta_02,2251,132,-48.3,36,1126,synthetic_telemetry
22.519008,sta_02,2253,135,-64.7,36,1127,synthetic_telemetry
22.520431,sta_01,2252,127,-60.9,36,1127,synthetic_telemetry
22.539452,sta_02,2255,142,-53.3,36,1128,synthetic_telemetry
22.540031,sta_01,2254,120,-47.8,36,1128,synthetic_telemetry
22.559335,sta_01,2256,141,-45.8,36,1129,synthetic_telemetry
22.560793,sta_02,2257,136,-66.3,36,1129,synthetic_telemetry
22.579267,sta_01,2258,132,-53.9,36,1130,synthetic_telemetry
22.580144,sta_02,2259,134,-74.3,36,1130,synthetic_telemetry
22.599977,sta_02,2261,127,-62.0,36,1131,synthetic_telemetry
22.600113,sta_01,2260,130,-55.1,36,1131,synthetic_telemetry
22.619355,sta_02,2263,123,-53.8,36,1132,synthetic_telemetry
22.620523,sta_01,2262,130,-68.6,36,1132,synthetic_telemetry
22.639277,sta_02,2265,127,-54.0,36,1133,synthetic_telemetry
22.640695,sta_01,2264,116,-67.1,36,1133,synthetic_telemetry
22.659203,sta_02,2267,129,-45.9,36,1134,synthetic_telemetry
22.660687,sta_01,2266,130,-53.3,36,1134,synthetic_telemetry
22.67932,sta_01,2268,126,-68.4,36,1135,synthetic_telemetry
22.679621,sta_02,2269,146,-68.5,36,1135,synthetic_telemetry
22.699994,sta_01,2270,137,-68.7,36,1136,synthetic_telemetry
22.700961,sta_02,2271,130,-72.5,36,1136,synthetic_telemetry
22.719193,sta_02,2273,124,-73.9,36,1137,synthetic_telemetry
22.7202,sta_01,2272,113,-46.8,36,1137,synthetic_telemetry
22.740007,sta_01,2274,125,-54.1,36,1138,synthetic_telemetry
22.740539,sta_02,2275,132,-62.6,36,1138,synthetic_telemetry
22.759142,sta_02,2277,115,-61.1,36,1139,synthetic_telemetry
22.759729,sta_01,2276,129,-54.5,36,1139,synthetic_telemetry
22.779639,sta_01,2278,133,-54.4,36,1140,synthetic_telemetry
22.780345,sta_02,2279,120,-49.4,36,1140,synthetic_telemetry
22.799267,sta_01,2280,124,-57.9,36,1141,synthetic_telemetry
22.800247,sta_02,2281,130,-54.5,36,1141,synthetic_telemetry
22.819545,sta_02,2283,137,-45.5,36,1142,synthetic_telemetry
22.820988,sta_01,2282,136,-54.5,36,1142,synthetic_telemetry
22.840483,sta_01,2284,123,-65.6,36,1143,synthetic_telemetry
22.840905,sta_02,2285,123,-67.3,36,1143,synthetic_telemetry
22.859231,sta_01,2286,112,-56.2,36,1144,synthetic_telemetry
22.860693,sta_02,2287,111,-50.3,36,1144,synthetic_telemetry
22.87902,sta_01,2288,125,-67.6,36,1145,synthetic_telemetry
22.879238,sta_02,2289,126,-45.2,36,1145,synthetic_telemetry
22.899169,sta_01,2290,134,-63.8,36,1146,synthetic_telemetry
22.899948,sta_02,2291,126,-46.6,36,1146,synthetic_telemetry
22.919217,sta_02,2293,126,-59.7,36,1147,synthetic_telemetry
22.920613,sta_01,2292,127,-48.2,36,1147,synthetic_telemetry
22.93927,sta_01,2294,135,-64.5,36,1148,synthetic_telemetry
22.939769,sta_02,2295,123,-54.9,36,1148,synthetic_telemetry
22.959128,sta_02,2297,126,-51.7,36,1149,synthetic_telemetry
22.959361,sta_01,2296,109,-45.9,36,1149,synthetic_telemetry
22.979933,sta_02,2299,124,-62.1,36,1150,synthetic_telemetry
22.980109,sta_01,2298,132,-48.1,36,1150,synthetic_telemetry
22.999198,sta_02,2301,135,-53.1,36,1151,synthetic_telemetry
22.999409,sta_01,2300,129,-52.0,36,1151,synthetic_telemetry
23.019325,sta_02,2303,134,-73.9,36,1152,synthetic_telemetry
23.020157,sta_01,2302,117,-59.7,36,1152,synthetic_telemetry
23.039638,sta_02,2305,133,-59.7,36,1153,synthetic_telemetry
23.039852,sta_01,2304,136,-60.4,36,1153,synthetic_telemetry
23.059277,sta_02,2307,119,-66.4,36,1154,synthetic_telemetry
23.060861,sta_01,2306,120,-58.5,36,1154,synthetic_telemetry
23.079421,sta_02,2309,131,-55.1,36,1155,synthetic_telemetry
23.079859,sta_01,2308,125,-58.5,36,1155,synthetic_telemetry
23.099065,sta_01,2310,126,-63.2,36,1156,synthetic_telemetry
23.09966,sta_02,2311,132,-66.5,36,1156,synthetic_telemetry
23.119048,sta_02,2313,119,-66.6,36,1157,synthetic_telemetry
23.120538,sta_01,2312,116,-48.7,36,1157,synthetic_telemetry
23.139216,sta_02,2315,131,-68.9,36,1158,synthetic_telemetry
23.140822,sta_01,2314,131,-55.5,36,1158,synthetic_telemetry
23.159662,sta_01,2316,141,-51.9,36,1159,synthetic_telemetry
23.160831,sta_02,2317,128,-54.9,36,1159,synthetic_telemetry
23.180011,sta_01,2318,126,-63.5,36,1160,synthetic_telemetry
23.180389,sta_02,2319,134,-65.2,36,1160,synthetic_telemetry
23.199156,sta_02,2321,123,-56.1,36,1161,synthetic_telemetry
23.200943,sta_01,2320,130,-58.4,36,1161,synthetic_telemetry
23.219219,sta_01,2322,115,-63.2,36,1162,synthetic_telemetry
23.219318,sta_02,2323,125,-50.9,36,1162,synthetic_telemetry
23.239309,sta_02,2325,125,-73.3,36,1163,synthetic_telemetry
23.240442,sta_01,2324,132,-60.7,36,1163,synthetic_telemetry
23.259817,sta_01,2326,124,-60.9,36,1164,synthetic_telemetry
23.260986,sta_02,2327,126,-67.5,36,1164,synthetic_telemetry
23.279002,sta_02,2329,126,-72.9,36,1165,synthetic_telemetry
23.28079,sta_01,2328,126,-51.1,36,1165,synthetic_telemetry
23.299734,sta_01,2330,130,-54.6,36,1166,synthetic_telemetry
23.300476,sta_02,2331,126,-53.5,36,1166,synthetic_telemetry
23.319349,sta_01,2332,132,-60.8,36,1167,synthetic_telemetry
23.319452,sta_02,2333,129,-66.6,36,1167,synthetic_telemetry
23.339936,sta_01,2334,127,-48.8,36,1168,synthetic_telemetry
23.34067,sta_02,2335,113,-71.4,36,1168,synthetic_telemetry
23.359022,sta_01,2336,127,-70.2,36,1169,synthetic_telemetry
23.360748,sta_02,2337,127,-64.3,36,1169,synthetic_telemetry
23.379107,sta_02,2339,125,-58.1,36,1170,synthetic_telemetry
23.379714,sta_01,2338,126,-55.3,36,1170,synthetic_telemetry
23.40038,sta_02,2341,146,-67.4,36,1171,synthetic_telemetry
23.400565,sta_01,2340,126,-68.1,36,1171,synthetic_telemetry
23.419117,sta_02,2343,135,-66.5,36,1172,synthetic_telemetry
23.419587,sta_01,2342,118,-55.9,36,1172,synthetic_telemetry
23.439717,sta_01,2344,135,-66.2,36,1173,synthetic_telemetry
23.440074,sta_02,2345,129,-64.6,36,1173,synthetic_telemetry
23.459893,sta_02,2347,133,-60.0,36,1174,synthetic_telemetry
23.459957,sta_01,2346,121,-54.0,36,1174,synthetic_telemetry
23.480496,sta_01,2348,119,-45.4,36,1175,synthetic_telemetry
23.480813,sta_02,2349,127,-59.6,36,1175,synthetic_telemetry
23.500438,sta_02,2351,131,-58.0,36,1176,synthetic_telemetry
23.500584,sta_01,2350,134,-64.2,36,1176,synthetic_telemetry
23.519808,sta_02,2353,133,-62.1,36,1177,synthetic_telemetry
23.520787,sta_01,2352,129,-67.5,36,1177,synthetic_telemetry
23.539255,sta_01,2354,133,-60.7,36,1178,synthetic_telemetry
23.540305,sta_02,2355,124,-56.7,36,1178,synthetic_telemetry
23.559028,sta_02,2357,118,-71.3,36,1179,synthetic_telemetry
23.560886,sta_01,2356,144,-71.0,36,1179,synthetic_telemetry
23.579917,sta_02,2359,123,-55.2,36,1180,synthetic_telemetry
23.580501,sta_01,2358,127,-48.4,36,1180,synthetic_telemetry
23.600386,sta_02,2361,133,-64.6,36,1181,synthetic_telemetry
23.600764,sta_01,2360,127,-45.2,36,1181,synthetic_telemetry
23.620021,sta_01,2362,132,-47.3,36,1182,synthetic_telemetry
23.62066,sta_02,2363,130,-64.0,36,1182,synthetic_telemetry
23.639188,sta_02,2365,135,-73.9,36,1183,synthetic_telemetry
23.6399,sta_01,2364,114,-73.6,36,1183,synthetic_telemetry
23.65909,sta_02,2367,138,-65.3,36,1184,synthetic_telemetry
23.659397,sta_01,2366,129,-58.2,36,1184,synthetic_telemetry
23.680509,sta_02,2369,135,-72.3,36,1185,synthetic_telemetry
23.680523,sta_01,2368,123,-49.4,36,1185,synthetic_telemetry
23.699486,sta_02,2371,129,-46.0,36,1186,synthetic_telemetry
23.700195,sta_01,2370,122,-59.7,36,1186,synthetic_telemetry
23.720257,sta_02,2373,122,-64.9,36,1187,synthetic_telemetry
23.720293,sta_01,2372,125,-55.7,36,1187,synthetic_telemetry
23.73986,sta_02,2375,120,-57.8,36,1188,synthetic_telemetry
23.740785,sta_01,2374,139,-72.0,36,1188,synthetic_telemetry
23.759121,sta_02,2377,133,-55.2,36,1189,synthetic_telemetry
23.760664,sta_01,2376,128,-69.6,36,1189,synthetic_telemetry
23.77955,sta_02,2379,127,-68.2,36,1190,synthetic_telemetry
23.779862,sta_01,2378,118,-45.7,36,1190,synthetic_telemetry
23.799213,sta_01,2380,118,-48.8,36,1191,synthetic_telemetry
23.800292,sta_02,2381,132,-65.0,36,1191,synthetic_telemetry
23.820322,sta_02,2383,131,-50.2,36,1192,synthetic_telemetry
23.820592,sta_01,2382,120,-73.0,36,1192,synthetic_telemetry
23.839663,sta_02,2385,132,-68.0,36,1193,synthetic_telemetry
23.839772,sta_01,2384,126,-46.9,36,1193,synthetic_telemetry
23.859837,sta_02,2387,127,-71.7,36,1194,synthetic_telemetry
23.86017,sta_01,2386,121,-72.1,36,1194,synthetic_telemetry
23.879412,sta_02,2389,125,-68.2,36,1195,synthetic_telemetry
23.880732,sta_01,2388,125,-69.8,36,1195,synthetic_telemetry
23.899105,sta_01,2390,138,-49.2,36,1196,synthetic_telemetry
23.899778,sta_02,2391,124,-70.9,36,1196,synthetic_telemetry
23.919947,sta_01,2392,132,-47.0,36,1197,synthetic_telemetry
23.92067,sta_02,2393,123,-50.5,36,1197,synthetic_telemetry
23.940452,sta_02,2395,126,-54.8,36,1198,synthetic_telemetry
23.940819,sta_01,2394,131,-59.6,36,1198,synthetic_telemetry
23.95943,sta_01,2396,117,-46.4,36,1199,synthetic_telemetry
23.959886,sta_02,2397,119,-68.3,36,1199,synthetic_telemetry
23.979084,sta_01,2398,131,-54.9,36,1200,synthetic_telemetry
23.979712,sta_02,2399,122,-74.8,36,1200,synthetic_telemetry
23.999287,sta_01,2400,132,-60.1,36,1201,synthetic_telemetry
24.000269,sta_02,2401,128,-57.8,36,1201,synthetic_telemetry
24.019092,sta_02,2403,129,-70.1,36,1202,synthetic_telemetry
24.019744,sta_01,2402,125,-74.8,36,1202,synthetic_telemetry
24.039668,sta_01,2404,129,-53.6,36,1203,synthetic_telemetry
24.040683,sta_02,2405,128,-74.3,36,1203,synthetic_telemetry
24.059647,sta_02,2407,138,-50.7,36,1204,synthetic_telemetry
24.060812,sta_01,2406,115,-58.9,36,1204,synthetic_telemetry
24.079314,sta_01,2408,121,-64.0,36,1205,synthetic_telemetry
24.080619,sta_02,2409,123,-69.1,36,1205,synthetic_telemetry
24.09937,sta_02,2411,127,-63.6,36,1206,synthetic_telemetry
24.100815,sta_01,2410,132,-71.3,36,1206,synthetic_telemetry
24.119647,sta_02,2413,125,-60.4,36,1207,synthetic_telemetry
24.12095,sta_01,2412,124,-46.0,36,1207,synthetic_telemetry
24.139979,sta_01,2414,128,-70.5,36,1208,synthetic_telemetry
24.140755,sta_02,2415,139,-66.2,36,1208,synthetic_telemetry
24.159826,sta_02,2417,120,-55.3,36,1209,synthetic_telemetry
24.160998,sta_01,2416,125,-52.9,36,1209,synthetic_telemetry
24.179611,sta_01,2418,137,-72.6,36,1210,synthetic_telemetry
24.180187,sta_02,2419,130,-62.7,36,1210,synthetic_telemetry
24.20054,sta_02,2421,132,-48.0,36,1211,synthetic_telemetry
24.200779,sta_01,2420,132,-55.2,36,1211,synthetic_telemetry
24.219072,sta_02,2423,139,-60.1,36,1212,synthetic_telemetry
24.219147,sta_01,2422,122,-65.4,36,1212,synthetic_telemetry
24.239161,sta_02,2425,122,-51.7,36,1213,synthetic_telemetry
24.239594,sta_01,2424,130,-52.4,36,1213,synthetic_telemetry
24.259119,sta_01,2426,126,-69.0,36,1214,synthetic_telemetry
24.25929,sta_02,2427,121,-70.3,36,1214,synthetic_telemetry
24.279095,sta_02,2429,141,-57.6,36,1215,synthetic_telemetry
24.279928,sta_01,2428,131,-69.3,36,1215,synthetic_telemetry
24.299132,sta_02,2431,143,-68.4,36,1216,synthetic_telemetry
24.300331,sta_01,2430,128,-52.8,36,1216,synthetic_telemetry
24.319855,sta_02,2433,125,-48.8,36,1217,synthetic_telemetry
24.320598,sta_01,2432,121,-46.4,36,1217,synthetic_telemetry
24.339949,sta_01,2434,117,-60.5,36,1218,synthetic_telemetry
24.340502,sta_02,2435,135,-66.3,36,1218,synthetic_telemetry
24.360659,sta_02,2437,133,-71.8,36,1219,synthetic_telemetry
24.36067,sta_01,2436,120,-61.2,36,1219,synthetic_telemetry
24.380632,sta_01,2438,119,-45.9,36,1220,synthetic_telemetry
24.380653,sta_02,2439,121,-47.4,36,1220,synthetic_telemetry
24.400033,sta_01,2440,135,-63.2,36,1221,synthetic_telemetry
24.400121,sta_02,2441,134,-47.8,36,1221,synthetic_telemetry
24.419621,sta_01,2442,120,-55.9,36,1222,synthetic_telemetry
24.420469,sta_02,2443,118,-65.0,36,1222,synthetic_telemetry
24.440343,sta_01,2444,139,-49.0,36,1223,synthetic_telemetry
24.440628,sta_02,2445,118,-68.6,36,1223,synthetic_telemetry
24.459194,sta_02,2447,123,-48.9,36,1224,synthetic_telemetry
24.460988,sta_01,2446,125,-61.8,36,1224,synthetic_telemetry
24.479926,sta_01,2448,128,-56.6,36,1225,synthetic_telemetry
24.480451,sta_02,2449,127,-61.4,36,1225,synthetic_telemetry
24.499863,sta_02,2451,129,-68.7,36,1226,synthetic_telemetry
24.500555,sta_01,2450,137,-69.4,36,1226,synthetic_telemetry
24.51985,sta_01,2452,136,-59.8,36,1227,synthetic_telemetry
24.520283,sta_02,2453,126,-69.8,36,1227,synthetic_telemetry
24.539297,sta_01,2454,119,-61.3,36,1228,synthetic_telemetry
24.540006,sta_02,2455,124,-73.0,36,1228,synthetic_telemetry
24.560312,sta_01,2456,122,-53.3,36,1229,synthetic_telemetry
24.560813,sta_02,2457,145,-72.7,36,1229,synthetic_telemetry
24.579795,sta_02,2459,134,-59.2,36,1230,synthetic_telemetry
24.580783,sta_01,2458,141,-52.3,36,1230,synthetic_telemetry
24.599761,sta_01,2460,134,-55.7,36,1231,synthetic_telemetry
24.600848,sta_02,2461,121,-48.3,36,1231,synthetic_telemetry
24.619034,sta_02,2463,130,-51.9,36,1232,synthetic_telemetry
24.620935,sta_01,2462,136,-49.9,36,1232,synthetic_telemetry
24.639695,sta_01,2464,124,-74.6,36,1233,synthetic_telemetry
24.640167,sta_02,2465,125,-46.0,36,1233,synthetic_telemetry
24.659697,sta_01,2466,135,-59.8,36,1234,synthetic_telemetry
24.659929,sta_02,2467,124,-67.0,36,1234,synthetic_telemetry
24.6793,sta_02,2469,128,-56.8,36,1235,synthetic_telemetry
24.680257,sta_01,2468,121,-67.6,36,1235,synthetic_telemetry
24.699321,sta_01,2470,113,-55.6,36,1236,synthetic_telemetry
24.70015,sta_02,2471,122,-67.5,36,1236,synthetic_telemetry
24.71955,sta_01,2472,132,-63.7,36,1237,synthetic_telemetry
24.720416,sta_02,2473,120,-45.2,36,1237,synthetic_telemetry
24.740389,sta_02,2475,128,-50.6,36,1238,synthetic_telemetry
24.740897,sta_01,2474,124,-60.7,36,1238,synthetic_telemetry
24.759419,sta_02,2477,116,-65.7,36,1239,synthetic_telemetry
24.760042,sta_01,2476,128,-47.3,36,1239,synthetic_telemetry
24.780236,sta_02,2479,126,-50.5,36,1240,synthetic_telemetry
24.780802,sta_01,2478,128,-72.2,36,1240,synthetic_telemetry
24.799001,sta_02,2481,134,-54.2,36,1241,synthetic_telemetry
24.800318,sta_01,2480,130,-46.0,36,1241,synthetic_telemetry
24.819189,sta_02,2483,126,-74.7,36,1242,synthetic_telemetry
24.820918,sta_01,2482,133,-65.3,36,1242,synthetic_telemetry
24.839944,sta_01,2484,127,-48.6,36,1243,synthetic_telemetry
24.84055,sta_02,2485,128,-61.6,36,1243,synthetic_telemetry
24.859992,sta_02,2487,137,-71.2,36,1244,synthetic_telemetry
24.860291,sta_01,2486,129,-70.9,36,1244,synthetic_telemetry
24.879076,sta_02,2489,130,-69.0,36,1245,synthetic_telemetry
24.880223,sta_01,2488,129,-72.4,36,1245,synthetic_telemetry
24.900418,sta_01,2490,133,-48.2,36,1246,synthetic_telemetry
24.900848,sta_02,2491,143,-70.9,36,1246,synthetic_telemetry
24.919444,sta_01,2492,124,-61.4,36,1247,synthetic_telemetry
24.920788,sta_02,2493,127,-51.2,36,1247,synthetic_telemetry
24.93907,sta_01,2494,123,-63.8,36,1248,synthetic_telemetry
24.939579,sta_02,2495,133,-70.3,36,1248,synthetic_telemetry
24.95975,sta_01,2496,128,-48.5,36,1249,synthetic_telemetry
24.960664,sta_02,2497,121,-71.8,36,1249,synthetic_telemetry
24.979349,sta_01,2498,140,-74.1,36,1250,synthetic_telemetry
24.980846,sta_02,2499,123,-56.2,36,1250,synthetic_telemetry
24.999835,sta_02,2501,136,-45.7,36,1251,synthetic_telemetry
25.000667,sta_01,2500,129,-58.6,36,1251,synthetic_telemetry
25.01991,sta_01,2502,123,-71.8,36,1252,synthetic_telemetry
25.020416,sta_02,2503,122,-63.1,36,1252,synthetic_telemetry
25.039111,sta_01,2504,131,-65.0,36,1253,synthetic_telemetry
25.040808,sta_02,2505,123,-48.2,36,1253,synthetic_telemetry
25.060096,sta_02,2507,126,-50.2,36,1254,synthetic_telemetry
25.06095,sta_01,2506,129,-71.5,36,1254,synthetic_telemetry
25.08029,sta_02,2509,136,-68.2,36,1255,synthetic_telemetry
25.080869,sta_01,2508,125,-51.9,36,1255,synthetic_telemetry
25.100322,sta_01,2510,133,-61.5,36,1256,synthetic_telemetry
25.100727,sta_02,2511,127,-52.2,36,1256,synthetic_telemetry
25.119867,sta_02,2513,121,-62.0,36,1257,synthetic_telemetry
25.120188,sta_01,2512,130,-73.3,36,1257,synthetic_telemetry
25.13954,sta_02,2515,123,-70.5,36,1258,synthetic_telemetry
25.14006,sta_01,2514,128,-53.2,36,1258,synthetic_telemetry
25.159301,sta_01,2516,135,-65.0,36,1259,synthetic_telemetry
25.159485,sta_02,2517,138,-59.4,36,1259,synthetic_telemetry
25.180535,sta_01,2518,130,-73.2,36,1260,synthetic_telemetry
25.180756,sta_02,2519,127,-71.6,36,1260,synthetic_telemetry
25.199001,sta_01,2520,134,-55.2,36,1261,synthetic_telemetry
25.199119,sta_02,2521,125,-46.1,36,1261,synthetic_telemetry
25.219849,sta_02,2523,122,-48.9,36,1262,synthetic_telemetry
25.220465,sta_01,2522,135,-69.3,36,1262,synthetic_telemetry
25.239255,sta_02,2525,121,-56.8,36,1263,synthetic_telemetry
25.239954,sta_01,2524,116,-62.9,36,1263,synthetic_telemetry
25.25924,sta_02,2527,137,-62.6,36,1264,synthetic_telemetry
25.260521,sta_01,2526,117,-62.7,36,1264,synthetic_telemetry
25.279369,sta_02,2529,113,-73.0,36,1265,synthetic_telemetry
25.279517,sta_01,2528,127,-65.7,36,1265,synthetic_telemetry
25.299986,sta_02,2531,140,-56.6,36,1266,synthetic_telemetry
25.300358,sta_01,2530,130,-59.6,36,1266,synthetic_telemetry
25.31931,sta_02,2533,122,-60.6,36,1267,synthetic_telemetry
25.320869,sta_01,2532,127,-50.7,36,1267,synthetic_telemetry
25.339404,sta_02,2535,119,-49.4,36,1268,synthetic_telemetry
25.340481,sta_01,2534,134,-54.0,36,1268,synthetic_telemetry
25.36046,sta_01,2536,114,-51.5,36,1269,synthetic_telemetry
25.360993,sta_02,2537,120,-50.5,36,1269,synthetic_telemetry
25.379434,sta_01,2538,130,-70.2,36,1270,synthetic_telemetry
25.380482,sta_02,2539,130,-64.4,36,1270,synthetic_telemetry
25.399032,sta_01,2540,124,-63.3,36,1271,synthetic_telemetry
25.400283,sta_02,2541,130,-46.1,36,1271,synthetic_telemetry
25.42065,sta_02,2543,110,-73.2,36,1272,synthetic_telemetry
25.420711,sta_01,2542,139,-74.5,36,1272,synthetic_telemetry
25.439452,sta_02,2545,127,-49.1,36,1273,synthetic_telemetry
25.440508,sta_01,2544,131,-65.7,36,1273,synthetic_telemetry
25.459096,sta_01,2546,134,-50.5,36,1274,synthetic_telemetry
25.46016,sta_02,2547,123,-65.5,36,1274,synthetic_telemetry
25.479609,sta_01,2548,129,-61.1,36,1275,synthetic_telemetry
25.480213,sta_02,2549,122,-45.9,36,1275,synthetic_telemetry
25.499636,sta_02,2551,144,-74.7,36,1276,synthetic_telemetry
25.499939,sta_01,2550,116,-59.1,36,1276,synthetic_telemetry
25.520104,sta_01,2552,115,-72.2,36,1277,synthetic_telemetry
25.520909,sta_02,2553,131,-68.1,36,1277,synthetic_telemetry
25.539905,sta_02,2555,135,-52.0,36,1278,synthetic_telemetry
25.540792,sta_01,2554,133,-60.6,36,1278,synthetic_telemetry
25.559802,sta_02,2557,116,-69.6,36,1279,synthetic_telemetry
25.560175,sta_01,2556,124,-59.7,36,1279,synthetic_telemetry
25.579126,sta_01,2558,122,-54.7,36,1280,synthetic_telemetry
25.58033,sta_02,2559,123,-60.1,36,1280,synthetic_telemetry
25.599391,sta_02,2561,122,-69.8,36,1281,synthetic_telemetry
25.600627,sta_01,2560,138,-47.1,36,1281,synthetic_telemetry
25.620043,sta_02,2563,130,-47.2,36,1282,synthetic_telemetry
25.620254,sta_01,2562,123,-59.2,36,1282,synthetic_telemetry
25.639057,sta_01,2564,117,-56.7,36,1283,synthetic_telemetry
25.640992,sta_02,2565,125,-52.4,36,1283,synthetic_telemetry
25.659495,sta_02,2567,132,-71.3,36,1284,synthetic_telemetry
25.660972,sta_01,2566,125,-74.8,36,1284,synthetic_telemetry
25.679319,sta_02,2569,132,-64.2,36,1285,synthetic_telemetry
25.680649,sta_01,2568,124,-51.6,36,1285,synthetic_telemetry
25.6991,sta_02,2571,124,-46.3,36,1286,synthetic_telemetry
25.699621,sta_01,2570,130,-56.1,36,1286,synthetic_telemetry
25.719523,sta_02,2573,122,-55.8,36,1287,synthetic_telemetry
25.71999,sta_01,2572,130,-60.3,36,1287,synthetic_telemetry
25.739241,sta_02,2575,125,-72.4,36,1288,synthetic_telemetry
25.740292,sta_01,2574,126,-67.1,36,1288,synthetic_telemetry
25.759191,sta_01,2576,126,-74.6,36,1289,synthetic_telemetry
25.760546,sta_02,2577,130,-53.4,36,1289,synthetic_telemetry
25.779942,sta_01,2578,126,-49.1,36,1290,synthetic_telemetry
25.780969,sta_02,2579,125,-52.7,36,1290,synthetic_telemetry
25.800676,sta_01,2580,129,-64.1,36,1291,synthetic_telemetry
25.800913,sta_02,2581,122,-55.8,36,1291,synthetic_telemetry
25.820295,sta_01,2582,134,-61.4,36,1292,synthetic_telemetry
25.820318,sta_02,2583,129,-74.1,36,1292,synthetic_telemetry
25.839289,sta_01,2584,109,-47.5,36,1293,synthetic_telemetry
25.840681,sta_02,2585,124,-70.0,36,1293,synthetic_telemetry
25.859708,sta_01,2586,119,-59.0,36,1294,synthetic_telemetry
25.86021,sta_02,2587,113,-50.5,36,1294,synthetic_telemetry
25.880381,sta_01,2588,129,-48.4,36,1295,synthetic_telemetry
25.880707,sta_02,2589,121,-53.7,36,1295,synthetic_telemetry
25.899018,sta_01,2590,119,-60.8,36,1296,synthetic_telemetry
25.89994,sta_02,2591,136,-70.9,36,1296,synthetic_telemetry
25.919605,sta_02,2593,121,-49.8,36,1297,synthetic_telemetry
25.920328,sta_01,2592,130,-72.8,36,1297,synthetic_telemetry
25.939083,sta_02,2595,129,-45.9,36,1298,synthetic_telemetry
25.940398,sta_01,2594,123,-64.2,36,1298,synthetic_telemetry
25.959085,sta_02,2597,133,-47.3,36,1299,synthetic_telemetry
25.960937,sta_01,2596,115,-70.5,36,1299,synthetic_telemetry
25.979191,sta_02,2599,125,-46.2,36,1300,synthetic_telemetry
25.979745,sta_01,2598,122,-69.3,36,1300,synthetic_telemetry
25.999286,sta_02,2601,122,-50.7,36,1301,synthetic_telemetry
25.999657,sta_01,2600,123,-54.4,36,1301,synthetic_telemetry
26.019686,sta_02,2603,138,-70.3,36,1302,synthetic_telemetry
26.020144,sta_01,2602,127,-51.4,36,1302,synthetic_telemetry
26.039557,sta_02,2605,136,-47.3,36,1303,synthetic_telemetry
26.040102,sta_01,2604,121,-74.7,36,1303,synthetic_telemetry
26.059888,sta_01,2606,127,-64.1,36,1304,synthetic_telemetry
26.060239,sta_02,2607,132,-70.9,36,1304,synthetic_telemetry
26.080612,sta_01,2608,130,-65.0,36,1305,synthetic_telemetry
26.080862,sta_02,2609,124,-46.0,36,1305,synthetic_telemetry
26.100024,sta_01,2610,126,-73.5,36,1306,synthetic_telemetry
26.100202,sta_02,2611,138,-48.4,36,1306,synthetic_telemetry
26.11937,sta_01,2612,120,-63.4,36,1307,synthetic_telemetry
26.119897,sta_02,2613,116,-73.0,36,1307,synthetic_telemetry
26.139425,sta_01,2614,129,-74.3,36,1308,synthetic_telemetry
26.140478,sta_02,2615,120,-53.5,36,1308,synthetic_telemetry
26.159306,sta_01,2616,137,-48.2,36,1309,synthetic_telemetry
26.160839,sta_02,2617,133,-68.4,36,1309,synthetic_telemetry
26.180379,sta_02,2619,126,-55.2,36,1310,synthetic_telemetry
26.180781,sta_01,2618,129,-48.1,36,1310,synthetic_telemetry
26.199504,sta_02,2621,123,-48.9,36,1311,synthetic_telemetry
26.199673,sta_01,2620,128,-68.8,36,1311,synthetic_telemetry
26.219267,sta_01,2622,130,-56.2,36,1312,synthetic_telemetry
26.220841,sta_02,2623,136,-55.4,36,1312,synthetic_telemetry
26.239405,sta_02,2625,126,-56.6,36,1313,synthetic_telemetry
26.239499,sta_01,2624,132,-61.8,36,1313,synthetic_telemetry
26.259035,sta_02,2627,128,-66.1,36,1314,synthetic_telemetry
26.260603,sta_01,2626,115,-49.8,36,1314,synthetic_telemetry
26.279063,sta_01,2628,125,-46.1,36,1315,synthetic_telemetry
26.279393,sta_02,2629,134,-71.4,36,1315,synthetic_telemetry
26.299466,sta_02,2631,123,-69.3,36,1316,synthetic_telemetry
26.30049,sta_01,2630,135,-64.0,36,1316,synthetic_telemetry
26.31966,sta_01,2632,140,-45.4,36,1317,synthetic_telemetry
26.320578,sta_02,2633,130,-68.5,36,1317,synthetic_telemetry
26.340571,sta_02,2635,123,-60.1,36,1318,synthetic_telemetry
26.340598,sta_01,2634,127,-65.7,36,1318,synthetic_telemetry
26.359343,sta_01,2636,133,-67.0,36,1319,synthetic_telemetry
26.360089,sta_02,2637,125,-54.9,36,1319,synthetic_telemetry
26.379622,sta_02,2639,131,-73.0,36,1320,synthetic_telemetry
26.379794,sta_01,2638,126,-68.4,36,1320,synthetic_telemetry
26.399923,sta_02,2641,128,-60.5,36,1321,synthetic_telemetry
26.40008,sta_01,2640,133,-47.4,36,1321,synthetic_telemetry
26.419441,sta_02,2643,128,-68.1,36,1322,synthetic_telemetry
26.420306,sta_01,2642,130,-52.6,36,1322,synthetic_telemetry
26.439954,sta_02,2645,135,-64.8,36,1323,synthetic_telemetry
26.440917,sta_01,2644,125,-64.2,36,1323,synthetic_telemetry
26.460016,sta_02,2647,113,-58.3,36,1324,synthetic_telemetry
26.460951,sta_01,2646,125,-63.5,36,1324,synthetic_telemetry
26.4795,sta_01,2648,132,-67.9,36,1325,synthetic_telemetry
26.480514,sta_02,2649,129,-48.0,36,1325,synthetic_telemetry
26.499986,sta_01,2650,136,-52.7,36,1326,synthetic_telemetry
26.500371,sta_02,2651,133,-52.4,36,1326,synthetic_telemetry
26.519952,sta_02,2653,134,-60.4,36,1327,synthetic_telemetry
26.520274,sta_01,2652,134,-47.9,36,1327,synthetic_telemetry
26.539627,sta_02,2655,114,-55.6,36,1328,synthetic_telemetry
26.540692,sta_01,2654,127,-47.8,36,1328,synthetic_telemetry
26.559795,sta_01,2656,123,-51.2,36,1329,synthetic_telemetry
26.560486,sta_02,2657,140,-64.3,36,1329,synthetic_telemetry
26.579446,sta_02,2659,128,-71.6,36,1330,synthetic_telemetry
26.580136,sta_01,2658,134,-46.5,36,1330,synthetic_telemetry
26.599033,sta_01,2660,130,-63.7,36,1331,synthetic_telemetry
26.599701,sta_02,2661,132,-65.5,36,1331,synthetic_telemetry
26.619641,sta_01,2662,129,-70.1,36,1332,synthetic_telemetry
26.620946,sta_02,2663,131,-56.1,36,1332,synthetic_telemetry
26.639988,sta_02,2665,128,-63.8,36,1333,synthetic_telemetry
26.640615,sta_01,2664,122,-63.5,36,1333,synthetic_telemetry
26.659593,sta_02,2667,141,-73.0,36,1334,synthetic_telemetry
26.66075,sta_01,2666,115,-45.7,36,1334,synthetic_telemetry
26.679123,sta_02,2669,134,-52.2,36,1335,synthetic_telemetry
26.680645,sta_01,2668,127,-59.6,36,1335,synthetic_telemetry
26.699515,sta_02,2671,142,-45.1,36,1336,synthetic_telemetry
26.700404,sta_01,2670,121,-69.0,36,1336,synthetic_telemetry
26.72021,sta_01,2672,134,-56.2,36,1337,synthetic_telemetry
26.720791,sta_02,2673,118,-69.7,36,1337,synthetic_telemetry
26.740871,sta_01,2674,125,-64.0,36,1338,synthetic_telemetry
26.740981,sta_02,2675,125,-66.8,36,1338,synthetic_telemetry
26.759973,sta_01,2676,132,-47.1,36,1339,synthetic_telemetry
26.760629,sta_02,2677,143,-47.1,36,1339,synthetic_telemetry
26.779473,sta_01,2678,134,-72.7,36,1340,synthetic_telemetry
26.78046,sta_02,2679,127,-50.2,36,1340,synthetic_telemetry
26.799564,sta_01,2680,127,-55.2,36,1341,synthetic_telemetry
26.800856,sta_02,2681,136,-73.3,36,1341,synthetic_telemetry
26.81951,sta_01,2682,124,-55.0,36,1342,synthetic_telemetry
26.819719,sta_02,2683,128,-62.7,36,1342,synthetic_telemetry
26.839223,sta_02,2685,131,-57.5,36,1343,synthetic_telemetry
26.840341,sta_01,2684,123,-70.1,36,1343,synthetic_telemetry
26.860646,sta_02,2687,118,-52.8,36,1344,synthetic_telemetry
26.860714,sta_01,2686,138,-60.3,36,1344,synthetic_telemetry
26.879016,sta_02,2689,134,-50.4,36,1345,synthetic_telemetry
26.879842,sta_01,2688,129,-66.7,36,1345,synthetic_telemetry
26.899569,sta_01,2690,132,-61.1,36,1346,synthetic_telemetry
26.900554,sta_02,2691,132,-59.7,36,1346,synthetic_telemetry
26.919963,sta_01,2692,133,-69.2,36,1347,synthetic_telemetry
26.920363,sta_02,2693,132,-72.7,36,1347,synthetic_telemetry
26.94044,sta_01,2694,126,-69.9,36,1348,synthetic_telemetry
26.94075,sta_02,2695,129,-70.2,36,1348,synthetic_telemetry
26.959679,sta_01,2696,110,-53.9,36,1349,synthetic_telemetry
26.960924,sta_02,2697,136,-70.4,36,1349,synthetic_telemetry
26.980026,sta_01,2698,119,-45.9,36,1350,synthetic_telemetry
26.980677,sta_02,2699,131,-51.6,36,1350,synthetic_telemetry
27.000285,sta_02,2701,126,-50.9,36,1351,synthetic_telemetry
27.000932,sta_01,2700,137,-50.0,36,1351,synthetic_telemetry
27.019406,sta_01,2702,118,-49.2,36,1352,synthetic_telemetry
27.020267,sta_02,2703,128,-69.2,36,1352,synthetic_telemetry
27.040607,sta_01,2704,131,-46.7,36,1353,synthetic_telemetry
27.040735,sta_02,2705,127,-59.3,36,1353,synthetic_telemetry
27.059244,sta_02,2707,130,-62.2,36,1354,synthetic_telemetry
27.059305,sta_01,2706,114,-56.1,36,1354,synthetic_telemetry
27.079826,sta_02,2709,124,-53.0,36,1355,synthetic_telemetry
27.080528,sta_01,2708,130,-67.5,36,1355,synthetic_telemetry
27.099483,sta_01,2710,130,-65.7,36,1356,synthetic_telemetry
27.100812,sta_02,2711,130,-54.5,36,1356,synthetic_telemetry
27.11925,sta_02,2713,120,-74.4,36,1357,synthetic_telemetry
27.119437,sta_01,2712,114,-50.2,36,1357,synthetic_telemetry
27.139217,sta_02,2715,137,-67.5,36,1358,synthetic_telemetry
27.140843,sta_01,2714,124,-72.1,36,1358,synthetic_telemetry
27.160232,sta_01,2716,120,-45.8,36,1359,synthetic_telemetry
27.160531,sta_02,2717,139,-62.9,36,1359,synthetic_telemetry
27.180232,sta_01,2718,122,-53.6,36,1360,synthetic_telemetry
27.180693,sta_02,2719,139,-61.2,36,1360,synthetic_telemetry
27.19965,sta_01,2720,121,-46.4,36,1361,synthetic_telemetry
27.200945,sta_02,2721,134,-48.6,36,1361,synthetic_telemetry
27.220779,sta_02,2723,130,-53.6,36,1362,synthetic_telemetry
27.220966,sta_01,2722,131,-69.3,36,1362,synthetic_telemetry
27.240196,sta_02,2725,139,-54.3,36,1363,synthetic_telemetry
27.240885,sta_01,2724,135,-63.7,36,1363,synthetic_telemetry
27.259004,sta_02,2727,127,-49.2,36,1364,synthetic_telemetry
27.259124,sta_01,2726,130,-63.5,36,1364,synthetic_telemetry
27.280101,sta_02,2729,122,-48.0,36,1365,synthetic_telemetry
27.280212,sta_01,2728,120,-47.5,36,1365,synthetic_telemetry
27.299128,sta_02,2731,119,-46.5,36,1366,synthetic_telemetry
27.299144,sta_01,2730,133,-64.8,36,1366,synthetic_telemetry
27.31955,sta_01,2732,128,-53.0,36,1367,synthetic_telemetry
27.320168,sta_02,2733,131,-62.0,36,1367,synthetic_telemetry
27.339696,sta_01,2734,126,-67.8,36,1368,synthetic_telemetry
27.34037,sta_02,2735,128,-56.9,36,1368,synthetic_telemetry
27.359307,sta_01,2736,131,-55.1,36,1369,synthetic_telemetry
27.360086,sta_02,2737,132,-64.8,36,1369,synthetic_telemetry
27.379621,sta_02,2739,129,-71.9,36,1370,synthetic_telemetry
27.380595,sta_01,2738,133,-69.6,36,1370,synthetic_telemetry
27.400529,sta_01,2740,123,-56.4,36,1371,synthetic_telemetry
27.400933,sta_02,2741,132,-73.1,36,1371,synthetic_telemetry
27.41939,sta_02,2743,132,-63.5,36,1372,synthetic_telemetry
27.420696,sta_01,2742,133,-53.7,36,1372,synthetic_telemetry
27.439219,sta_02,2745,132,-59.6,36,1373,synthetic_telemetry
27.439784,sta_01,2744,125,-69.6,36,1373,synthetic_telemetry
27.460206,sta_02,2747,119,-61.9,36,1374,synthetic_telemetry
27.460851,sta_01,2746,131,-51.3,36,1374,synthetic_telemetry
27.479175,sta_02,2749,129,-66.0,36,1375,synthetic_telemetry
27.479909,sta_01,2748,127,-49.6,36,1375,synthetic_telemetry
27.50002,sta_02,2751,122,-54.8,36,1376,synthetic_telemetry
27.500284,sta_01,2750,123,-51.3,36,1376,synthetic_telemetry
27.51951,sta_02,2753,132,-74.2,36,1377,synthetic_telemetry
27.520749,sta_01,2752,125,-60.5,36,1377,synthetic_telemetry
27.539231,sta_01,2754,130,-58.7,36,1378,synthetic_telemetry
27.539482,sta_02,2755,125,-51.5,36,1378,synthetic_telemetry
27.559144,sta_02,2757,130,-64.5,36,1379,synthetic_telemetry
27.560435,sta_01,2756,133,-48.8,36,1379,synthetic_telemetry
27.579676,sta_01,2758,131,-47.6,36,1380,synthetic_telemetry
27.580244,sta_02,2759,133,-50.3,36,1380,synthetic_telemetry
27.599148,sta_01,2760,125,-55.3,36,1381,synthetic_telemetry
27.600265,sta_02,2761,126,-65.0,36,1381,synthetic_telemetry
27.61976,sta_01,2762,130,-49.6,36,1382,synthetic_telemetry
27.619946,sta_02,2763,116,-69.8,36,1382,synthetic_telemetry
27.63917,sta_01,2764,129,-68.7,36,1383,synthetic_telemetry
27.639743,sta_02,2765,128,-74.6,36,1383,synthetic_telemetry
27.660128,sta_01,2766,121,-71.2,36,1384,synthetic_telemetry
27.660271,sta_02,2767,116,-66.3,36,1384,synthetic_telemetry
27.680969,sta_01,2768,134,-58.1,36,1385,synthetic_telemetry
27.680985,sta_02,2769,130,-71.7,36,1385,synthetic_telemetry
27.699345,sta_02,2771,131,-70.3,36,1386,synthetic_telemetry
27.699547,sta_01,2770,123,-68.9,36,1386,synthetic_telemetry
27.71999,sta_01,2772,126,-61.4,36,1387,synthetic_telemetry
27.720354,sta_02,2773,125,-70.4,36,1387,synthetic_telemetry
27.739664,sta_02,2775,127,-56.4,36,1388,synthetic_telemetry
27.740078,sta_01,2774,138,-67.8,36,1388,synthetic_telemetry
27.759619,sta_01,2776,127,-70.4,36,1389,synthetic_telemetry
27.760049,sta_02,2777,124,-68.4,36,1389,synthetic_telemetry
27.779233,sta_02,2779,137,-60.8,36,1390,synthetic_telemetry
27.779749,sta_01,2778,138,-54.1,36,1390,synthetic_telemetry
27.799172,sta_02,2781,127,-74.3,36,1391,synthetic_telemetry
27.800815,sta_01,2780,121,-56.4,36,1391,synthetic_telemetry
27.819651,sta_02,2783,117,-46.5,36,1392,synthetic_telemetry
27.820448,sta_01,2782,127,-73.7,36,1392,synthetic_telemetry
27.839484,sta_02,2785,135,-53.0,36,1393,synthetic_telemetry
27.840082,sta_01,2784,140,-55.7,36,1393,synthetic_telemetry
27.859732,sta_02,2787,129,-67.2,36,1394,synthetic_telemetry
27.86044,sta_01,2786,124,-63.3,36,1394,synthetic_telemetry
27.879365,sta_01,2788,124,-74.2,36,1395,synthetic_telemetry
27.88001,sta_02,2789,132,-49.4,36,1395,synthetic_telemetry
27.8998,sta_01,2790,123,-74.0,36,1396,synthetic_telemetry
27.900265,sta_02,2791,136,-61.0,36,1396,synthetic_telemetry
27.919089,sta_02,2793,133,-48.4,36,1397,synthetic_telemetry
27.920286,sta_01,2792,131,-50.4,36,1397,synthetic_telemetry
27.939615,sta_01,2794,117,-55.2,36,1398,synthetic_telemetry
27.94006,sta_02,2795,125,-46.3,36,1398,synthetic_telemetry
27.959539,sta_01,2796,134,-50.6,36,1399,synthetic_telemetry
27.960218,sta_02,2797,119,-50.5,36,1399,synthetic_telemetry
27.98003,sta_02,2799,133,-48.2,36,1400,synthetic_telemetry
27.980379,sta_01,2798,122,-55.7,36,1400,synthetic_telemetry
27.999194,sta_02,2801,130,-69.8,36,1401,synthetic_telemetry
27.999315,sta_01,2800,137,-46.2,36,1401,synthetic_telemetry
28.019459,sta_01,2802,126,-53.9,36,1402,synthetic_telemetry
28.020733,sta_02,2803,130,-57.8,36,1402,synthetic_telemetry
28.039924,sta_01,2804,121,-63.2,36,1403,synthetic_telemetry
28.040132,sta_02,2805,124,-46.2,36,1403,synthetic_telemetry
28.060163,sta_02,2807,118,-61.4,36,1404,synthetic_telemetry
28.060643,sta_01,2806,139,-69.3,36,1404,synthetic_telemetry
28.079202,sta_01,2808,131,-55.7,36,1405,synthetic_telemetry
28.080398,sta_02,2809,121,-69.8,36,1405,synthetic_telemetry
28.100507,sta_02,2811,129,-70.2,36,1406,synthetic_telemetry
28.100613,sta_01,2810,126,-65.2,36,1406,synthetic_telemetry
28.119899,sta_02,2813,125,-68.5,36,1407,synthetic_telemetry
28.119957,sta_01,2812,125,-55.4,36,1407,synthetic_telemetry
28.139933,sta_02,2815,126,-59.6,36,1408,synthetic_telemetry
28.13999,sta_01,2814,125,-67.0,36,1408,synthetic_telemetry
28.159557,sta_01,2816,133,-75.0,36,1409,synthetic_telemetry
28.160355,sta_02,2817,131,-72.3,36,1409,synthetic_telemetry
28.179879,sta_02,2819,122,-50.1,36,1410,synthetic_telemetry
28.180536,sta_01,2818,128,-72.9,36,1410,synthetic_telemetry
28.199693,sta_02,2821,127,-61.6,36,1411,synthetic_telemetry
28.20041,sta_01,2820,127,-52.8,36,1411,synthetic_telemetry
28.21943,sta_02,2823,131,-58.4,36,1412,synthetic_telemetry
28.219739,sta_01,2822,128,-70.3,36,1412,synthetic_telemetry
28.239817,sta_02,2825,118,-57.3,36,1413,synthetic_telemetry
28.240989,sta_01,2824,126,-70.5,36,1413,synthetic_telemetry
28.259413,sta_02,2827,126,-46.9,36,1414,synthetic_telemetry
28.260894,sta_01,2826,132,-45.3,36,1414,synthetic_telemetry
28.279029,sta_02,2829,125,-55.8,36,1415,synthetic_telemetry
28.280047,sta_01,2828,125,-60.1,36,1415,synthetic_telemetry
28.300239,sta_02,2831,122,-48.1,36,1416,synthetic_telemetry
28.300346,sta_01,2830,137,-59.5,36,1416,synthetic_telemetry
28.319556,sta_01,2832,130,-73.4,36,1417,synthetic_telemetry
28.319823,sta_02,2833,132,-55.6,36,1417,synthetic_telemetry
28.33984,sta_01,2834,138,-63.7,36,1418,synthetic_telemetry
28.340624,sta_02,2835,133,-48.2,36,1418,synthetic_telemetry
28.360319,sta_02,2837,133,-54.2,36,1419,synthetic_telemetry
28.360977,sta_01,2836,134,-52.3,36,1419,synthetic_telemetry
28.379105,sta_01,2838,127,-47.6,36,1420,synthetic_telemetry
28.379691,sta_02,2839,126,-57.8,36,1420,synthetic_telemetry
28.399101,sta_01,2840,115,-50.3,36,1421,synthetic_telemetry
28.399505,sta_02,2841,125,-72.2,36,1421,synthetic_telemetry
28.419468,sta_02,2843,122,-55.3,36,1422,synthetic_telemetry
28.420934,sta_01,2842,136,-63.8,36,1422,synthetic_telemetry
28.439372,sta_01,2844,130,-52.5,36,1423,synthetic_telemetry
28.440618,sta_02,2845,130,-53.5,36,1423,synthetic_telemetry
28.459622,sta_02,2847,125,-67.8,36,1424,synthetic_telemetry
28.46047,sta_01,2846,130,-69.0,36,1424,synthetic_telemetry
28.479747,sta_01,2848,117,-51.3,36,1425,synthetic_telemetry
28.47992,sta_02,2849,124,-49.4,36,1425,synthetic_telemetry
28.500219,sta_01,2850,130,-70.6,36,1426,synthetic_telemetry
28.500905,sta_02,2851,133,-64.6,36,1426,synthetic_telemetry
28.51998,sta_02,2853,130,-47.8,36,1427,synthetic_telemetry
28.520688,sta_01,2852,125,-68.0,36,1427,synthetic_telemetry
28.539356,sta_02,2855,126,-45.6,36,1428,synthetic_telemetry
28.539793,sta_01,2854,123,-57.2,36,1428,synthetic_telemetry
28.560118,sta_02,2857,123,-56.3,36,1429,synthetic_telemetry
28.560194,sta_01,2856,127,-54.6,36,1429,synthetic_telemetry
28.579981,sta_01,2858,130,-54.5,36,1430,synthetic_telemetry
28.580511,sta_02,2859,127,-67.2,36,1430,synthetic_telemetry
28.59993,sta_02,2861,131,-46.3,36,1431,synthetic_telemetry
28.60054,sta_01,2860,129,-69.9,36,1431,synthetic_telemetry
28.619065,sta_01,2862,125,-70.1,36,1432,synthetic_telemetry
28.61915,sta_02,2863,135,-47.3,36,1432,synthetic_telemetry
28.640687,sta_02,2865,128,-60.2,36,1433,synthetic_telemetry
28.640715,sta_01,2864,129,-74.4,36,1433,synthetic_telemetry
28.659233,sta_02,2867,133,-62.4,36,1434,synthetic_telemetry
28.659546,sta_01,2866,120,-63.5,36,1434,synthetic_telemetry
28.679015,sta_02,2869,140,-57.6,36,1435,synthetic_telemetry
28.679106,sta_01,2868,134,-47.8,36,1435,synthetic_telemetry
28.700712,sta_02,2871,123,-59.3,36,1436,synthetic_telemetry
28.700725,sta_01,2870,133,-56.6,36,1436,synthetic_telemetry
28.719999,sta_01,2872,129,-66.0,36,1437,synthetic_telemetry
28.720997,sta_02,2873,139,-64.7,36,1437,synthetic_telemetry
28.73925,sta_02,2875,127,-62.0,36,1438,synthetic_telemetry
28.739739,sta_01,2874,134,-62.5,36,1438,synthetic_telemetry
28.759322,sta_02,2877,130,-67.9,36,1439,synthetic_telemetry
28.759375,sta_01,2876,122,-74.3,36,1439,synthetic_telemetry
28.780575,sta_02,2879,112,-66.5,36,1440,synthetic_telemetry
28.780993,sta_01,2878,121,-61.2,36,1440,synthetic_telemetry
28.799015,sta_02,2881,125,-70.4,36,1441,synthetic_telemetry
28.799907,sta_01,2880,136,-65.6,36,1441,synthetic_telemetry
28.81904,sta_01,2882,128,-57.2,36,1442,synthetic_telemetry
28.820679,sta_02,2883,130,-45.6,36,1442,synthetic_telemetry
28.839872,sta_01,2884,133,-72.5,36,1443,synthetic_telemetry
28.840716,sta_02,2885,125,-46.7,36,1443,synthetic_telemetry
28.859844,sta_01,2886,131,-50.5,36,1444,synthetic_telemetry
28.859965,sta_02,2887,134,-56.9,36,1444,synthetic_telemetry
28.880388,sta_01,2888,122,-61.9,36,1445,synthetic_telemetry
28.880836,sta_02,2889,141,-55.8,36,1445,synthetic_telemetry
28.900572,sta_02,2891,118,-74.7,36,1446,synthetic_telemetry
28.900959,sta_01,2890,132,-67.4,36,1446,synthetic_telemetry
28.919114,sta_01,2892,125,-53.7,36,1447,synthetic_telemetry
28.9197,sta_02,2893,118,-68.9,36,1447,synthetic_telemetry
28.939106,sta_01,2894,128,-71.8,36,1448,synthetic_telemetry
28.939481,sta_02,2895,125,-74.4,36,1448,synthetic_telemetry
28.959185,sta_01,2896,131,-52.3,36,1449,synthetic_telemetry
28.95955,sta_02,2897,124,-52.7,36,1449,synthetic_telemetry
28.979827,sta_01,2898,130,-65.7,36,1450,synthetic_telemetry
28.98031,sta_02,2899,125,-60.4,36,1450,synthetic_telemetry
28.99992,sta_02,2901,139,-58.0,36,1451,synthetic_telemetry
28.999957,sta_01,2900,131,-46.8,36,1451,synthetic_telemetry
29.019376,sta_01,2902,133,-55.1,36,1452,synthetic_telemetry
29.02056,sta_02,2903,124,-47.5,36,1452,synthetic_telemetry
29.039859,sta_01,2904,132,-58.9,36,1453,synthetic_telemetry
29.040749,sta_02,2905,120,-47.1,36,1453,synthetic_telemetry
29.060091,sta_01,2906,128,-67.5,36,1454,synthetic_telemetry
29.060613,sta_02,2907,131,-72.1,36,1454,synthetic_telemetry
29.079405,sta_01,2908,127,-51.0,36,1455,synthetic_telemetry
29.079613,sta_02,2909,131,-66.5,36,1455,synthetic_telemetry
29.099301,sta_01,2910,119,-51.4,36,1456,synthetic_telemetry
29.100027,sta_02,2911,124,-48.9,36,1456,synthetic_telemetry
29.120132,sta_02,2913,131,-48.4,36,1457,synthetic_telemetry
29.120729,sta_01,2912,127,-72.1,36,1457,synthetic_telemetry
29.139388,sta_01,2914,126,-72.0,36,1458,synthetic_telemetry
29.139831,sta_02,2915,127,-53.4,36,1458,synthetic_telemetry
29.160221,sta_02,2917,116,-74.4,36,1459,synthetic_telemetry
29.160861,sta_01,2916,126,-58.6,36,1459,synthetic_telemetry
29.179168,sta_02,2919,118,-65.2,36,1460,synthetic_telemetry
29.180219,sta_01,2918,123,-73.0,36,1460,synthetic_telemetry
29.199365,sta_01,2920,134,-65.6,36,1461,synthetic_telemetry
29.200029,sta_02,2921,123,-74.5,36,1461,synthetic_telemetry
29.220032,sta_01,2922,113,-52.3,36,1462,synthetic_telemetry
29.22073,sta_02,2923,126,-71.9,36,1462,synthetic_telemetry
29.23905,sta_01,2924,123,-74.8,36,1463,synthetic_telemetry
29.239418,sta_02,2925,125,-70.7,36,1463,synthetic_telemetry
29.259691,sta_01,2926,132,-45.1,36,1464,synthetic_telemetry
29.259823,sta_02,2927,129,-62.3,36,1464,synthetic_telemetry
29.279313,sta_01,2928,128,-59.8,36,1465,synthetic_telemetry
29.280419,sta_02,2929,127,-59.2,36,1465,synthetic_telemetry
29.300092,sta_02,2931,124,-49.9,36,1466,synthetic_telemetry
29.300691,sta_01,2930,121,-71.2,36,1466,synthetic_telemetry
29.319336,sta_01,2932,129,-46.9,36,1467,synthetic_telemetry
29.319654,sta_02,2933,125,-68.5,36,1467,synthetic_telemetry
29.339195,sta_02,2935,130,-71.9,36,1468,synthetic_telemetry
29.339451,sta_01,2934,130,-45.6,36,1468,synthetic_telemetry
29.359422,sta_01,2936,125,-46.0,36,1469,synthetic_telemetry
29.360982,sta_02,2937,121,-49.4,36,1469,synthetic_telemetry
29.37949,sta_01,2938,133,-65.7,36,1470,synthetic_telemetry
29.379534,sta_02,2939,117,-65.5,36,1470,synthetic_telemetry
29.39964,sta_01,2940,125,-58.7,36,1471,synthetic_telemetry
29.399839,sta_02,2941,118,-50.4,36,1471,synthetic_telemetry
29.419832,sta_01,2942,133,-72.5,36,1472,synthetic_telemetry
29.420032,sta_02,2943,125,-52.7,36,1472,synthetic_telemetry
29.439263,sta_01,2944,135,-68.7,36,1473,synthetic_telemetry
29.440199,sta_02,2945,127,-68.6,36,1473,synthetic_telemetry
29.459623,sta_02,2947,118,-54.3,36,1474,synthetic_telemetry
29.460599,sta_01,2946,129,-45.6,36,1474,synthetic_telemetry
29.480208,sta_01,2948,143,-68.4,36,1475,synthetic_telemetry
29.480996,sta_02,2949,124,-62.4,36,1475,synthetic_telemetry
29.500045,sta_01,2950,127,-68.2,36,1476,synthetic_telemetry
29.500685,sta_02,2951,128,-65.4,36,1476,synthetic_telemetry
29.519074,sta_02,2953,125,-63.4,36,1477,synthetic_telemetry
29.52017,sta_01,2952,134,-67.2,36,1477,synthetic_telemetry
29.540199,sta_02,2955,130,-57.9,36,1478,synthetic_telemetry
29.540539,sta_01,2954,129,-56.2,36,1478,synthetic_telemetry
29.559313,sta_02,2957,126,-58.2,36,1479,synthetic_telemetry
29.560053,sta_01,2956,125,-52.4,36,1479,synthetic_telemetry
29.579413,sta_01,2958,139,-47.5,36,1480,synthetic_telemetry
29.580087,sta_02,2959,127,-48.5,36,1480,synthetic_telemetry
29.599156,sta_02,2961,130,-74.1,36,1481,synthetic_telemetry
29.600785,sta_01,2960,119,-51.0,36,1481,synthetic_telemetry
29.619603,sta_01,2962,135,-71.6,36,1482,synthetic_telemetry
29.620049,sta_02,2963,134,-56.0,36,1482,synthetic_telemetry
29.639446,sta_01,2964,147,-47.5,36,1483,synthetic_telemetry
29.640819,sta_02,2965,133,-50.9,36,1483,synthetic_telemetry
29.659119,sta_01,2966,122,-59.2,36,1484,synthetic_telemetry
29.660259,sta_02,2967,121,-74.0,36,1484,synthetic_telemetry
29.680077,sta_01,2968,135,-60.8,36,1485,synthetic_telemetry
29.680783,sta_02,2969,123,-48.8,36,1485,synthetic_telemetry
29.699219,sta_01,2970,131,-52.0,36,1486,synthetic_telemetry
29.699624,sta_02,2971,128,-68.8,36,1486,synthetic_telemetry
29.719008,sta_01,2972,126,-74.6,36,1487,synthetic_telemetry
29.720578,sta_02,2973,131,-56.2,36,1487,synthetic_telemetry
29.739458,sta_01,2974,139,-63.5,36,1488,synthetic_telemetry
29.74094,sta_02,2975,133,-52.8,36,1488,synthetic_telemetry
29.759466,sta_02,2977,142,-49.9,36,1489,synthetic_telemetry
29.760379,sta_01,2976,121,-49.1,36,1489,synthetic_telemetry
29.779017,sta_02,2979,126,-70.4,36,1490,synthetic_telemetry
29.779989,sta_01,2978,130,-53.0,36,1490,synthetic_telemetry
29.799116,sta_02,2981,109,-53.6,36,1491,synthetic_telemetry
29.800233,sta_01,2980,125,-50.8,36,1491,synthetic_telemetry
29.8198,sta_01,2982,118,-52.2,36,1492,synthetic_telemetry
29.820893,sta_02,2983,113,-64.4,36,1492,synthetic_telemetry
29.839668,sta_01,2984,139,-45.5,36,1493,synthetic_telemetry
29.840348,sta_02,2985,125,-74.4,36,1493,synthetic_telemetry
29.860498,sta_01,2986,124,-71.7,36,1494,synthetic_telemetry
29.860759,sta_02,2987,122,-64.4,36,1494,synthetic_telemetry
29.879761,sta_02,2989,133,-65.4,36,1495,synthetic_telemetry
29.880422,sta_01,2988,123,-45.3,36,1495,synthetic_telemetry
29.899299,sta_01,2990,123,-45.0,36,1496,synthetic_telemetry
29.899512,sta_02,2991,128,-57.2,36,1496,synthetic_telemetry
29.91926,sta_02,2993,126,-70.7,36,1497,synthetic_telemetry
29.920906,sta_01,2992,125,-62.7,36,1497,synthetic_telemetry
29.939064,sta_02,2995,114,-73.1,36,1498,synthetic_telemetry
29.940338,sta_01,2994,133,-50.5,36,1498,synthetic_telemetry
29.960581,sta_02,2997,130,-71.2,36,1499,synthetic_telemetry
29.960746,sta_01,2996,127,-63.4,36,1499,synthetic_telemetry
29.979962,sta_02,2999,131,-51.8,36,1500,synthetic_telemetry
29.980166,sta_01,2998,124,-46.6,36,1500,synthetic_telemetry
29.999575,sta_01,3000,127,-52.5,36,1501,synthetic_telemetry
30.000626,sta_02,3001,126,-46.7,36,1501,synthetic_telemetry
30.019953,sta_02,3003,122,-50.7,36,1502,synthetic_telemetry
30.020076,sta_01,3002,113,-65.5,36,1502,synthetic_telemetry
30.039712,sta_02,3005,127,-57.1,36,1503,synthetic_telemetry
30.040104,sta_01,3004,129,-58.7,36,1503,synthetic_telemetry
30.059435,sta_02,3007,136,-62.1,36,1504,synthetic_telemetry
30.060229,sta_01,3006,130,-52.9,36,1504,synthetic_telemetry
30.07932,sta_01,3008,124,-53.8,36,1505,synthetic_telemetry
30.079607,sta_02,3009,118,-61.5,36,1505,synthetic_telemetry
30.100099,sta_02,3011,136,-71.4,36,1506,synthetic_telemetry
30.100553,sta_01,3010,127,-73.4,36,1506,synthetic_telemetry
30.119337,sta_01,3012,136,-71.9,36,1507,synthetic_telemetry
30.120361,sta_02,3013,128,-54.6,36,1507,synthetic_telemetry
30.139007,sta_01,3014,119,-70.6,36,1508,synthetic_telemetry
30.139097,sta_02,3015,134,-49.3,36,1508,synthetic_telemetry
30.159458,sta_02,3017,120,-72.9,36,1509,synthetic_telemetry
30.160011,sta_01,3016,134,-68.2,36,1509,synthetic_telemetry
30.17967,sta_01,3018,125,-58.1,36,1510,synthetic_telemetry
30.180674,sta_02,3019,132,-73.5,36,1510,synthetic_telemetry
30.199036,sta_01,3020,135,-50.2,36,1511,synthetic_telemetry
30.199517,sta_02,3021,137,-58.1,36,1511,synthetic_telemetry
30.219372,sta_01,3022,128,-51.7,36,1512,synthetic_telemetry
30.220596,sta_02,3023,133,-53.8,36,1512,synthetic_telemetry
30.240736,sta_01,3024,135,-65.4,36,1513,synthetic_telemetry
30.240993,sta_02,3025,126,-55.6,36,1513,synthetic_telemetry
30.259182,sta_02,3027,124,-66.2,36,1514,synthetic_telemetry
30.259806,sta_01,3026,126,-56.3,36,1514,synthetic_telemetry
30.280204,sta_01,3028,131,-52.0,36,1515,synthetic_telemetry
30.280899,sta_02,3029,124,-48.8,36,1515,synthetic_telemetry
30.300179,sta_02,3031,120,-72.6,36,1516,synthetic_telemetry
30.30098,sta_01,3030,123,-47.6,36,1516,synthetic_telemetry
30.319855,sta_02,3033,127,-53.4,36,1517,synthetic_telemetry
30.320126,sta_01,3032,132,-63.7,36,1517,synthetic_telemetry
30.339477,sta_02,3035,124,-59.7,36,1518,synthetic_telemetry
30.339726,sta_01,3034,123,-65.2,36,1518,synthetic_telemetry
30.359206,sta_01,3036,128,-57.9,36,1519,synthetic_telemetry
30.359841,sta_02,3037,131,-55.8,36,1519,synthetic_telemetry
30.379779,sta_02,3039,127,-59.2,36,1520,synthetic_telemetry
30.380961,sta_01,3038,126,-61.5,36,1520,synthetic_telemetry
30.399999,sta_01,3040,116,-55.2,36,1521,synthetic_telemetry
30.400025,sta_02,3041,130,-71.3,36,1521,synthetic_telemetry
30.419217,sta_02,3043,121,-51.4,36,1522,synthetic_telemetry
30.419495,sta_01,3042,130,-62.5,36,1522,synthetic_telemetry
30.439521,sta_02,3045,122,-69.7,36,1523,synthetic_telemetry
30.440719,sta_01,3044,130,-70.3,36,1523,synthetic_telemetry
30.46069,sta_01,3046,136,-49.2,36,1524,synthetic_telemetry
30.460696,sta_02,3047,128,-55.7,36,1524,synthetic_telemetry
30.479908,sta_01,3048,125,-61.2,36,1525,synthetic_telemetry
30.480314,sta_02,3049,127,-71.1,36,1525,synthetic_telemetry
30.499063,sta_01,3050,123,-66.6,36,1526,synthetic_telemetry
30.500192,sta_02,3051,133,-58.6,36,1526,synthetic_telemetry
30.519523,sta_01,3052,123,-55.1,36,1527,synthetic_telemetry
30.520463,sta_02,3053,132,-56.8,36,1527,synthetic_telemetry
30.54021,sta_02,3055,122,-62.5,36,1528,synthetic_telemetry
30.540498,sta_01,3054,128,-56.3,36,1528,synthetic_telemetry
30.559014,sta_01,3056,141,-45.3,36,1529,synthetic_telemetry
30.56026,sta_02,3057,122,-70.3,36,1529,synthetic_telemetry
30.579112,sta_02,3059,125,-59.0,36,1530,synthetic_telemetry
30.580475,sta_01,3058,134,-72.3,36,1530,synthetic_telemetry
30.599263,sta_02,3061,119,-54.5,36,1531,synthetic_telemetry
30.600813,sta_01,3060,130,-64.5,36,1531,synthetic_telemetry
30.619362,sta_02,3063,132,-74.4,36,1532,synthetic_telemetry
30.620101,sta_01,3062,115,-61.0,36,1532,synthetic_telemetry
30.639838,sta_02,3065,128,-55.0,36,1533,synthetic_telemetry
30.639867,sta_01,3064,116,-59.9,36,1533,synthetic_telemetry
30.659423,sta_01,3066,109,-47.4,36,1534,synthetic_telemetry
30.659879,sta_02,3067,134,-67.1,36,1534,synthetic_telemetry
30.679133,sta_02,3069,129,-57.7,36,1535,synthetic_telemetry
30.679259,sta_01,3068,125,-56.9,36,1535,synthetic_telemetry
30.699303,sta_01,3070,129,-55.9,36,1536,synthetic_telemetry
30.700647,sta_02,3071,127,-73.1,36,1536,synthetic_telemetry
30.719125,sta_02,3073,122,-63.1,36,1537,synthetic_telemetry
30.719144,sta_01,3072,123,-71.7,36,1537,synthetic_telemetry
30.739507,sta_02,3075,125,-51.1,36,1538,synthetic_telemetry
30.73977,sta_01,3074,127,-74.6,36,1538,synthetic_telemetry
30.759272,sta_02,3077,128,-55.8,36,1539,synthetic_telemetry
30.759721,sta_01,3076,130,-53.2,36,1539,synthetic_telemetry
30.780289,sta_02,3079,121,-48.3,36,1540,synthetic_telemetry
30.780828,sta_01,3078,128,-72.8,36,1540,synthetic_telemetry
30.799436,sta_01,3080,121,-60.1,36,1541,synthetic_telemetry
30.800795,sta_02,3081,134,-70.1,36,1541,synthetic_telemetry
30.819964,sta_01,3082,120,-54.0,36,1542,synthetic_telemetry
30.82025,sta_02,3083,117,-48.9,36,1542,synthetic_telemetry
30.839404,sta_01,3084,126,-74.4,36,1543,synthetic_telemetry
30.840626,sta_02,3085,130,-60.6,36,1543,synthetic_telemetry
30.859892,sta_01,3086,124,-65.1,36,1544,synthetic_telemetry
30.860443,sta_02,3087,133,-69.8,36,1544,synthetic_telemetry
30.879825,sta_01,3088,124,-70.4,36,1545,synthetic_telemetry
30.880672,sta_02,3089,122,-57.9,36,1545,synthetic_telemetry
30.899915,sta_02,3091,124,-66.2,36,1546,synthetic_telemetry
30.900632,sta_01,3090,122,-48.6,36,1546,synthetic_telemetry
30.920065,sta_01,3092,119,-69.4,36,1547,synthetic_telemetry
30.920524,sta_02,3093,128,-48.6,36,1547,synthetic_telemetry
30.940448,sta_02,3095,136,-56.1,36,1548,synthetic_telemetry
30.94073,sta_01,3094,121,-46.3,36,1548,synthetic_telemetry
30.959492,sta_02,3097,122,-49.6,36,1549,synthetic_telemetry
30.959616,sta_01,3096,128,-46.6,36,1549,synthetic_telemetry
30.980297,sta_01,3098,130,-45.3,36,1550,synthetic_telemetry
30.980444,sta_02,3099,131,-46.5,36,1550,synthetic_telemetry
30.999574,sta_02,3101,122,-67.0,36,1551,synthetic_telemetry
31.00061,sta_01,3100,135,-60.8,36,1551,synthetic_telemetry
31.01999,sta_02,3103,122,-67.5,36,1552,synthetic_telemetry
31.020977,sta_01,3102,139,-60.6,36,1552,synthetic_telemetry
31.039267,sta_01,3104,126,-60.1,36,1553,synthetic_telemetry
31.040618,sta_02,3105,123,-46.2,36,1553,synthetic_telemetry
31.059178,sta_02,3107,129,-48.5,36,1554,synthetic_telemetry
31.060111,sta_01,3106,120,-55.0,36,1554,synthetic_telemetry
31.079969,sta_02,3109,128,-51.9,36,1555,synthetic_telemetry
31.080649,sta_01,3108,120,-71.6,36,1555,synthetic_telemetry
31.09942,sta_01,3110,137,-46.3,36,1556,synthetic_telemetry
31.099517,sta_02,3111,126,-60.8,36,1556,synthetic_telemetry
31.1199,sta_02,3113,128,-72.8,36,1557,synthetic_telemetry
31.120288,sta_01,3112,119,-70.6,36,1557,synthetic_telemetry
31.139479,sta_01,3114,126,-73.9,36,1558,synthetic_telemetry
31.139562,sta_02,3115,121,-45.2,36,1558,synthetic_telemetry
31.159616,sta_02,3117,128,-57.8,36,1559,synthetic_telemetry
31.160754,sta_01,3116,130,-60.0,36,1559,synthetic_telemetry
31.179161,sta_02,3119,128,-50.1,36,1560,synthetic_telemetry
31.180804,sta_01,3118,135,-68.9,36,1560,synthetic_telemetry
31.200711,sta_02,3121,135,-61.4,36,1561,synthetic_telemetry
31.200961,sta_01,3120,128,-49.7,36,1561,synthetic_telemetry
31.219646,sta_01,3122,132,-60.9,36,1562,synthetic_telemetry
31.219841,sta_02,3123,132,-53.7,36,1562,synthetic_telemetry
31.239985,sta_02,3125,122,-54.6,36,1563,synthetic_telemetry
31.240638,sta_01,3124,125,-45.7,36,1563,synthetic_telemetry
31.259258,sta_02,3127,129,-63.5,36,1564,synthetic_telemetry
31.260907,sta_01,3126,123,-63.3,36,1564,synthetic_telemetry
31.279472,sta_02,3129,129,-50.5,36,1565,synthetic_telemetry
31.280558,sta_01,3128,129,-62.1,36,1565,synthetic_telemetry
31.299094,sta_02,3131,127,-48.2,36,1566,synthetic_telemetry
31.299608,sta_01,3130,130,-72.2,36,1566,synthetic_telemetry
31.320742,sta_02,3133,130,-62.0,36,1567,synthetic_telemetry
31.320817,sta_01,3132,124,-58.6,36,1567,synthetic_telemetry
31.34048,sta_01,3134,125,-64.9,36,1568,synthetic_telemetry
31.340505,sta_02,3135,133,-45.0,36,1568,synthetic_telemetry
31.359795,sta_02,3137,128,-47.9,36,1569,synthetic_telemetry
31.36098,sta_01,3136,127,-66.8,36,1569,synthetic_telemetry
31.379075,sta_02,3139,113,-69.1,36,1570,synthetic_telemetry
31.380725,sta_01,3138,140,-49.3,36,1570,synthetic_telemetry
31.399517,sta_02,3141,134,-62.4,36,1571,synthetic_telemetry
31.400749,sta_01,3140,133,-70.9,36,1571,synthetic_telemetry
31.420372,sta_02,3143,137,-64.5,36,1572,synthetic_telemetry
31.420506,sta_01,3142,142,-74.8,36,1572,synthetic_telemetry
31.439607,sta_02,3145,132,-60.5,36,1573,synthetic_telemetry
31.440024,sta_01,3144,113,-71.0,36,1573,synthetic_telemetry
31.459344,sta_01,3146,117,-64.9,36,1574,synthetic_telemetry
31.460796,sta_02,3147,131,-56.3,36,1574,synthetic_telemetry
31.479309,sta_01,3148,124,-55.8,36,1575,synthetic_telemetry
31.479514,sta_02,3149,152,-71.3,36,1575,synthetic_telemetry
31.49946,sta_01,3150,130,-66.2,36,1576,synthetic_telemetry
31.500087,sta_02,3151,135,-51.2,36,1576,synthetic_telemetry
31.519614,sta_01,3152,140,-45.6,36,1577,synthetic_telemetry
31.519994,sta_02,3153,141,-70.6,36,1577,synthetic_telemetry
31.539365,sta_01,3154,129,-72.0,36,1578,synthetic_telemetry
31.539542,sta_02,3155,133,-55.9,36,1578,synthetic_telemetry
31.560944,sta_02,3157,131,-62.9,36,1579,synthetic_telemetry
31.560994,sta_01,3156,130,-55.6,36,1579,synthetic_telemetry
31.579837,sta_02,3159,140,-71.9,36,1580,synthetic_telemetry
31.580656,sta_01,3158,125,-55.5,36,1580,synthetic_telemetry
31.599055,sta_01,3160,125,-59.9,36,1581,synthetic_telemetry
31.599672,sta_02,3161,120,-55.0,36,1581,synthetic_telemetry
31.620061,sta_01,3162,137,-51.5,36,1582,synthetic_telemetry
31.620215,sta_02,3163,126,-49.1,36,1582,synthetic_telemetry
31.639297,sta_02,3165,134,-63.8,36,1583,synthetic_telemetry
31.639716,sta_01,3164,130,-64.2,36,1583,synthetic_telemetry
31.659065,sta_01,3166,114,-53.2,36,1584,synthetic_telemetry
31.659969,sta_02,3167,127,-47.2,36,1584,synthetic_telemetry
31.679024,sta_01,3168,126,-59.2,36,1585,synthetic_telemetry
31.679834,sta_02,3169,126,-72.2,36,1585,synthetic_telemetry
31.699757,sta_02,3171,115,-68.2,36,1586,synthetic_telemetry
31.700659,sta_01,3170,128,-64.4,36,1586,synthetic_telemetry
31.720452,sta_02,3173,120,-55.6,36,1587,synthetic_telemetry
31.72081,sta_01,3172,133,-59.2,36,1587,synthetic_telemetry
31.740021,sta_02,3175,128,-60.3,36,1588,synthetic_telemetry
31.740051,sta_01,3174,140,-45.0,36,1588,synthetic_telemetry
31.759445,sta_01,3176,134,-58.9,36,1589,synthetic_telemetry
31.759485,sta_02,3177,127,-53.8,36,1589,synthetic_telemetry
31.779804,sta_02,3179,136,-57.2,36,1590,synthetic_telemetry
31.78081,sta_01,3178,126,-62.5,36,1590,synthetic_telemetry
31.799225,sta_01,3180,129,-65.8,36,1591,synthetic_telemetry
31.799718,sta_02,3181,132,-58.8,36,1591,synthetic_telemetry
31.819221,sta_02,3183,120,-56.7,36,1592,synthetic_telemetry
31.820884,sta_01,3182,118,-51.7,36,1592,synthetic_telemetry
31.839258,sta_02,3185,127,-60.1,36,1593,synthetic_telemetry
31.839935,sta_01,3184,135,-64.8,36,1593,synthetic_telemetry
31.860552,sta_02,3187,128,-73.9,36,1594,synthetic_telemetry
31.860721,sta_01,3186,130,-63.9,36,1594,synthetic_telemetry
31.880348,sta_02,3189,121,-53.4,36,1595,synthetic_telemetry
31.880896,sta_01,3188,134,-61.4,36,1595,synthetic_telemetry
31.899088,sta_01,3190,132,-51.1,36,1596,synthetic_telemetry
31.899175,sta_02,3191,128,-58.7,36,1596,synthetic_telemetry
31.919197,sta_02,3193,125,-56.9,36,1597,synthetic_telemetry
31.920908,sta_01,3192,127,-52.1,36,1597,synthetic_telemetry
31.939718,sta_01,3194,131,-64.9,36,1598,synthetic_telemetry
31.940373,sta_02,3195,136,-68.3,36,1598,synthetic_telemetry
31.95979,sta_02,3197,130,-54.8,36,1599,synthetic_telemetry
31.96059,sta_01,3196,127,-59.4,36,1599,synthetic_telemetry
31.980442,sta_01,3198,122,-72.3,36,1600,synthetic_telemetry
31.980782,sta_02,3199,124,-57.7,36,1600,synthetic_telemetry
31.999815,sta_01,3200,129,-72.5,36,1601,synthetic_telemetry
32.000518,sta_02,3201,131,-73.4,36,1601,synthetic_telemetry
32.020196,sta_01,3202,122,-58.2,36,1602,synthetic_telemetry
32.020918,sta_02,3203,122,-70.8,36,1602,synthetic_telemetry
32.039432,sta_01,3204,154,-45.1,36,1603,synthetic_telemetry
32.040354,sta_02,3205,129,-67.2,36,1603,synthetic_telemetry
32.05978,sta_01,3206,123,-58.9,36,1604,synthetic_telemetry
32.060075,sta_02,3207,139,-54.3,36,1604,synthetic_telemetry
32.080099,sta_02,3209,126,-56.7,36,1605,synthetic_telemetry
32.080991,sta_01,3208,126,-53.2,36,1605,synthetic_telemetry
32.099151,sta_01,3210,124,-50.0,36,1606,synthetic_telemetry
32.100675,sta_02,3211,131,-69.5,36,1606,synthetic_telemetry
32.119742,sta_01,3212,133,-60.4,36,1607,synthetic_telemetry
32.120664,sta_02,3213,130,-54.9,36,1607,synthetic_telemetry
32.13999,sta_01,3214,135,-74.1,36,1608,synthetic_telemetry
32.140649,sta_02,3215,132,-52.6,36,1608,synthetic_telemetry
32.160113,sta_01,3216,127,-46.5,36,1609,synthetic_telemetry
32.160797,sta_02,3217,127,-67.8,36,1609,synthetic_telemetry
32.179451,sta_02,3219,125,-66.0,36,1610,synthetic_telemetry
32.180934,sta_01,3218,134,-72.8,36,1610,synthetic_telemetry
32.199406,sta_02,3221,137,-71.2,36,1611,synthetic_telemetry
32.199746,sta_01,3220,135,-73.5,36,1611,synthetic_telemetry
32.220759,sta_01,3222,117,-48.8,36,1612,synthetic_telemetry
32.220764,sta_02,3223,119,-62.8,36,1612,synthetic_telemetry
32.239534,sta_02,3225,129,-49.3,36,1613,synthetic_telemetry
32.240791,sta_01,3224,122,-58.2,36,1613,synthetic_telemetry
32.259044,sta_02,3227,136,-61.0,36,1614,synthetic_telemetry
32.259555,sta_01,3226,132,-70.9,36,1614,synthetic_telemetry
32.279048,sta_02,3229,127,-64.3,36,1615,synthetic_telemetry
32.279778,sta_01,3228,120,-71.7,36,1615,synthetic_telemetry
32.300257,sta_02,3231,130,-74.5,36,1616,synthetic_telemetry
32.300486,sta_01,3230,133,-64.2,36,1616,synthetic_telemetry
32.319431,sta_02,3233,122,-59.1,36,1617,synthetic_telemetry
32.320557,sta_01,3232,124,-53.2,36,1617,synthetic_telemetry
32.340554,sta_02,3235,127,-49.4,36,1618,synthetic_telemetry
32.340781,sta_01,3234,131,-73.4,36,1618,synthetic_telemetry
32.36005,sta_02,3237,122,-51.3,36,1619,synthetic_telemetry
32.36037,sta_01,3236,127,-74.4,36,1619,synthetic_telemetry
32.379068,sta_01,3238,136,-60.7,36,1620,synthetic_telemetry
32.380444,sta_02,3239,125,-62.5,36,1620,synthetic_telemetry
32.400491,sta_01,3240,129,-65.5,36,1621,synthetic_telemetry
32.400977,sta_02,3241,133,-62.2,36,1621,synthetic_telemetry
32.420097,sta_02,3243,125,-56.4,36,1622,synthetic_telemetry
32.420366,sta_01,3242,125,-72.2,36,1622,synthetic_telemetry
32.44015,sta_01,3244,127,-61.8,36,1623,synthetic_telemetry
32.441,sta_02,3245,129,-74.7,36,1623,synthetic_telemetry
32.459224,sta_02,3247,133,-56.3,36,1624,synthetic_telemetry
32.460105,sta_01,3246,131,-57.9,36,1624,synthetic_telemetry
32.479187,sta_02,3249,120,-55.2,36,1625,synthetic_telemetry
32.480849,sta_01,3248,122,-70.3,36,1625,synthetic_telemetry
32.499862,sta_02,3251,126,-65.4,36,1626,synthetic_telemetry
32.500795,sta_01,3250,138,-62.5,36,1626,synthetic_telemetry
32.519219,sta_02,3253,118,-66.6,36,1627,synthetic_telemetry
32.520236,sta_01,3252,132,-68.8,36,1627,synthetic_telemetry
32.540283,sta_01,3254,125,-62.9,36,1628,synthetic_telemetry
32.540908,sta_02,3255,134,-51.6,36,1628,synthetic_telemetry
32.559963,sta_02,3257,121,-71.0,36,1629,synthetic_telemetry
32.560322,sta_01,3256,122,-72.7,36,1629,synthetic_telemetry
32.579688,sta_01,3258,122,-49.7,36,1630,synthetic_telemetry
32.58021,sta_02,3259,118,-56.4,36,1630,synthetic_telemetry
32.600156,sta_01,3260,127,-64.6,36,1631,synthetic_telemetry
32.600251,sta_02,3261,130,-60.8,36,1631,synthetic_telemetry
32.619482,sta_02,3263,135,-69.1,36,1632,synthetic_telemetry
32.620965,sta_01,3262,128,-58.0,36,1632,synthetic_telemetry
32.640627,sta_02,3265,124,-45.5,36,1633,synthetic_telemetry
32.640918,sta_01,3264,125,-74.1,36,1633,synthetic_telemetry
32.659435,sta_02,3267,116,-64.5,36,1634,synthetic_telemetry
32.659583,sta_01,3266,132,-57.9,36,1634,synthetic_telemetry
32.679544,sta_02,3269,117,-45.4,36,1635,synthetic_telemetry
32.680678,sta_01,3268,115,-52.7,36,1635,synthetic_telemetry
32.699339,sta_01,3270,133,-71.1,36,1636,synthetic_telemetry
32.700582,sta_02,3271,121,-49.0,36,1636,synthetic_telemetry
32.720429,sta_01,3272,120,-51.4,36,1637,synthetic_telemetry
32.720543,sta_02,3273,127,-72.2,36,1637,synthetic_telemetry
32.739117,sta_02,3275,130,-52.0,36,1638,synthetic_telemetry
32.739479,sta_01,3274,137,-55.2,36,1638,synthetic_telemetry
32.75902,sta_02,3277,125,-47.3,36,1639,synthetic_telemetry
32.760563,sta_01,3276,116,-49.3,36,1639,synthetic_telemetry
32.779074,sta_02,3279,140,-49.2,36,1640,synthetic_telemetry
32.780843,sta_01,3278,130,-65.3,36,1640,synthetic_telemetry
32.799013,sta_01,3280,125,-71.3,36,1641,synthetic_telemetry
32.799557,sta_02,3281,129,-68.9,36,1641,synthetic_telemetry
32.819764,sta_01,3282,127,-50.8,36,1642,synthetic_telemetry
32.820469,sta_02,3283,132,-68.2,36,1642,synthetic_telemetry
32.839633,sta_01,3284,133,-65.0,36,1643,synthetic_telemetry
32.84034,sta_02,3285,126,-67.6,36,1643,synthetic_telemetry
32.859569,sta_01,3286,127,-71.3,36,1644,synthetic_telemetry
32.859571,sta_02,3287,123,-74.5,36,1644,synthetic_telemetry
32.880137,sta_02,3289,141,-62.1,36,1645,synthetic_telemetry
32.880834,sta_01,3288,128,-55.0,36,1645,synthetic_telemetry
32.900511,sta_01,3290,128,-61.2,36,1646,synthetic_telemetry
32.900626,sta_02,3291,126,-65.3,36,1646,synthetic_telemetry
32.919873,sta_01,3292,129,-62.5,36,1647,synthetic_telemetry
32.920172,sta_02,3293,133,-55.1,36,1647,synthetic_telemetry
32.939721,sta_01,3294,130,-45.5,36,1648,synthetic_telemetry
32.940656,sta_02,3295,139,-69.2,36,1648,synthetic_telemetry
32.959626,sta_01,3296,121,-54.0,36,1649,synthetic_telemetry
32.959843,sta_02,3297,123,-63.9,36,1649,synthetic_telemetry
32.979687,sta_01,3298,117,-74.9,36,1650,synthetic_telemetry
32.98053,sta_02,3299,133,-59.9,36,1650,synthetic_telemetry
32.999236,sta_01,3300,145,-50.0,36,1651,synthetic_telemetry
33.000346,sta_02,3301,129,-51.7,36,1651,synthetic_telemetry
33.019019,sta_02,3303,119,-47.2,36,1652,synthetic_telemetry
33.020698,sta_01,3302,130,-64.9,36,1652,synthetic_telemetry
33.039029,sta_02,3305,133,-53.8,36,1653,synthetic_telemetry
33.040915,sta_01,3304,124,-70.5,36,1653,synthetic_telemetry
33.059587,sta_01,3306,137,-67.9,36,1654,synthetic_telemetry
33.060302,sta_02,3307,127,-54.7,36,1654,synthetic_telemetry
33.079607,sta_02,3309,135,-52.5,36,1655,synthetic_telemetry
33.080817,sta_01,3308,127,-60.7,36,1655,synthetic_telemetry
33.099459,sta_02,3311,118,-55.0,36,1656,synthetic_telemetry
33.100568,sta_01,3310,138,-68.0,36,1656,synthetic_telemetry
33.119602,sta_02,3313,119,-46.3,36,1657,synthetic_telemetry
33.120855,sta_01,3312,135,-62.5,36,1657,synthetic_telemetry
33.13967,sta_02,3315,139,-49.2,36,1658,synthetic_telemetry
33.139899,sta_01,3314,127,-50.9,36,1658,synthetic_telemetry
33.160129,sta_01,3316,123,-62.7,36,1659,synthetic_telemetry
33.160805,sta_02,3317,131,-57.1,36,1659,synthetic_telemetry
33.179326,sta_01,3318,127,-66.2,36,1660,synthetic_telemetry
33.180948,sta_02,3319,133,-50.1,36,1660,synthetic_telemetry
33.20023,sta_01,3320,128,-48.2,36,1661,synthetic_telemetry
33.200614,sta_02,3321,126,-65.7,36,1661,synthetic_telemetry
33.219737,sta_01,3322,129,-46.1,36,1662,synthetic_telemetry
33.220484,sta_02,3323,121,-65.2,36,1662,synthetic_telemetry
33.239931,sta_02,3325,138,-45.9,36,1663,synthetic_telemetry
33.240846,sta_01,3324,127,-70.8,36,1663,synthetic_telemetry
33.260477,sta_01,3326,126,-74.0,36,1664,synthetic_telemetry
33.260882,sta_02,3327,127,-68.7,36,1664,synthetic_telemetry
33.28044,sta_01,3328,123,-58.9,36,1665,synthetic_telemetry
33.280746,sta_02,3329,130,-72.5,36,1665,synthetic_telemetry
33.299151,sta_01,3330,131,-49.9,36,1666,synthetic_telemetry
33.29989,sta_02,3331,122,-74.8,36,1666,synthetic_telemetry
33.320122,sta_01,3332,123,-64.5,36,1667,synthetic_telemetry
33.320142,sta_02,3333,133,-47.3,36,1667,synthetic_telemetry
33.339684,sta_02,3335,120,-48.2,36,1668,synthetic_telemetry
33.340493,sta_01,3334,125,-73.0,36,1668,synthetic_telemetry
33.360883,sta_01,3336,123,-47.3,36,1669,synthetic_telemetry
33.360923,sta_02,3337,126,-46.2,36,1669,synthetic_telemetry
33.37926,sta_02,3339,125,-56.8,36,1670,synthetic_telemetry
33.380814,sta_01,3338,124,-54.5,36,1670,synthetic_telemetry
33.400614,sta_01,3340,142,-65.7,36,1671,synthetic_telemetry
33.400976,sta_02,3341,122,-74.8,36,1671,synthetic_telemetry
33.419829,sta_01,3342,116,-64.2,36,1672,synthetic_telemetry
33.420107,sta_02,3343,127,-68.9,36,1672,synthetic_telemetry
33.440602,sta_01,3344,132,-66.6,36,1673,synthetic_telemetry
33.44071,sta_02,3345,128,-55.8,36,1673,synthetic_telemetry
33.459012,sta_01,3346,129,-71.3,36,1674,synthetic_telemetry
33.460534,sta_02,3347,138,-61.1,36,1674,synthetic_telemetry
33.479648,sta_02,3349,132,-58.3,36,1675,synthetic_telemetry
33.480323,sta_01,3348,122,-60.6,36,1675,synthetic_telemetry
33.499577,sta_01,3350,114,-70.0,36,1676,synthetic_telemetry
33.50016,sta_02,3351,126,-62.2,36,1676,synthetic_telemetry
33.519418,sta_02,3353,127,-66.7,36,1677,synthetic_telemetry
33.520856,sta_01,3352,126,-53.6,36,1677,synthetic_telemetry
33.539809,sta_01,3354,126,-53.5,36,1678,synthetic_telemetry
33.540425,sta_02,3355,125,-71.6,36,1678,synthetic_telemetry
33.559673,sta_01,3356,126,-58.5,36,1679,synthetic_telemetry
33.559722,sta_02,3357,123,-67.0,36,1679,synthetic_telemetry
33.58005,sta_01,3358,126,-66.5,36,1680,synthetic_telemetry
33.580644,sta_02,3359,123,-55.1,36,1680,synthetic_telemetry
33.599073,sta_02,3361,128,-66.0,36,1681,synthetic_telemetry
33.599382,sta_01,3360,115,-60.0,36,1681,synthetic_telemetry
33.619771,sta_01,3362,123,-47.2,36,1682,synthetic_telemetry
33.620077,sta_02,3363,128,-59.8,36,1682,synthetic_telemetry
33.639264,sta_02,3365,127,-56.3,36,1683,synthetic_telemetry
33.639789,sta_01,3364,128,-59.4,36,1683,synthetic_telemetry
33.659442,sta_01,3366,123,-48.1,36,1684,synthetic_telemetry
33.659476,sta_02,3367,130,-70.3,36,1684,synthetic_telemetry
33.679205,sta_02,3369,135,-61.3,36,1685,synthetic_telemetry
33.67945,sta_01,3368,125,-52.7,36,1685,synthetic_telemetry
33.700394,sta_02,3371,126,-46.5,36,1686,synthetic_telemetry
33.700861,sta_01,3370,132,-69.0,36,1686,synthetic_telemetry
33.719669,sta_02,3373,128,-47.0,36,1687,synthetic_telemetry
33.720569,sta_01,3372,135,-52.0,36,1687,synthetic_telemetry
33.739457,sta_01,3374,118,-60.6,36,1688,synthetic_telemetry
33.740585,sta_02,3375,123,-48.2,36,1688,synthetic_telemetry
33.759944,sta_02,3377,132,-56.8,36,1689,synthetic_telemetry
33.760388,sta_01,3376,114,-75.0,36,1689,synthetic_telemetry
33.780578,sta_01,3378,125,-58.9,36,1690,synthetic_telemetry
33.780687,sta_02,3379,130,-54.3,36,1690,synthetic_telemetry
33.799683,sta_02,3381,115,-69.7,36,1691,synthetic_telemetry
33.799884,sta_01,3380,119,-47.3,36,1691,synthetic_telemetry
33.819364,sta_02,3383,120,-66.9,36,1692,synthetic_telemetry
33.820597,sta_01,3382,134,-61.7,36,1692,synthetic_telemetry
33.840412,sta_01,3384,126,-73.0,36,1693,synthetic_telemetry
33.840806,sta_02,3385,132,-67.3,36,1693,synthetic_telemetry
33.859902,sta_02,3387,128,-54.7,36,1694,synthetic_telemetry
33.860498,sta_01,3386,124,-46.1,36,1694,synthetic_telemetry
33.880225,sta_02,3389,136,-61.8,36,1695,synthetic_telemetry
33.880417,sta_01,3388,131,-59.1,36,1695,synthetic_telemetry
33.8996,sta_01,3390,128,-65.2,36,1696,synthetic_telemetry
33.900504,sta_02,3391,127,-70.0,36,1696,synthetic_telemetry
33.920714,sta_01,3392,134,-70.7,36,1697,synthetic_telemetry
33.92081,sta_02,3393,137,-45.3,36,1697,synthetic_telemetry
33.939307,sta_01,3394,116,-72.6,36,1698,synthetic_telemetry
33.939595,sta_02,3395,128,-57.0,36,1698,synthetic_telemetry
33.960203,sta_01,3396,134,-46.4,36,1699,synthetic_telemetry
33.960305,sta_02,3397,135,-61.3,36,1699,synthetic_telemetry
33.979068,sta_02,3399,130,-66.7,36,1700,synthetic_telemetry
33.979583,sta_01,3398,136,-65.3,36,1700,synthetic_telemetry
33.999098,sta_02,3401,119,-54.5,36,1701,synthetic_telemetry
33.999573,sta_01,3400,118,-61.7,36,1701,synthetic_telemetry
34.019292,sta_01,3402,130,-74.4,36,1702,synthetic_telemetry
34.020906,sta_02,3403,129,-71.6,36,1702,synthetic_telemetry
34.040374,sta_01,3404,124,-69.5,36,1703,synthetic_telemetry
34.040387,sta_02,3405,128,-73.3,36,1703,synthetic_telemetry
34.059236,sta_01,3406,125,-68.6,36,1704,synthetic_telemetry
34.059996,sta_02,3407,128,-60.0,36,1704,synthetic_telemetry
34.079201,sta_02,3409,125,-60.5,36,1705,synthetic_telemetry
34.079705,sta_01,3408,121,-66.2,36,1705,synthetic_telemetry
34.099878,sta_02,3411,126,-71.1,36,1706,synthetic_telemetry
34.100516,sta_01,3410,117,-64.8,36,1706,synthetic_telemetry
34.120113,sta_02,3413,115,-60.8,36,1707,synthetic_telemetry
34.120851,sta_01,3412,132,-45.0,36,1707,synthetic_telemetry
34.139157,sta_01,3414,125,-50.8,36,1708,synthetic_telemetry
34.140231,sta_02,3415,125,-60.2,36,1708,synthetic_telemetry
34.159449,sta_01,3416,123,-53.4,36,1709,synthetic_telemetry
34.159674,sta_02,3417,134,-62.3,36,1709,synthetic_telemetry
34.179594,sta_02,3419,137,-55.4,36,1710,synthetic_telemetry
34.180342,sta_01,3418,127,-70.1,36,1710,synthetic_telemetry
34.200239,sta_01,3420,131,-63.7,36,1711,synthetic_telemetry
34.200623,sta_02,3421,126,-45.3,36,1711,synthetic_telemetry
34.219783,sta_02,3423,142,-63.6,36,1712,synthetic_telemetry
34.220841,sta_01,3422,128,-70.5,36,1712,synthetic_telemetry
34.240296,sta_01,3424,125,-70.2,36,1713,synthetic_telemetry
34.240375,sta_02,3425,132,-71.3,36,1713,synthetic_telemetry
34.259966,sta_02,3427,133,-53.8,36,1714,synthetic_telemetry
34.260651,sta_01,3426,127,-50.4,36,1714,synthetic_telemetry
34.279302,sta_02,3429,136,-53.4,36,1715,synthetic_telemetry
34.280585,sta_01,3428,127,-68.6,36,1715,synthetic_telemetry
34.299485,sta_01,3430,126,-52.1,36,1716,synthetic_telemetry
34.300961,sta_02,3431,122,-45.3,36,1716,synthetic_telemetry
34.319231,sta_02,3433,144,-51.5,36,1717,synthetic_telemetry
34.320899,sta_01,3432,128,-60.6,36,1717,synthetic_telemetry
34.340379,sta_02,3435,135,-64.8,36,1718,synthetic_telemetry
34.340542,sta_01,3434,128,-45.7,36,1718,synthetic_telemetry
34.359885,sta_02,3437,128,-57.4,36,1719,synthetic_telemetry
34.360042,sta_01,3436,128,-74.9,36,1719,synthetic_telemetry
34.379044,sta_01,3438,132,-59.4,36,1720,synthetic_telemetry
34.380717,sta_02,3439,134,-64.5,36,1720,synthetic_telemetry
34.399134,sta_01,3440,115,-65.3,36,1721,synthetic_telemetry
34.400821,sta_02,3441,125,-57.5,36,1721,synthetic_telemetry
34.419113,sta_01,3442,128,-63.7,36,1722,synthetic_telemetry
34.420345,sta_02,3443,121,-65.5,36,1722,synthetic_telemetry
34.439883,sta_01,3444,127,-71.9,36,1723,synthetic_telemetry
34.440529,sta_02,3445,133,-61.5,36,1723,synthetic_telemetry
34.459027,sta_02,3447,131,-57.4,36,1724,synthetic_telemetry
34.459235,sta_01,3446,121,-45.4,36,1724,synthetic_telemetry
34.479265,sta_02,3449,129,-72.0,36,1725,synthetic_telemetry
34.479358,sta_01,3448,135,-55.6,36,1725,synthetic_telemetry
34.499191,sta_01,3450,118,-52.8,36,1726,synthetic_telemetry
34.499996,sta_02,3451,133,-70.5,36,1726,synthetic_telemetry
34.51987,sta_01,3452,140,-52.4,36,1727,synthetic_telemetry
34.519933,sta_02,3453,128,-51.5,36,1727,synthetic_telemetry
34.539862,sta_02,3455,130,-59.5,36,1728,synthetic_telemetry
34.540317,sta_01,3454,120,-67.0,36,1728,synthetic_telemetry
34.559012,sta_02,3457,128,-45.4,36,1729,synthetic_telemetry
34.560405,sta_01,3456,130,-50.4,36,1729,synthetic_telemetry
34.579553,sta_01,3458,124,-68.6,36,1730,synthetic_telemetry
34.580991,sta_02,3459,133,-60.0,36,1730,synthetic_telemetry
34.599515,sta_01,3460,120,-62.8,36,1731,synthetic_telemetry
34.600911,sta_02,3461,131,-48.2,36,1731,synthetic_telemetry
34.619828,sta_01,3462,125,-52.5,36,1732,synthetic_telemetry
34.620903,sta_02,3463,124,-56.1,36,1732,synthetic_telemetry
34.639604,sta_02,3465,132,-68.4,36,1733,synthetic_telemetry
34.639655,sta_01,3464,121,-52.1,36,1733,synthetic_telemetry
34.659533,sta_02,3467,130,-55.1,36,1734,synthetic_telemetry
34.659653,sta_01,3466,124,-48.1,36,1734,synthetic_telemetry
34.679059,sta_02,3469,126,-50.6,36,1735,synthetic_telemetry
34.680735,sta_01,3468,125,-65.2,36,1735,synthetic_telemetry
34.699178,sta_01,3470,128,-53.2,36,1736,synthetic_telemetry
34.700827,sta_02,3471,132,-46.3,36,1736,synthetic_telemetry
34.71921,sta_02,3473,124,-74.8,36,1737,synthetic_telemetry
34.72052,sta_01,3472,120,-66.4,36,1737,synthetic_telemetry
34.740035,sta_02,3475,125,-60.5,36,1738,synthetic_telemetry
34.740948,sta_01,3474,124,-66.3,36,1738,synthetic_telemetry
34.759241,sta_02,3477,124,-73.6,36,1739,synthetic_telemetry
34.759891,sta_01,3476,122,-74.7,36,1739,synthetic_telemetry
34.779892,sta_01,3478,127,-68.4,36,1740,synthetic_telemetry
34.780259,sta_02,3479,126,-61.5,36,1740,synthetic_telemetry
34.799879,sta_02,3481,131,-50.6,36,1741,synthetic_telemetry
34.800406,sta_01,3480,130,-69.9,36,1741,synthetic_telemetry
34.82021,sta_01,3482,121,-62.4,36,1742,synthetic_telemetry
34.820451,sta_02,3483,126,-60.4,36,1742,synthetic_telemetry
34.840139,sta_02,3485,123,-46.6,36,1743,synthetic_telemetry
34.840925,sta_01,3484,124,-48.2,36,1743,synthetic_telemetry
34.859014,sta_01,3486,124,-62.0,36,1744,synthetic_telemetry
34.860585,sta_02,3487,137,-55.5,36,1744,synthetic_telemetry
34.879285,sta_01,3488,124,-53.9,36,1745,synthetic_telemetry
34.880411,sta_02,3489,129,-65.8,36,1745,synthetic_telemetry
34.899742,sta_01,3490,125,-46.7,36,1746,synthetic_telemetry
34.900869,sta_02,3491,123,-45.7,36,1746,synthetic_telemetry
34.919108,sta_02,3493,131,-60.3,36,1747,synthetic_telemetry
34.920888,sta_01,3492,117,-70.8,36,1747,synthetic_telemetry
34.940277,sta_02,3495,123,-59.2,36,1748,synthetic_telemetry
34.940987,sta_01,3494,131,-59.2,36,1748,synthetic_telemetry
34.959664,sta_02,3497,125,-69.9,36,1749,synthetic_telemetry
34.959753,sta_01,3496,131,-47.7,36,1749,synthetic_telemetry
34.97955,sta_01,3498,124,-58.0,36,1750,synthetic_telemetry
34.98007,sta_02,3499,122,-50.8,36,1750,synthetic_telemetry
34.999439,sta_01,3500,131,-61.2,36,1751,synthetic_telemetry
35.000747,sta_02,3501,122,-56.6,36,1751,synthetic_telemetry
35.019534,sta_02,3503,124,-74.9,36,1752,synthetic_telemetry
35.020121,sta_01,3502,125,-45.1,36,1752,synthetic_telemetry
35.039275,sta_02,3505,126,-68.1,36,1753,synthetic_telemetry
35.040412,sta_01,3504,132,-53.0,36,1753,synthetic_telemetry
35.060432,sta_02,3507,123,-57.0,36,1754,synthetic_telemetry
35.060528,sta_01,3506,129,-62.5,36,1754,synthetic_telemetry
35.079309,sta_02,3509,127,-73.6,36,1755,synthetic_telemetry
35.080742,sta_01,3508,121,-65.0,36,1755,synthetic_telemetry
35.099178,sta_02,3511,136,-50.6,36,1756,synthetic_telemetry
35.099771,sta_01,3510,136,-48.5,36,1756,synthetic_telemetry
35.119965,sta_02,3513,141,-72.4,36,1757,synthetic_telemetry
35.120349,sta_01,3512,133,-58.4,36,1757,synthetic_telemetry
35.139545,sta_01,3514,122,-63.6,36,1758,synthetic_telemetry
35.140616,sta_02,3515,133,-57.0,36,1758,synthetic_telemetry
35.159433,sta_01,3516,121,-47.0,36,1759,synthetic_telemetry
35.160099,sta_02,3517,131,-73.8,36,1759,synthetic_telemetry
35.180014,sta_02,3519,125,-73.8,36,1760,synthetic_telemetry
35.180932,sta_01,3518,131,-50.9,36,1760,synthetic_telemetry
35.199182,sta_02,3521,132,-46.8,36,1761,synthetic_telemetry
35.200316,sta_01,3520,130,-62.3,36,1761,synthetic_telemetry
35.219483,sta_01,3522,133,-62.4,36,1762,synthetic_telemetry
35.220832,sta_02,3523,127,-61.0,36,1762,synthetic_telemetry
35.239794,sta_02,3525,136,-71.2,36,1763,synthetic_telemetry
35.240877,sta_01,3524,126,-66.4,36,1763,synthetic_telemetry
35.259196,sta_01,3526,121,-69.1,36,1764,synthetic_telemetry
35.260511,sta_02,3527,122,-72.6,36,1764,synthetic_telemetry
35.279861,sta_02,3529,133,-72.1,36,1765,synthetic_telemetry
35.280019,sta_01,3528,126,-56.4,36,1765,synthetic_telemetry
35.29963,sta_01,3530,123,-73.8,36,1766,synthetic_telemetry
35.30036,sta_02,3531,123,-50.2,36,1766,synthetic_telemetry
35.320389,sta_02,3533,138,-52.8,36,1767,synthetic_telemetry
35.320958,sta_01,3532,131,-47.6,36,1767,synthetic_telemetry
35.339439,sta_02,3535,135,-69.3,36,1768,synthetic_telemetry
35.339568,sta_01,3534,122,-65.1,36,1768,synthetic_telemetry
35.360741,sta_02,3537,120,-51.3,36,1769,synthetic_telemetry
35.360837,sta_01,3536,132,-58.3,36,1769,synthetic_telemetry
35.379043,sta_02,3539,125,-73.4,36,1770,synthetic_telemetry
35.380444,sta_01,3538,122,-59.8,36,1770,synthetic_telemetry
35.400377,sta_02,3541,130,-46.5,36,1771,synthetic_telemetry
35.400903,sta_01,3540,121,-56.7,36,1771,synthetic_telemetry
35.419006,sta_02,3543,130,-51.7,36,1772,synthetic_telemetry
35.419837,sta_01,3542,130,-68.2,36,1772,synthetic_telemetry
35.439075,sta_01,3544,132,-46.9,36,1773,synthetic_telemetry
35.440131,sta_02,3545,125,-70.4,36,1773,synthetic_telemetry
35.460136,sta_02,3547,130,-72.6,36,1774,synthetic_telemetry
35.460302,sta_01,3546,129,-64.1,36,1774,synthetic_telemetry
35.479645,sta_02,3549,134,-72.6,36,1775,synthetic_telemetry
35.480354,sta_01,3548,122,-53.2,36,1775,synthetic_telemetry
35.49932,sta_02,3551,131,-59.7,36,1776,synthetic_telemetry
35.500578,sta_01,3550,124,-59.6,36,1776,synthetic_telemetry
35.519624,sta_02,3553,123,-74.5,36,1777,synthetic_telemetry
35.520934,sta_01,3552,113,-49.6,36,1777,synthetic_telemetry
35.540386,sta_02,3555,128,-59.7,36,1778,synthetic_telemetry
35.540958,sta_01,3554,124,-67.6,36,1778,synthetic_telemetry
35.560087,sta_01,3556,120,-55.0,36,1779,synthetic_telemetry
35.560566,sta_02,3557,127,-61.5,36,1779,synthetic_telemetry
35.579473,sta_02,3559,134,-61.7,36,1780,synthetic_telemetry
35.579931,sta_01,3558,122,-55.6,36,1780,synthetic_telemetry
35.599355,sta_01,3560,127,-45.6,36,1781,synthetic_telemetry
35.600037,sta_02,3561,136,-68.3,36,1781,synthetic_telemetry
35.619486,sta_01,3562,128,-52.9,36,1782,synthetic_telemetry
35.619567,sta_02,3563,131,-49.0,36,1782,synthetic_telemetry
35.63973,sta_01,3564,123,-58.1,36,1783,synthetic_telemetry
35.640812,sta_02,3565,135,-66.2,36,1783,synthetic_telemetry
35.659139,sta_02,3567,117,-59.2,36,1784,synthetic_telemetry
35.659883,sta_01,3566,139,-66.7,36,1784,synthetic_telemetry
35.679949,sta_01,3568,125,-60.4,36,1785,synthetic_telemetry
35.68013,sta_02,3569,132,-58.4,36,1785,synthetic_telemetry
35.699128,sta_01,3570,130,-52.3,36,1786,synthetic_telemetry
35.700845,sta_02,3571,115,-53.6,36,1786,synthetic_telemetry
35.719328,sta_01,3572,128,-66.2,36,1787,synthetic_telemetry
35.720583,sta_02,3573,136,-68.9,36,1787,synthetic_telemetry
35.739177,sta_02,3575,132,-65.0,36,1788,synthetic_telemetry
35.740652,sta_01,3574,134,-74.3,36,1788,synthetic_telemetry
35.759851,sta_01,3576,125,-55.1,36,1789,synthetic_telemetry
35.760004,sta_02,3577,125,-61.2,36,1789,synthetic_telemetry
35.779271,sta_01,3578,134,-66.0,36,1790,synthetic_telemetry
35.779363,sta_02,3579,129,-72.1,36,1790,synthetic_telemetry
35.799111,sta_02,3581,125,-63.0,36,1791,synthetic_telemetry
35.800473,sta_01,3580,128,-57.1,36,1791,synthetic_telemetry
35.820243,sta_02,3583,124,-65.9,36,1792,synthetic_telemetry
35.820871,sta_01,3582,125,-71.8,36,1792,synthetic_telemetry
35.839404,sta_01,3584,133,-49.7,36,1793,synthetic_telemetry
35.839934,sta_02,3585,126,-67.8,36,1793,synthetic_telemetry
35.859765,sta_02,3587,130,-69.8,36,1794,synthetic_telemetry
35.860046,sta_01,3586,123,-66.5,36,1794,synthetic_telemetry
35.879436,sta_01,3588,129,-74.0,36,1795,synthetic_telemetry
35.87964,sta_02,3589,127,-57.8,36,1795,synthetic_telemetry
35.899327,sta_02,3591,126,-47.6,36,1796,synthetic_telemetry
35.900988,sta_01,3590,112,-72.2,36,1796,synthetic_telemetry
35.920534,sta_01,3592,117,-59.4,36,1797,synthetic_telemetry
35.920723,sta_02,3593,118,-51.5,36,1797,synthetic_telemetry
35.940506,sta_01,3594,131,-53.0,36,1798,synthetic_telemetry
35.940618,sta_02,3595,131,-61.8,36,1798,synthetic_telemetry
35.959151,sta_01,3596,135,-52.8,36,1799,synthetic_telemetry
35.960208,sta_02,3597,129,-64.8,36,1799,synthetic_telemetry
35.979399,sta_02,3599,133,-45.8,36,1800,synthetic_telemetry
35.980214,sta_01,3598,126,-58.1,36,1800,synthetic_telemetry
35.999289,sta_02,3601,119,-54.3,36,1801,synthetic_telemetry
36.000954,sta_01,3600,125,-60.0,36,1801,synthetic_telemetry
36.019686,sta_02,3603,122,-59.8,36,1802,synthetic_telemetry
36.020641,sta_01,3602,123,-57.8,36,1802,synthetic_telemetry
36.039239,sta_02,3605,145,-61.1,36,1803,synthetic_telemetry
36.039837,sta_01,3604,130,-60.8,36,1803,synthetic_telemetry
36.059749,sta_01,3606,140,-59.8,36,1804,synthetic_telemetry
36.060702,sta_02,3607,135,-63.9,36,1804,synthetic_telemetry
36.079007,sta_01,3608,130,-47.6,36,1805,synthetic_telemetry
36.080855,sta_02,3609,126,-70.7,36,1805,synthetic_telemetry
36.100084,sta_02,3611,131,-52.9,36,1806,synthetic_telemetry
36.100541,sta_01,3610,130,-58.4,36,1806,synthetic_telemetry
36.120161,sta_01,3612,129,-69.6,36,1807,synthetic_telemetry
36.120977,sta_02,3613,133,-51.3,36,1807,synthetic_telemetry
36.139566,sta_02,3615,139,-62.9,36,1808,synthetic_telemetry
36.140926,sta_01,3614,127,-56.1,36,1808,synthetic_telemetry
36.159414,sta_01,3616,121,-51.8,36,1809,synthetic_telemetry
36.160663,sta_02,3617,118,-68.2,36,1809,synthetic_telemetry
36.179122,sta_02,3619,133,-47.9,36,1810,synthetic_telemetry
36.180785,sta_01,3618,120,-70.0,36,1810,synthetic_telemetry
36.199116,sta_02,3621,137,-65.2,36,1811,synthetic_telemetry
36.199664,sta_01,3620,123,-58.4,36,1811,synthetic_telemetry
36.219291,sta_01,3622,132,-58.0,36,1812,synthetic_telemetry
36.21973,sta_02,3623,121,-68.5,36,1812,synthetic_telemetry
36.239126,sta_01,3624,130,-53.5,36,1813,synthetic_telemetry
36.240707,sta_02,3625,132,-45.4,36,1813,synthetic_telemetry
36.260181,sta_01,3626,126,-72.5,36,1814,synthetic_telemetry
36.260597,sta_02,3627,132,-51.8,36,1814,synthetic_telemetry
36.280672,sta_01,3628,129,-62.9,36,1815,synthetic_telemetry
36.280977,sta_02,3629,127,-74.1,36,1815,synthetic_telemetry
36.30005,sta_02,3631,120,-59.3,36,1816,synthetic_telemetry
36.300871,sta_01,3630,134,-55.4,36,1816,synthetic_telemetry
36.320666,sta_02,3633,123,-59.7,36,1817,synthetic_telemetry
36.320868,sta_01,3632,136,-67.6,36,1817,synthetic_telemetry
36.339239,sta_01,3634,121,-68.2,36,1818,synthetic_telemetry
36.339802,sta_02,3635,127,-74.0,36,1818,synthetic_telemetry
36.359976,sta_01,3636,130,-50.0,36,1819,synthetic_telemetry
36.360251,sta_02,3637,130,-58.6,36,1819,synthetic_telemetry
36.379068,sta_01,3638,129,-71.8,36,1820,synthetic_telemetry
36.380824,sta_02,3639,131,-69.7,36,1820,synthetic_telemetry
36.399518,sta_02,3641,124,-69.3,36,1821,synthetic_telemetry
36.400152,sta_01,3640,130,-59.4,36,1821,synthetic_telemetry
36.419672,sta_02,3643,124,-56.2,36,1822,synthetic_telemetry
36.420392,sta_01,3642,132,-64.4,36,1822,synthetic_telemetry
36.439216,sta_01,3644,138,-69.9,36,1823,synthetic_telemetry
36.439861,sta_02,3645,149,-55.0,36,1823,synthetic_telemetry
36.459503,sta_01,3646,129,-47.3,36,1824,synthetic_telemetry
36.459741,sta_02,3647,127,-61.6,36,1824,synthetic_telemetry
36.480182,sta_01,3648,123,-54.9,36,1825,synthetic_telemetry
36.480937,sta_02,3649,117,-67.6,36,1825,synthetic_telemetry
36.500216,sta_01,3650,133,-49.2,36,1826,synthetic_telemetry
36.500431,sta_02,3651,115,-58.5,36,1826,synthetic_telemetry
36.520258,sta_01,3652,132,-68.8,36,1827,synthetic_telemetry
36.520366,sta_02,3653,131,-74.9,36,1827,synthetic_telemetry
36.539404,sta_01,3654,127,-59.0,36,1828,synthetic_telemetry
36.539806,sta_02,3655,135,-66.4,36,1828,synthetic_telemetry
36.559557,sta_01,3656,119,-60.8,36,1829,synthetic_telemetry
36.560782,sta_02,3657,122,-53.8,36,1829,synthetic_telemetry
36.579307,sta_01,3658,129,-52.9,36,1830,synthetic_telemetry
36.580103,sta_02,3659,118,-73.2,36,1830,synthetic_telemetry
36.599746,sta_01,3660,126,-62.5,36,1831,synthetic_telemetry
36.600036,sta_02,3661,133,-47.3,36,1831,synthetic_telemetry
36.619199,sta_01,3662,135,-65.4,36,1832,synthetic_telemetry
36.62039,sta_02,3663,133,-68.7,36,1832,synthetic_telemetry
36.640371,sta_02,3665,125,-45.8,36,1833,synthetic_telemetry
36.640576,sta_01,3664,134,-68.6,36,1833,synthetic_telemetry
36.660232,sta_02,3667,117,-49.4,36,1834,synthetic_telemetry
36.660693,sta_01,3666,123,-48.1,36,1834,synthetic_telemetry
36.679352,sta_01,3668,137,-72.3,36,1835,synthetic_telemetry
36.679882,sta_02,3669,118,-69.2,36,1835,synthetic_telemetry
36.699657,sta_01,3670,130,-71.2,36,1836,synthetic_telemetry
36.70003,sta_02,3671,123,-60.5,36,1836,synthetic_telemetry
36.719732,sta_01,3672,144,-70.7,36,1837,synthetic_telemetry
36.720809,sta_02,3673,127,-50.2,36,1837,synthetic_telemetry
36.73964,sta_02,3675,117,-49.4,36,1838,synthetic_telemetry
36.739803,sta_01,3674,127,-57.0,36,1838,synthetic_telemetry
36.759608,sta_02,3677,128,-57.1,36,1839,synthetic_telemetry
36.760585,sta_01,3676,130,-49.8,36,1839,synthetic_telemetry
36.779525,sta_01,3678,135,-52.1,36,1840,synthetic_telemetry
36.779936,sta_02,3679,131,-53.0,36,1840,synthetic_telemetry
36.799874,sta_01,3680,115,-48.3,36,1841,synthetic_telemetry
36.800469,sta_02,3681,120,-74.0,36,1841,synthetic_telemetry
36.819973,sta_01,3682,127,-60.6,36,1842,synthetic_telemetry
36.820969,sta_02,3683,134,-67.1,36,1842,synthetic_telemetry
36.83966,sta_02,3685,127,-50.5,36,1843,synthetic_telemetry
36.840888,sta_01,3684,133,-52.8,36,1843,synthetic_telemetry
36.859485,sta_02,3687,141,-50.8,36,1844,synthetic_telemetry
36.860921,sta_01,3686,128,-50.1,36,1844,synthetic_telemetry
36.879158,sta_02,3689,127,-65.3,36,1845,synthetic_telemetry
36.880235,sta_01,3688,130,-61.6,36,1845,synthetic_telemetry
36.899048,sta_02,3691,129,-60.9,36,1846,synthetic_telemetry
36.900572,sta_01,3690,132,-45.9,36,1846,synthetic_telemetry
36.920021,sta_01,3692,136,-73.3,36,1847,synthetic_telemetry
36.920775,sta_02,3693,121,-46.8,36,1847,synthetic_telemetry
36.939607,sta_02,3695,128,-72.6,36,1848,synthetic_telemetry
36.940029,sta_01,3694,126,-51.5,36,1848,synthetic_telemetry
36.959999,sta_02,3697,140,-57.5,36,1849,synthetic_telemetry
36.960086,sta_01,3696,125,-72.1,36,1849,synthetic_telemetry
36.979925,sta_02,3699,141,-68.6,36,1850,synthetic_telemetry
36.980222,sta_01,3698,124,-49.1,36,1850,synthetic_telemetry
36.999048,sta_01,3700,137,-57.3,36,1851,synthetic_telemetry
36.999913,sta_02,3701,125,-59.2,36,1851,synthetic_telemetry
37.019236,sta_01,3702,138,-68.8,36,1852,synthetic_telemetry
37.020929,sta_02,3703,133,-64.6,36,1852,synthetic_telemetry
37.039033,sta_01,3704,123,-56.0,36,1853,synthetic_telemetry
37.040764,sta_02,3705,131,-71.6,36,1853,synthetic_telemetry
37.059094,sta_01,3706,129,-71.2,36,1854,synthetic_telemetry
37.06012,sta_02,3707,131,-57.6,36,1854,synthetic_telemetry
37.080005,sta_02,3709,120,-54.1,36,1855,synthetic_telemetry
37.080105,sta_01,3708,123,-45.7,36,1855,synthetic_telemetry
37.099738,sta_02,3711,127,-65.9,36,1856,synthetic_telemetry
37.100786,sta_01,3710,135,-74.9,36,1856,synthetic_telemetry
37.120346,sta_02,3713,131,-64.6,36,1857,synthetic_telemetry
37.120621,sta_01,3712,129,-61.2,36,1857,synthetic_telemetry
37.13965,sta_02,3715,133,-74.5,36,1858,synthetic_telemetry
37.139882,sta_01,3714,134,-62.3,36,1858,synthetic_telemetry
37.159194,sta_01,3716,135,-70.5,36,1859,synthetic_telemetry
37.159648,sta_02,3717,128,-58.6,36,1859,synthetic_telemetry
37.179751,sta_02,3719,127,-62.2,36,1860,synthetic_telemetry
37.180788,sta_01,3718,131,-47.2,36,1860,synthetic_telemetry
37.199644,sta_02,3721,117,-68.8,36,1861,synthetic_telemetry
37.200176,sta_01,3720,107,-50.1,36,1861,synthetic_telemetry
37.219117,sta_02,3723,132,-57.8,36,1862,synthetic_telemetry
37.219125,sta_01,3722,130,-45.3,36,1862,synthetic_telemetry
37.239623,sta_01,3724,128,-53.4,36,1863,synthetic_telemetry
37.240382,sta_02,3725,132,-69.8,36,1863,synthetic_telemetry
37.259307,sta_01,3726,136,-72.3,36,1864,synthetic_telemetry
37.260912,sta_02,3727,118,-58.0,36,1864,synthetic_telemetry
37.279328,sta_01,3728,123,-62.7,36,1865,synthetic_telemetry
37.28064,sta_02,3729,126,-54.9,36,1865,synthetic_telemetry
37.299269,sta_01,3730,131,-66.4,36,1866,synthetic_telemetry
37.300791,sta_02,3731,121,-63.5,36,1866,synthetic_telemetry
37.319605,sta_02,3733,120,-69.5,36,1867,synthetic_telemetry
37.319958,sta_01,3732,128,-46.6,36,1867,synthetic_telemetry
37.339818,sta_01,3734,129,-67.6,36,1868,synthetic_telemetry
37.339952,sta_02,3735,127,-58.9,36,1868,synthetic_telemetry
37.359852,sta_01,3736,128,-52.4,36,1869,synthetic_telemetry
37.360998,sta_02,3737,140,-72.4,36,1869,synthetic_telemetry
37.379557,sta_01,3738,131,-51.3,36,1870,synthetic_telemetry
37.380315,sta_02,3739,118,-52.3,36,1870,synthetic_telemetry
37.400021,sta_02,3741,116,-56.6,36,1871,synthetic_telemetry
37.400819,sta_01,3740,136,-48.8,36,1871,synthetic_telemetry
37.41923,sta_02,3743,133,-69.7,36,1872,synthetic_telemetry
37.42027,sta_01,3742,129,-71.7,36,1872,synthetic_telemetry
37.43929,sta_01,3744,115,-56.7,36,1873,synthetic_telemetry
37.439654,sta_02,3745,114,-61.2,36,1873,synthetic_telemetry
37.459852,sta_02,3747,127,-71.3,36,1874,synthetic_telemetry
37.460266,sta_01,3746,134,-71.4,36,1874,synthetic_telemetry
37.47973,sta_01,3748,120,-49.7,36,1875,synthetic_telemetry
37.480862,sta_02,3749,130,-70.7,36,1875,synthetic_telemetry
37.499285,sta_01,3750,129,-57.9,36,1876,synthetic_telemetry
37.499788,sta_02,3751,126,-72.6,36,1876,synthetic_telemetry
37.519025,sta_01,3752,124,-65.4,36,1877,synthetic_telemetry
37.519267,sta_02,3753,123,-45.4,36,1877,synthetic_telemetry
37.539887,sta_02,3755,132,-61.2,36,1878,synthetic_telemetry
37.540977,sta_01,3754,137,-70.2,36,1878,synthetic_telemetry
37.559068,sta_01,3756,127,-74.3,36,1879,synthetic_telemetry
37.559306,sta_02,3757,122,-59.8,36,1879,synthetic_telemetry
37.579471,sta_02,3759,126,-64.8,36,1880,synthetic_telemetry
37.580108,sta_01,3758,135,-62.3,36,1880,synthetic_telemetry
37.599418,sta_02,3761,136,-74.9,36,1881,synthetic_telemetry
37.599845,sta_01,3760,125,-71.4,36,1881,synthetic_telemetry
37.6193,sta_01,3762,133,-58.5,36,1882,synthetic_telemetry
37.619423,sta_02,3763,120,-50.7,36,1882,synthetic_telemetry
37.640046,sta_02,3765,125,-52.7,36,1883,synthetic_telemetry
37.640197,sta_01,3764,119,-61.2,36,1883,synthetic_telemetry
37.660133,sta_01,3766,128,-56.9,36,1884,synthetic_telemetry
37.66076,sta_02,3767,129,-62.2,36,1884,synthetic_telemetry
37.680572,sta_01,3768,137,-51.4,36,1885,synthetic_telemetry
37.680701,sta_02,3769,120,-68.2,36,1885,synthetic_telemetry
37.700105,sta_01,3770,133,-52.7,36,1886,synthetic_telemetry
37.700547,sta_02,3771,124,-63.1,36,1886,synthetic_telemetry
37.719381,sta_02,3773,127,-69.4,36,1887,synthetic_telemetry
37.720216,sta_01,3772,120,-56.6,36,1887,synthetic_telemetry
37.739842,sta_02,3775,131,-63.9,36,1888,synthetic_telemetry
37.740126,sta_01,3774,129,-66.9,36,1888,synthetic_telemetry
37.759739,sta_02,3777,134,-63.9,36,1889,synthetic_telemetry
37.760321,sta_01,3776,133,-57.0,36,1889,synthetic_telemetry
37.779796,sta_01,3778,125,-55.6,36,1890,synthetic_telemetry
37.780841,sta_02,3779,129,-57.6,36,1890,synthetic_telemetry
37.799603,sta_02,3781,118,-73.4,36,1891,synthetic_telemetry
37.799659,sta_01,3780,120,-48.8,36,1891,synthetic_telemetry
37.819771,sta_01,3782,122,-68.9,36,1892,synthetic_telemetry
37.819972,sta_02,3783,127,-64.4,36,1892,synthetic_telemetry
37.840223,sta_02,3785,126,-49.8,36,1893,synthetic_telemetry
37.840759,sta_01,3784,131,-66.3,36,1893,synthetic_telemetry
37.859145,sta_01,3786,134,-47.2,36,1894,synthetic_telemetry
37.860228,sta_02,3787,134,-46.8,36,1894,synthetic_telemetry
37.879097,sta_01,3788,138,-52.8,36,1895,synthetic_telemetry
37.880568,sta_02,3789,133,-53.2,36,1895,synthetic_telemetry
37.899678,sta_01,3790,126,-70.4,36,1896,synthetic_telemetry
37.900169,sta_02,3791,121,-46.5,36,1896,synthetic_telemetry
37.920198,sta_01,3792,123,-64.3,36,1897,synthetic_telemetry
37.920205,sta_02,3793,127,-50.5,36,1897,synthetic_telemetry
37.939387,sta_01,3794,132,-70.7,36,1898,synthetic_telemetry
37.939423,sta_02,3795,124,-53.4,36,1898,synthetic_telemetry
37.960507,sta_01,3796,134,-46.7,36,1899,synthetic_telemetry
37.960599,sta_02,3797,130,-61.9,36,1899,synthetic_telemetry
37.980277,sta_01,3798,119,-55.5,36,1900,synthetic_telemetry
37.980456,sta_02,3799,128,-63.0,36,1900,synthetic_telemetry
37.999204,sta_02,3801,135,-63.6,36,1901,synthetic_telemetry
38.000649,sta_01,3800,135,-49.0,36,1901,synthetic_telemetry
38.019193,sta_02,3803,129,-48.1,36,1902,synthetic_telemetry
38.019755,sta_01,3802,126,-52.8,36,1902,synthetic_telemetry
38.039474,sta_01,3804,132,-62.6,36,1903,synthetic_telemetry
38.039887,sta_02,3805,124,-61.6,36,1903,synthetic_telemetry
38.059361,sta_01,3806,121,-52.9,36,1904,synthetic_telemetry
38.059462,sta_02,3807,138,-45.4,36,1904,synthetic_telemetry
38.079884,sta_02,3809,138,-45.4,36,1905,synthetic_telemetry
38.080017,sta_01,3808,134,-73.4,36,1905,synthetic_telemetry
38.099082,sta_02,3811,134,-74.8,36,1906,synthetic_telemetry
38.09932,sta_01,3810,132,-74.1,36,1906,synthetic_telemetry
38.119599,sta_02,3813,126,-49.5,36,1907,synthetic_telemetry
38.120351,sta_01,3812,131,-48.2,36,1907,synthetic_telemetry
38.139487,sta_01,3814,129,-49.0,36,1908,synthetic_telemetry
38.140544,sta_02,3815,128,-60.0,36,1908,synthetic_telemetry
38.159485,sta_01,3816,129,-57.5,36,1909,synthetic_telemetry
38.159945,sta_02,3817,129,-69.7,36,1909,synthetic_telemetry
38.180613,sta_02,3819,125,-74.6,36,1910,synthetic_telemetry
38.180762,sta_01,3818,132,-47.7,36,1910,synthetic_telemetry
38.199132,sta_02,3821,129,-62.5,36,1911,synthetic_telemetry
38.199311,sta_01,3820,135,-61.1,36,1911,synthetic_telemetry
38.21967,sta_01,3822,122,-63.4,36,1912,synthetic_telemetry
38.22041,sta_02,3823,148,-50.7,36,1912,synthetic_telemetry
38.239193,sta_01,3824,128,-61.1,36,1913,synthetic_telemetry
38.240615,sta_02,3825,126,-65.3,36,1913,synthetic_telemetry
38.260729,sta_01,3826,125,-49.2,36,1914,synthetic_telemetry
38.260847,sta_02,3827,124,-46.4,36,1914,synthetic_telemetry
38.279928,sta_01,3828,131,-56.7,36,1915,synthetic_telemetry
38.280669,sta_02,3829,114,-54.3,36,1915,synthetic_telemetry
38.299044,sta_01,3830,127,-62.6,36,1916,synthetic_telemetry
38.299243,sta_02,3831,133,-65.1,36,1916,synthetic_telemetry
38.320285,sta_02,3833,132,-69.9,36,1917,synthetic_telemetry
38.320943,sta_01,3832,118,-52.9,36,1917,synthetic_telemetry
38.339027,sta_02,3835,123,-71.2,36,1918,synthetic_telemetry
38.339088,sta_01,3834,123,-65.0,36,1918,synthetic_telemetry
38.36022,sta_01,3836,125,-46.3,36,1919,synthetic_telemetry
38.360574,sta_02,3837,125,-61.8,36,1919,synthetic_telemetry
38.379282,sta_01,3838,128,-56.9,36,1920,synthetic_telemetry
38.380926,sta_02,3839,134,-48.9,36,1920,synthetic_telemetry
38.40009,sta_02,3841,124,-46.3,36,1921,synthetic_telemetry
38.400491,sta_01,3840,130,-49.9,36,1921,synthetic_telemetry
38.419149,sta_01,3842,124,-74.1,36,1922,synthetic_telemetry
38.420742,sta_02,3843,131,-74.8,36,1922,synthetic_telemetry
38.43998,sta_02,3845,134,-55.9,36,1923,synthetic_telemetry
38.440531,sta_01,3844,117,-45.7,36,1923,synthetic_telemetry
38.459287,sta_01,3846,127,-45.6,36,1924,synthetic_telemetry
38.460658,sta_02,3847,131,-70.0,36,1924,synthetic_telemetry
38.479613,sta_02,3849,117,-68.2,36,1925,synthetic_telemetry
38.480464,sta_01,3848,140,-64.9,36,1925,synthetic_telemetry
38.499704,sta_01,3850,118,-46.2,36,1926,synthetic_telemetry
38.49988,sta_02,3851,127,-70.2,36,1926,synthetic_telemetry
38.519711,sta_01,3852,131,-54.8,36,1927,synthetic_telemetry
38.520656,sta_02,3853,111,-52.4,36,1927,synthetic_telemetry
38.539192,sta_01,3854,127,-69.8,36,1928,synthetic_telemetry
38.540957,sta_02,3855,120,-68.5,36,1928,synthetic_telemetry
38.559138,sta_01,3856,120,-53.1,36,1929,synthetic_telemetry
38.560773,sta_02,3857,143,-52.4,36,1929,synthetic_telemetry
38.579156,sta_01,3858,122,-45.5,36,1930,synthetic_telemetry
38.580429,sta_02,3859,136,-50.9,36,1930,synthetic_telemetry
38.599051,sta_01,3860,127,-45.9,36,1931,synthetic_telemetry
38.599416,sta_02,3861,125,-63.6,36,1931,synthetic_telemetry
38.620018,sta_02,3863,120,-49.3,36,1932,synthetic_telemetry
38.620681,sta_01,3862,133,-71.5,36,1932,synthetic_telemetry
38.639436,sta_01,3864,133,-46.0,36,1933,synthetic_telemetry
38.640139,sta_02,3865,132,-58.0,36,1933,synthetic_telemetry
38.659254,sta_02,3867,121,-47.9,36,1934,synthetic_telemetry
38.659547,sta_01,3866,144,-45.8,36,1934,synthetic_telemetry
38.679629,sta_02,3869,139,-65.5,36,1935,synthetic_telemetry
38.679689,sta_01,3868,135,-51.9,36,1935,synthetic_telemetry
38.69921,sta_01,3870,126,-61.1,36,1936,synthetic_telemetry
38.700589,sta_02,3871,126,-74.3,36,1936,synthetic_telemetry
38.720256,sta_01,3872,121,-67.0,36,1937,synthetic_telemetry
38.720603,sta_02,3873,129,-65.2,36,1937,synthetic_telemetry
38.739337,sta_02,3875,120,-52.3,36,1938,synthetic_telemetry
38.740333,sta_01,3874,126,-74.6,36,1938,synthetic_telemetry
38.759351,sta_02,3877,132,-68.3,36,1939,synthetic_telemetry
38.760928,sta_01,3876,126,-52.1,36,1939,synthetic_telemetry
38.779585,sta_01,3878,117,-52.5,36,1940,synthetic_telemetry
38.779602,sta_02,3879,117,-59.3,36,1940,synthetic_telemetry
38.80009,sta_02,3881,138,-67.8,36,1941,synthetic_telemetry
38.800096,sta_01,3880,129,-54.0,36,1941,synthetic_telemetry
38.820556,sta_02,3883,136,-73.1,36,1942,synthetic_telemetry
38.820714,sta_01,3882,128,-61.1,36,1942,synthetic_telemetry
38.839269,sta_02,3885,133,-63.5,36,1943,synthetic_telemetry
38.840768,sta_01,3884,124,-58.6,36,1943,synthetic_telemetry
38.859669,sta_02,3887,124,-67.5,36,1944,synthetic_telemetry
38.860296,sta_01,3886,137,-62.4,36,1944,synthetic_telemetry
38.880244,sta_02,3889,129,-69.5,36,1945,synthetic_telemetry
38.880879,sta_01,3888,124,-55.7,36,1945,synthetic_telemetry
38.899055,sta_02,3891,120,-53.7,36,1946,synthetic_telemetry
38.899871,sta_01,3890,123,-58.4,36,1946,synthetic_telemetry
38.919642,sta_02,3893,117,-68.7,36,1947,synthetic_telemetry
38.91979,sta_01,3892,129,-48.5,36,1947,synthetic_telemetry
38.939367,sta_01,3894,130,-45.7,36,1948,synthetic_telemetry
38.940083,sta_02,3895,129,-61.5,36,1948,synthetic_telemetry
38.960028,sta_02,3897,121,-61.0,36,1949,synthetic_telemetry
38.960804,sta_01,3896,126,-57.7,36,1949,synthetic_telemetry
38.979036,sta_01,3898,131,-51.6,36,1950,synthetic_telemetry
38.979065,sta_02,3899,131,-68.5,36,1950,synthetic_telemetry
38.999335,sta_02,3901,130,-67.0,36,1951,synthetic_telemetry
39.00087,sta_01,3900,123,-61.2,36,1951,synthetic_telemetry
39.019108,sta_01,3902,127,-53.2,36,1952,synthetic_telemetry
39.020353,sta_02,3903,123,-46.8,36,1952,synthetic_telemetry
39.039016,sta_02,3905,123,-46.0,36,1953,synthetic_telemetry
39.040056,sta_01,3904,122,-62.9,36,1953,synthetic_telemetry
39.059438,sta_01,3906,125,-71.3,36,1954,synthetic_telemetry
39.059448,sta_02,3907,137,-53.7,36,1954,synthetic_telemetry
39.079365,sta_01,3908,127,-58.6,36,1955,synthetic_telemetry
39.080385,sta_02,3909,122,-54.6,36,1955,synthetic_telemetry
39.099258,sta_02,3911,134,-59.4,36,1956,synthetic_telemetry
39.100089,sta_01,3910,123,-74.4,36,1956,synthetic_telemetry
39.11982,sta_02,3913,129,-73.4,36,1957,synthetic_telemetry
39.120942,sta_01,3912,134,-68.0,36,1957,synthetic_telemetry
39.139005,sta_02,3915,132,-69.7,36,1958,synthetic_telemetry
39.140583,sta_01,3914,116,-55.2,36,1958,synthetic_telemetry
39.159153,sta_02,3917,133,-62.8,36,1959,synthetic_telemetry
39.160987,sta_01,3916,131,-57.6,36,1959,synthetic_telemetry
39.179967,sta_01,3918,134,-58.0,36,1960,synthetic_telemetry
39.180789,sta_02,3919,134,-50.9,36,1960,synthetic_telemetry
39.199973,sta_02,3921,131,-47.1,36,1961,synthetic_telemetry
39.200726,sta_01,3920,132,-72.5,36,1961,synthetic_telemetry
39.220317,sta_02,3923,122,-64.8,36,1962,synthetic_telemetry
39.220915,sta_01,3922,136,-62.7,36,1962,synthetic_telemetry
39.23995,sta_01,3924,127,-63.1,36,1963,synthetic_telemetry
39.240632,sta_02,3925,126,-45.5,36,1963,synthetic_telemetry
39.259125,sta_02,3927,119,-58.2,36,1964,synthetic_telemetry
39.260557,sta_01,3926,123,-59.4,36,1964,synthetic_telemetry
39.279273,sta_01,3928,119,-71.8,36,1965,synthetic_telemetry
39.280179,sta_02,3929,132,-58.2,36,1965,synthetic_telemetry
39.299006,sta_02,3931,139,-72.6,36,1966,synthetic_telemetry
39.300452,sta_01,3930,124,-65.6,36,1966,synthetic_telemetry
39.319003,sta_02,3933,124,-56.3,36,1967,synthetic_telemetry
39.320542,sta_01,3932,135,-73.2,36,1967,synthetic_telemetry
39.339246,sta_01,3934,130,-56.3,36,1968,synthetic_telemetry
39.339318,sta_02,3935,135,-46.9,36,1968,synthetic_telemetry
39.359779,sta_02,3937,118,-68.0,36,1969,synthetic_telemetry
39.360478,sta_01,3936,119,-50.5,36,1969,synthetic_telemetry
39.379132,sta_02,3939,129,-69.8,36,1970,synthetic_telemetry
39.380113,sta_01,3938,139,-58.4,36,1970,synthetic_telemetry
39.400265,sta_01,3940,119,-73.1,36,1971,synthetic_telemetry
39.400731,sta_02,3941,115,-55.4,36,1971,synthetic_telemetry
39.419035,sta_01,3942,122,-66.7,36,1972,synthetic_telemetry
39.419205,sta_02,3943,134,-52.9,36,1972,synthetic_telemetry
39.439517,sta_02,3945,120,-62.3,36,1973,synthetic_telemetry
39.440554,sta_01,3944,136,-61.0,36,1973,synthetic_telemetry
39.459312,sta_01,3946,131,-60.6,36,1974,synthetic_telemetry
39.459325,sta_02,3947,124,-54.8,36,1974,synthetic_telemetry
39.479031,sta_01,3948,133,-50.3,36,1975,synthetic_telemetry
39.479113,sta_02,3949,125,-62.2,36,1975,synthetic_telemetry
39.499925,sta_02,3951,129,-58.4,36,1976,synthetic_telemetry
39.500075,sta_01,3950,121,-64.6,36,1976,synthetic_telemetry
39.519703,sta_01,3952,132,-69.3,36,1977,synthetic_telemetry
39.520409,sta_02,3953,131,-50.0,36,1977,synthetic_telemetry
39.539481,sta_02,3955,120,-48.6,36,1978,synthetic_telemetry
39.539613,sta_01,3954,124,-55.3,36,1978,synthetic_telemetry
39.560241,sta_01,3956,117,-52.9,36,1979,synthetic_telemetry
39.560595,sta_02,3957,135,-72.2,36,1979,synthetic_telemetry
39.580398,sta_02,3959,118,-68.9,36,1980,synthetic_telemetry
39.580427,sta_01,3958,104,-68.8,36,1980,synthetic_telemetry
39.599376,sta_01,3960,125,-49.2,36,1981,synthetic_telemetry
39.599908,sta_02,3961,125,-72.8,36,1981,synthetic_telemetry
39.619413,sta_02,3963,120,-70.8,36,1982,synthetic_telemetry
39.620236,sta_01,3962,122,-52.3,36,1982,synthetic_telemetry
39.640164,sta_01,3964,124,-68.6,36,1983,synthetic_telemetry
39.64094,sta_02,3965,131,-61.7,36,1983,synthetic_telemetry
39.659335,sta_01,3966,132,-45.3,36,1984,synthetic_telemetry
39.660664,sta_02,3967,131,-48.5,36,1984,synthetic_telemetry
39.679148,sta_01,3968,131,-63.6,36,1985,synthetic_telemetry
39.680895,sta_02,3969,124,-45.0,36,1985,synthetic_telemetry
39.699502,sta_01,3970,132,-64.3,36,1986,synthetic_telemetry
39.699636,sta_02,3971,130,-47.1,36,1986,synthetic_telemetry
39.72043,sta_01,3972,125,-58.2,36,1987,synthetic_telemetry
39.720769,sta_02,3973,125,-49.5,36,1987,synthetic_telemetry
39.740089,sta_01,3974,130,-73.6,36,1988,synthetic_telemetry
39.740426,sta_02,3975,132,-48.8,36,1988,synthetic_telemetry
39.759581,sta_01,3976,121,-45.8,36,1989,synthetic_telemetry
39.760897,sta_02,3977,117,-47.4,36,1989,synthetic_telemetry
39.779825,sta_01,3978,123,-71.2,36,1990,synthetic_telemetry
39.780548,sta_02,3979,134,-63.4,36,1990,synthetic_telemetry
39.800309,sta_01,3980,122,-46.2,36,1991,synthetic_telemetry
39.800682,sta_02,3981,133,-58.9,36,1991,synthetic_telemetry
39.820298,sta_02,3983,127,-48.1,36,1992,synthetic_telemetry
39.820511,sta_01,3982,129,-52.6,36,1992,synthetic_telemetry
39.839694,sta_01,3984,131,-51.2,36,1993,synthetic_telemetry
39.840569,sta_02,3985,107,-48.7,36,1993,synthetic_telemetry
39.859226,sta_02,3987,122,-60.7,36,1994,synthetic_telemetry
39.859887,sta_01,3986,122,-71.8,36,1994,synthetic_telemetry
39.879037,sta_01,3988,124,-68.2,36,1995,synthetic_telemetry
39.879893,sta_02,3989,128,-52.7,36,1995,synthetic_telemetry
39.899294,sta_01,3990,132,-58.9,36,1996,synthetic_telemetry
39.900617,sta_02,3991,122,-65.3,36,1996,synthetic_telemetry
39.919944,sta_02,3993,132,-71.4,36,1997,synthetic_telemetry
39.919974,sta_01,3992,122,-55.8,36,1997,synthetic_telemetry
39.940253,sta_01,3994,129,-72.4,36,1998,synthetic_telemetry
39.940654,sta_02,3995,118,-71.6,36,1998,synthetic_telemetry
39.959323,sta_02,3997,131,-70.0,36,1999,synthetic_telemetry
39.960945,sta_01,3996,131,-53.5,36,1999,synthetic_telemetry
39.979948,sta_02,3999,130,-68.1,36,2000,synthetic_telemetry
39.980608,sta_01,3998,129,-67.9,36,2000,synthetic_telemetry
39.99912,sta_01,4000,135,-72.4,36,2001,synthetic_telemetry
39.999591,sta_02,4001,128,-69.3,36,2001,synthetic_telemetry
40.019111,sta_02,4003,119,-50.2,36,2002,synthetic_telemetry
40.02092,sta_01,4002,131,-72.0,36,2002,synthetic_telemetry
40.039156,sta_02,4005,136,-53.6,36,2003,synthetic_telemetry
40.040991,sta_01,4004,135,-46.3,36,2003,synthetic_telemetry
40.059628,sta_02,4007,123,-58.0,36,2004,synthetic_telemetry
40.060508,sta_01,4006,134,-67.2,36,2004,synthetic_telemetry
40.079007,sta_01,4008,122,-48.0,36,2005,synthetic_telemetry
40.080758,sta_02,4009,120,-62.7,36,2005,synthetic_telemetry
40.099347,sta_01,4010,128,-55.4,36,2006,synthetic_telemetry
40.100418,sta_02,4011,119,-48.8,36,2006,synthetic_telemetry
40.120831,sta_01,4012,130,-71.8,36,2007,synthetic_telemetry
40.120976,sta_02,4013,131,-73.5,36,2007,synthetic_telemetry
40.139179,sta_01,4014,133,-50.8,36,2008,synthetic_telemetry
40.139891,sta_02,4015,128,-59.4,36,2008,synthetic_telemetry
40.159939,sta_01,4016,136,-60.1,36,2009,synthetic_telemetry
40.160612,sta_02,4017,117,-64.8,36,2009,synthetic_telemetry
40.179534,sta_02,4019,136,-62.6,36,2010,synthetic_telemetry
40.180057,sta_01,4018,127,-54.4,36,2010,synthetic_telemetry
40.199166,sta_02,4021,130,-60.1,36,2011,synthetic_telemetry
40.200769,sta_01,4020,122,-67.1,36,2011,synthetic_telemetry
40.219573,sta_02,4023,133,-52.7,36,2012,synthetic_telemetry
40.219659,sta_01,4022,126,-71.3,36,2012,synthetic_telemetry
40.240194,sta_01,4024,126,-67.6,36,2013,synthetic_telemetry
40.240577,sta_02,4025,124,-48.6,36,2013,synthetic_telemetry
40.259441,sta_02,4027,141,-62.7,36,2014,synthetic_telemetry
40.260744,sta_01,4026,117,-72.5,36,2014,synthetic_telemetry
40.279066,sta_01,4028,124,-46.8,36,2015,synthetic_telemetry
40.279247,sta_02,4029,121,-61.9,36,2015,synthetic_telemetry
40.300301,sta_01,4030,121,-72.2,36,2016,synthetic_telemetry
40.300999,sta_02,4031,136,-50.0,36,2016,synthetic_telemetry
40.319607,sta_01,4032,130,-51.6,36,2017,synthetic_telemetry
40.320227,sta_02,4033,135,-58.0,36,2017,synthetic_telemetry
40.339459,sta_01,4034,131,-62.8,36,2018,synthetic_telemetry
40.340496,sta_02,4035,126,-66.5,36,2018,synthetic_telemetry
40.359855,sta_01,4036,129,-68.8,36,2019,synthetic_telemetry
40.360697,sta_02,4037,133,-64.0,36,2019,synthetic_telemetry
40.380237,sta_01,4038,129,-61.2,36,2020,synthetic_telemetry
40.380595,sta_02,4039,133,-63.6,36,2020,synthetic_telemetry
40.399163,sta_02,4041,124,-56.1,36,2021,synthetic_telemetry
40.400747,sta_01,4040,133,-45.5,36,2021,synthetic_telemetry
40.419281,sta_01,4042,130,-58.8,36,2022,synthetic_telemetry
40.420136,sta_02,4043,130,-52.4,36,2022,synthetic_telemetry
40.43965,sta_01,4044,125,-63.6,36,2023,synthetic_telemetry
40.440851,sta_02,4045,133,-58.7,36,2023,synthetic_telemetry
40.460521,sta_01,4046,122,-59.6,36,2024,synthetic_telemetry
40.46078,sta_02,4047,136,-50.9,36,2024,synthetic_telemetry
40.479438,sta_02,4049,134,-65.5,36,2025,synthetic_telemetry
40.480324,sta_01,4048,132,-74.9,36,2025,synthetic_telemetry
40.499064,sta_02,4051,122,-68.4,36,2026,synthetic_telemetry
40.500914,sta_01,4050,131,-58.1,36,2026,synthetic_telemetry
40.51902,sta_02,4053,139,-72.7,36,2027,synthetic_telemetry
40.52079,sta_01,4052,134,-48.5,36,2027,synthetic_telemetry
40.540256,sta_02,4055,127,-57.6,36,2028,synthetic_telemetry
40.540939,sta_01,4054,130,-74.0,36,2028,synthetic_telemetry
40.560848,sta_01,4056,130,-53.7,36,2029,synthetic_telemetry
40.560999,sta_02,4057,123,-64.5,36,2029,synthetic_telemetry
40.579427,sta_02,4059,127,-63.0,36,2030,synthetic_telemetry
40.579882,sta_01,4058,132,-46.5,36,2030,synthetic_telemetry
40.599725,sta_01,4060,125,-59.4,36,2031,synthetic_telemetry
40.599809,sta_02,4061,123,-48.8,36,2031,synthetic_telemetry
40.619154,sta_01,4062,128,-69.4,36,2032,synthetic_telemetry
40.62072,sta_02,4063,115,-56.6,36,2032,synthetic_telemetry
40.639584,sta_01,4064,134,-49.0,36,2033,synthetic_telemetry
40.640865,sta_02,4065,121,-60.7,36,2033,synthetic_telemetry
40.660357,sta_02,4067,123,-46.1,36,2034,synthetic_telemetry
40.660548,sta_01,4066,134,-68.8,36,2034,synthetic_telemetry
40.680102,sta_01,4068,129,-49.7,36,2035,synthetic_telemetry
40.680483,sta_02,4069,128,-54.3,36,2035,synthetic_telemetry
40.699139,sta_02,4071,130,-48.4,36,2036,synthetic_telemetry
40.700926,sta_01,4070,124,-63.8,36,2036,synthetic_telemetry
40.719127,sta_02,4073,121,-68.9,36,2037,synthetic_telemetry
40.719739,sta_01,4072,120,-63.0,36,2037,synthetic_telemetry
40.739374,sta_01,4074,131,-67.6,36,2038,synthetic_telemetry
40.740347,sta_02,4075,129,-56.4,36,2038,synthetic_telemetry
40.759188,sta_02,4077,132,-55.3,36,2039,synthetic_telemetry
40.760116,sta_01,4076,123,-62.3,36,2039,synthetic_telemetry
40.779005,sta_02,4079,124,-48.5,36,2040,synthetic_telemetry
40.779306,sta_01,4078,139,-67.3,36,2040,synthetic_telemetry
40.799124,sta_01,4080,127,-66.6,36,2041,synthetic_telemetry
40.80086,sta_02,4081,131,-72.9,36,2041,synthetic_telemetry
40.819149,sta_02,4083,122,-70.4,36,2042,synthetic_telemetry
40.819664,sta_01,4082,135,-53.8,36,2042,synthetic_telemetry
40.839092,sta_02,4085,127,-49.2,36,2043,synthetic_telemetry
40.839798,sta_01,4084,122,-65.4,36,2043,synthetic_telemetry
40.860244,sta_02,4087,122,-54.5,36,2044,synthetic_telemetry
40.860678,sta_01,4086,115,-67.4,36,2044,synthetic_telemetry
40.87913,sta_01,4088,131,-45.2,36,2045,synthetic_telemetry
40.880462,sta_02,4089,127,-66.5,36,2045,synthetic_telemetry
40.900117,sta_02,4091,137,-45.7,36,2046,synthetic_telemetry
40.90054,sta_01,4090,128,-68.5,36,2046,synthetic_telemetry
40.919123,sta_02,4093,131,-64.6,36,2047,synthetic_telemetry
40.919729,sta_01,4092,129,-52.3,36,2047,synthetic_telemetry
40.939072,sta_01,4094,124,-45.2,36,2048,synthetic_telemetry
40.940255,sta_02,4095,120,-51.6,36,2048,synthetic_telemetry
40.9604,sta_02,4097,134,-71.3,36,2049,synthetic_telemetry
40.960551,sta_01,4096,120,-45.6,36,2049,synthetic_telemetry
40.979489,sta_02,4099,126,-74.8,36,2050,synthetic_telemetry
40.980109,sta_01,4098,139,-50.5,36,2050,synthetic_telemetry
40.999477,sta_02,4101,122,-67.0,36,2051,synthetic_telemetry
41.000958,sta_01,4100,133,-56.4,36,2051,synthetic_telemetry
41.020181,sta_01,4102,125,-68.0,36,2052,synthetic_telemetry
41.02099,sta_02,4103,130,-74.6,36,2052,synthetic_telemetry
41.039077,sta_01,4104,115,-67.6,36,2053,synthetic_telemetry
41.039349,sta_02,4105,126,-49.6,36,2053,synthetic_telemetry
41.0591,sta_02,4107,129,-60.1,36,2054,synthetic_telemetry
41.060679,sta_01,4106,124,-60.7,36,2054,synthetic_telemetry
41.079372,sta_02,4109,129,-45.5,36,2055,synthetic_telemetry
41.080585,sta_01,4108,132,-69.2,36,2055,synthetic_telemetry
41.099575,sta_01,4110,130,-67.9,36,2056,synthetic_telemetry
41.099676,sta_02,4111,130,-48.8,36,2056,synthetic_telemetry
41.119059,sta_01,4112,121,-56.9,36,2057,synthetic_telemetry
41.120688,sta_02,4113,129,-65.0,36,2057,synthetic_telemetry
41.140386,sta_01,4114,121,-70.1,36,2058,synthetic_telemetry
41.14072,sta_02,4115,127,-65.0,36,2058,synthetic_telemetry
41.159826,sta_01,4116,125,-55.1,36,2059,synthetic_telemetry
41.160122,sta_02,4117,117,-45.1,36,2059,synthetic_telemetry
41.179361,sta_02,4119,129,-61.7,36,2060,synthetic_telemetry
41.180583,sta_01,4118,122,-55.3,36,2060,synthetic_telemetry
41.200679,sta_02,4121,121,-57.7,36,2061,synthetic_telemetry
41.200744,sta_01,4120,132,-74.7,36,2061,synthetic_telemetry
41.219613,sta_02,4123,129,-46.4,36,2062,synthetic_telemetry
41.219862,sta_01,4122,118,-49.5,36,2062,synthetic_telemetry
41.239647,sta_01,4124,132,-62.9,36,2063,synthetic_telemetry
41.240313,sta_02,4125,125,-66.5,36,2063,synthetic_telemetry
41.259461,sta_01,4126,132,-54.5,36,2064,synthetic_telemetry
41.259962,sta_02,4127,130,-59.0,36,2064,synthetic_telemetry
41.279649,sta_02,4129,121,-54.8,36,2065,synthetic_telemetry
41.280701,sta_01,4128,117,-50.9,36,2065,synthetic_telemetry
41.300702,sta_01,4130,132,-56.9,36,2066,synthetic_telemetry
41.300719,sta_02,4131,130,-59.7,36,2066,synthetic_telemetry
41.319888,sta_01,4132,127,-72.0,36,2067,synthetic_telemetry
41.320743,sta_02,4133,131,-71.0,36,2067,synthetic_telemetry
41.340252,sta_02,4135,140,-68.1,36,2068,synthetic_telemetry
41.340434,sta_01,4134,129,-72.4,36,2068,synthetic_telemetry
41.359499,sta_01,4136,126,-64.0,36,2069,synthetic_telemetry
41.360549,sta_02,4137,127,-56.1,36,2069,synthetic_telemetry
41.379304,sta_02,4139,116,-56.6,36,2070,synthetic_telemetry
41.380733,sta_01,4138,132,-60.0,36,2070,synthetic_telemetry
41.399114,sta_01,4140,131,-62.1,36,2071,synthetic_telemetry
41.400851,sta_02,4141,131,-52.1,36,2071,synthetic_telemetry
41.419446,sta_01,4142,119,-54.1,36,2072,synthetic_telemetry
41.419783,sta_02,4143,127,-45.6,36,2072,synthetic_telemetry
41.440434,sta_02,4145,130,-59.4,36,2073,synthetic_telemetry
41.440926,sta_01,4144,139,-49.3,36,2073,synthetic_telemetry
41.460276,sta_01,4146,122,-45.5,36,2074,synthetic_telemetry
41.460576,sta_02,4147,120,-64.9,36,2074,synthetic_telemetry
41.479318,sta_02,4149,125,-67.8,36,2075,synthetic_telemetry
41.480334,sta_01,4148,126,-62.8,36,2075,synthetic_telemetry
41.49981,sta_01,4150,129,-50.1,36,2076,synthetic_telemetry
41.500777,sta_02,4151,133,-71.6,36,2076,synthetic_telemetry
41.519485,sta_01,4152,118,-54.8,36,2077,synthetic_telemetry
41.520473,sta_02,4153,127,-48.2,36,2077,synthetic_telemetry
41.539574,sta_01,4154,111,-64.9,36,2078,synthetic_telemetry
41.540059,sta_02,4155,142,-71.1,36,2078,synthetic_telemetry
41.55954,sta_02,4157,136,-61.8,36,2079,synthetic_telemetry
41.560952,sta_01,4156,124,-55.1,36,2079,synthetic_telemetry
41.580086,sta_01,4158,120,-73.5,36,2080,synthetic_telemetry
41.580612,sta_02,4159,125,-54.7,36,2080,synthetic_telemetry
41.599156,sta_02,4161,133,-51.8,36,2081,synthetic_telemetry
41.59948,sta_01,4160,127,-62.5,36,2081,synthetic_telemetry
41.619698,sta_01,4162,123,-46.4,36,2082,synthetic_telemetry
41.620827,sta_02,4163,120,-58.8,36,2082,synthetic_telemetry
41.639947,sta_01,4164,124,-47.7,36,2083,synthetic_telemetry
41.640622,sta_02,4165,128,-50.2,36,2083,synthetic_telemetry
41.659613,sta_01,4166,128,-52.8,36,2084,synthetic_telemetry
41.659681,sta_02,4167,133,-62.4,36,2084,synthetic_telemetry
41.679705,sta_01,4168,137,-45.3,36,2085,synthetic_telemetry
41.680585,sta_02,4169,127,-63.7,36,2085,synthetic_telemetry
41.699581,sta_02,4171,134,-46.5,36,2086,synthetic_telemetry
41.700705,sta_01,4170,123,-48.3,36,2086,synthetic_telemetry
41.719455,sta_02,4173,144,-66.6,36,2087,synthetic_telemetry
41.720804,sta_01,4172,139,-62.2,36,2087,synthetic_telemetry
41.739987,sta_01,4174,140,-69.2,36,2088,synthetic_telemetry
41.740116,sta_02,4175,122,-56.6,36,2088,synthetic_telemetry
41.759562,sta_01,4176,137,-62.3,36,2089,synthetic_telemetry
41.759878,sta_02,4177,118,-48.9,36,2089,synthetic_telemetry
41.779761,sta_02,4179,140,-67.8,36,2090,synthetic_telemetry
41.779944,sta_01,4178,130,-70.5,36,2090,synthetic_telemetry
41.799105,sta_02,4181,124,-52.5,36,2091,synthetic_telemetry
41.799845,sta_01,4180,129,-63.2,36,2091,synthetic_telemetry
41.819299,sta_01,4182,122,-48.7,36,2092,synthetic_telemetry
41.8197,sta_02,4183,133,-51.4,36,2092,synthetic_telemetry
41.839401,sta_02,4185,119,-68.8,36,2093,synthetic_telemetry
41.839448,sta_01,4184,130,-73.5,36,2093,synthetic_telemetry
41.859993,sta_02,4187,133,-64.4,36,2094,synthetic_telemetry
41.860594,sta_01,4186,116,-59.3,36,2094,synthetic_telemetry
41.880148,sta_02,4189,132,-74.8,36,2095,synthetic_telemetry
41.880967,sta_01,4188,127,-69.3,36,2095,synthetic_telemetry
41.900664,sta_01,4190,136,-58.9,36,2096,synthetic_telemetry
41.900755,sta_02,4191,120,-68.4,36,2096,synthetic_telemetry
41.91917,sta_02,4193,129,-50.3,36,2097,synthetic_telemetry
41.920632,sta_01,4192,129,-45.6,36,2097,synthetic_telemetry
41.94045,sta_02,4195,130,-49.4,36,2098,synthetic_telemetry
41.940555,sta_01,4194,126,-70.0,36,2098,synthetic_telemetry
41.959257,sta_01,4196,135,-59.5,36,2099,synthetic_telemetry
41.96053,sta_02,4197,132,-45.3,36,2099,synthetic_telemetry
41.979257,sta_01,4198,124,-46.4,36,2100,synthetic_telemetry
41.980374,sta_02,4199,122,-64.2,36,2100,synthetic_telemetry
41.999516,sta_02,4201,128,-47.6,36,2101,synthetic_telemetry
42.000644,sta_01,4200,141,-59.5,36,2101,synthetic_telemetry
42.020057,sta_01,4202,123,-59.4,36,2102,synthetic_telemetry
42.020971,sta_02,4203,125,-63.0,36,2102,synthetic_telemetry
42.039315,sta_02,4205,131,-53.2,36,2103,synthetic_telemetry
42.03972,sta_01,4204,113,-66.7,36,2103,synthetic_telemetry
42.060244,sta_01,4206,134,-50.3,36,2104,synthetic_telemetry
42.060823,sta_02,4207,122,-50.4,36,2104,synthetic_telemetry
42.079042,sta_02,4209,127,-62.0,36,2105,synthetic_telemetry
42.079226,sta_01,4208,125,-56.9,36,2105,synthetic_telemetry
42.10078,sta_02,4211,123,-65.1,36,2106,synthetic_telemetry
42.100808,sta_01,4210,117,-62.2,36,2106,synthetic_telemetry
42.119114,sta_02,4213,121,-73.1,36,2107,synthetic_telemetry
42.12001,sta_01,4212,128,-61.0,36,2107,synthetic_telemetry
42.139406,sta_01,4214,117,-52.5,36,2108,synthetic_telemetry
42.139977,sta_02,4215,127,-72.9,36,2108,synthetic_telemetry
42.159485,sta_02,4217,119,-61.0,36,2109,synthetic_telemetry
42.159698,sta_01,4216,133,-54.7,36,2109,synthetic_telemetry
42.180209,sta_02,4219,120,-46.7,36,2110,synthetic_telemetry
42.180576,sta_01,4218,134,-66.2,36,2110,synthetic_telemetry
42.199074,sta_02,4221,117,-59.9,36,2111,synthetic_telemetry
42.199277,sta_01,4220,120,-47.8,36,2111,synthetic_telemetry
42.220443,sta_02,4223,132,-57.0,36,2112,synthetic_telemetry
42.22067,sta_01,4222,127,-64.5,36,2112,synthetic_telemetry
42.239206,sta_02,4225,136,-67.1,36,2113,synthetic_telemetry
42.239732,sta_01,4224,123,-72.4,36,2113,synthetic_telemetry
42.260741,sta_02,4227,125,-49.6,36,2114,synthetic_telemetry
42.260834,sta_01,4226,126,-66.8,36,2114,synthetic_telemetry
42.280153,sta_02,4229,123,-70.4,36,2115,synthetic_telemetry
42.28046,sta_01,4228,135,-55.0,36,2115,synthetic_telemetry
42.299193,sta_02,4231,132,-59.8,36,2116,synthetic_telemetry
42.300213,sta_01,4230,125,-53.2,36,2116,synthetic_telemetry
42.319487,sta_02,4233,126,-62.8,36,2117,synthetic_telemetry
42.320751,sta_01,4232,129,-53.9,36,2117,synthetic_telemetry
42.339887,sta_02,4235,128,-63.4,36,2118,synthetic_telemetry
42.340211,sta_01,4234,116,-66.5,36,2118,synthetic_telemetry
42.359599,sta_01,4236,125,-71.3,36,2119,synthetic_telemetry
42.360857,sta_02,4237,139,-45.6,36,2119,synthetic_telemetry
42.379943,sta_01,4238,122,-65.0,36,2120,synthetic_telemetry
42.380503,sta_02,4239,130,-47.1,36,2120,synthetic_telemetry
42.399197,sta_02,4241,117,-62.9,36,2121,synthetic_telemetry
42.400443,sta_01,4240,135,-45.1,36,2121,synthetic_telemetry
42.420373,sta_01,4242,114,-55.0,36,2122,synthetic_telemetry
42.420877,sta_02,4243,124,-71.8,36,2122,synthetic_telemetry
42.439126,sta_02,4245,128,-71.5,36,2123,synthetic_telemetry
42.440187,sta_01,4244,120,-66.6,36,2123,synthetic_telemetry
42.459091,sta_01,4246,126,-54.8,36,2124,synthetic_telemetry
42.460482,sta_02,4247,118,-74.4,36,2124,synthetic_telemetry
42.480232,sta_01,4248,128,-73.1,36,2125,synthetic_telemetry
42.480276,sta_02,4249,122,-74.8,36,2125,synthetic_telemetry
42.500859,sta_01,4250,133,-71.5,36,2126,synthetic_telemetry
42.500968,sta_02,4251,133,-65.5,36,2126,synthetic_telemetry
42.519974,sta_01,4252,130,-53.3,36,2127,synthetic_telemetry
42.520401,sta_02,4253,139,-57.0,36,2127,synthetic_telemetry
42.539221,sta_01,4254,135,-56.7,36,2128,synthetic_telemetry
42.539525,sta_02,4255,133,-52.2,36,2128,synthetic_telemetry
42.559495,sta_02,4257,128,-49.7,36,2129,synthetic_telemetry
42.559654,sta_01,4256,114,-69.3,36,2129,synthetic_telemetry
42.580435,sta_01,4258,114,-62.9,36,2130,synthetic_telemetry
42.580977,sta_02,4259,138,-74.3,36,2130,synthetic_telemetry
42.599314,sta_02,4261,123,-72.4,36,2131,synthetic_telemetry
42.600032,sta_01,4260,131,-46.5,36,2131,synthetic_telemetry
42.619573,sta_02,4263,130,-47.6,36,2132,synthetic_telemetry
42.620602,sta_01,4262,111,-62.6,36,2132,synthetic_telemetry
42.63989,sta_01,4264,131,-53.1,36,2133,synthetic_telemetry
42.64083,sta_02,4265,124,-46.9,36,2133,synthetic_telemetry
42.659169,sta_02,4267,123,-63.5,36,2134,synthetic_telemetry
42.66083,sta_01,4266,126,-50.8,36,2134,synthetic_telemetry
42.680239,sta_01,4268,126,-70.4,36,2135,synthetic_telemetry
42.680698,sta_02,4269,133,-53.6,36,2135,synthetic_telemetry
42.70088,sta_02,4271,125,-47.7,36,2136,synthetic_telemetry
42.700943,sta_01,4270,131,-63.9,36,2136,synthetic_telemetry
42.719817,sta_02,4273,137,-69.9,36,2137,synthetic_telemetry
42.719983,sta_01,4272,118,-64.6,36,2137,synthetic_telemetry
42.740563,sta_02,4275,129,-69.2,36,2138,synthetic_telemetry
42.740967,sta_01,4274,140,-73.8,36,2138,synthetic_telemetry
42.759145,sta_02,4277,128,-70.3,36,2139,synthetic_telemetry
42.760488,sta_01,4276,113,-57.3,36,2139,synthetic_telemetry
42.77982,sta_01,4278,129,-74.9,36,2140,synthetic_telemetry
42.780672,sta_02,4279,130,-50.0,36,2140,synthetic_telemetry
42.799031,sta_01,4280,134,-57.7,36,2141,synthetic_telemetry
42.799481,sta_02,4281,127,-68.5,36,2141,synthetic_telemetry
42.819262,sta_01,4282,123,-66.1,36,2142,synthetic_telemetry
42.819397,sta_02,4283,120,-72.1,36,2142,synthetic_telemetry
42.83971,sta_02,4285,138,-52.5,36,2143,synthetic_telemetry
42.840199,sta_01,4284,118,-61.0,36,2143,synthetic_telemetry
42.859056,sta_01,4286,126,-46.7,36,2144,synthetic_telemetry
42.860156,sta_02,4287,136,-64.4,36,2144,synthetic_telemetry
42.880154,sta_01,4288,131,-70.9,36,2145,synthetic_telemetry
42.88091,sta_02,4289,131,-53.8,36,2145,synthetic_telemetry
42.9003,sta_01,4290,129,-49.9,36,2146,synthetic_telemetry
42.900907,sta_02,4291,141,-60.3,36,2146,synthetic_telemetry
42.919309,sta_02,4293,115,-68.2,36,2147,synthetic_telemetry
42.920317,sta_01,4292,148,-68.6,36,2147,synthetic_telemetry
42.939061,sta_02,4295,132,-65.8,36,2148,synthetic_telemetry
42.940587,sta_01,4294,124,-45.5,36,2148,synthetic_telemetry
42.959013,sta_02,4297,146,-62.0,36,2149,synthetic_telemetry
42.959025,sta_01,4296,118,-73.6,36,2149,synthetic_telemetry
42.979584,sta_01,4298,113,-63.2,36,2150,synthetic_telemetry
42.980412,sta_02,4299,125,-71.2,36,2150,synthetic_telemetry
43.000229,sta_02,4301,130,-72.1,36,2151,synthetic_telemetry
43.000361,sta_01,4300,130,-51.3,36,2151,synthetic_telemetry
43.020319,sta_01,4302,128,-65.7,36,2152,synthetic_telemetry
43.0208,sta_02,4303,131,-61.1,36,2152,synthetic_telemetry
43.039762,sta_01,4304,126,-45.5,36,2153,synthetic_telemetry
43.040648,sta_02,4305,125,-71.9,36,2153,synthetic_telemetry
43.05935,sta_01,4306,119,-46.5,36,2154,synthetic_telemetry
43.060233,sta_02,4307,135,-55.3,36,2154,synthetic_telemetry
43.079952,sta_02,4309,125,-58.7,36,2155,synthetic_telemetry
43.08008,sta_01,4308,128,-52.2,36,2155,synthetic_telemetry
43.100234,sta_01,4310,131,-56.7,36,2156,synthetic_telemetry
43.100438,sta_02,4311,128,-74.6,36,2156,synthetic_telemetry
43.120221,sta_01,4312,133,-49.4,36,2157,synthetic_telemetry
43.12032,sta_02,4313,129,-64.0,36,2157,synthetic_telemetry
43.140094,sta_01,4314,127,-55.4,36,2158,synthetic_telemetry
43.140717,sta_02,4315,126,-69.0,36,2158,synthetic_telemetry
43.16003,sta_01,4316,122,-65.5,36,2159,synthetic_telemetry
43.160328,sta_02,4317,126,-65.0,36,2159,synthetic_telemetry
43.179154,sta_01,4318,129,-59.2,36,2160,synthetic_telemetry
43.180798,sta_02,4319,124,-73.4,36,2160,synthetic_telemetry
43.199732,sta_01,4320,130,-70.4,36,2161,synthetic_telemetry
43.19986,sta_02,4321,125,-47.9,36,2161,synthetic_telemetry
43.21968,sta_01,4322,133,-69.3,36,2162,synthetic_telemetry
43.220392,sta_02,4323,129,-58.9,36,2162,synthetic_telemetry
43.239034,sta_02,4325,126,-45.5,36,2163,synthetic_telemetry
43.239899,sta_01,4324,123,-50.8,36,2163,synthetic_telemetry
43.259323,sta_02,4327,128,-60.3,36,2164,synthetic_telemetry
43.259669,sta_01,4326,129,-50.1,36,2164,synthetic_telemetry
43.279216,sta_02,4329,130,-53.7,36,2165,synthetic_telemetry
43.28026,sta_01,4328,134,-54.2,36,2165,synthetic_telemetry
43.299849,sta_01,4330,135,-62.4,36,2166,synthetic_telemetry
43.300051,sta_02,4331,120,-53.5,36,2166,synthetic_telemetry
43.319373,sta_01,4332,124,-63.4,36,2167,synthetic_telemetry
43.320409,sta_02,4333,115,-68.5,36,2167,synthetic_telemetry
43.339828,sta_02,4335,127,-72.3,36,2168,synthetic_telemetry
43.340633,sta_01,4334,117,-46.6,36,2168,synthetic_telemetry
43.359468,sta_01,4336,132,-72.2,36,2169,synthetic_telemetry
43.359538,sta_02,4337,139,-74.0,36,2169,synthetic_telemetry
43.379658,sta_02,4339,131,-52.5,36,2170,synthetic_telemetry
43.380841,sta_01,4338,131,-58.5,36,2170,synthetic_telemetry
43.400372,sta_02,4341,122,-68.5,36,2171,synthetic_telemetry
43.400655,sta_01,4340,125,-67.8,36,2171,synthetic_telemetry
43.419091,sta_01,4342,126,-59.7,36,2172,synthetic_telemetry
43.419694,sta_02,4343,119,-70.1,36,2172,synthetic_telemetry
43.439931,sta_01,4344,127,-71.4,36,2173,synthetic_telemetry
43.440622,sta_02,4345,134,-49.6,36,2173,synthetic_telemetry
43.459333,sta_02,4347,123,-58.6,36,2174,synthetic_telemetry
43.459658,sta_01,4346,124,-67.3,36,2174,synthetic_telemetry
43.479922,sta_01,4348,130,-64.3,36,2175,synthetic_telemetry
43.480523,sta_02,4349,129,-69.5,36,2175,synthetic_telemetry
43.499985,sta_01,4350,128,-65.8,36,2176,synthetic_telemetry
43.5008,sta_02,4351,112,-61.7,36,2176,synthetic_telemetry
43.519867,sta_02,4353,127,-53.8,36,2177,synthetic_telemetry
43.520373,sta_01,4352,121,-62.5,36,2177,synthetic_telemetry
43.54019,sta_01,4354,131,-51.5,36,2178,synthetic_telemetry
43.540318,sta_02,4355,131,-54.2,36,2178,synthetic_telemetry
43.55901,sta_02,4357,128,-70.8,36,2179,synthetic_telemetry
43.559788,sta_01,4356,134,-48.9,36,2179,synthetic_telemetry
43.58015,sta_01,4358,129,-60.9,36,2180,synthetic_telemetry
43.580922,sta_02,4359,130,-52.2,36,2180,synthetic_telemetry
43.600094,sta_01,4360,121,-50.9,36,2181,synthetic_telemetry
43.600211,sta_02,4361,131,-60.7,36,2181,synthetic_telemetry
43.619066,sta_01,4362,117,-50.1,36,2182,synthetic_telemetry
43.61916,sta_02,4363,122,-59.0,36,2182,synthetic_telemetry
43.640237,sta_01,4364,120,-71.8,36,2183,synthetic_telemetry
43.640249,sta_02,4365,135,-46.3,36,2183,synthetic_telemetry
43.659179,sta_01,4366,137,-58.1,36,2184,synthetic_telemetry
43.660002,sta_02,4367,119,-69.2,36,2184,synthetic_telemetry
43.679205,sta_02,4369,134,-72.3,36,2185,synthetic_telemetry
43.679486,sta_01,4368,137,-51.7,36,2185,synthetic_telemetry
43.699998,sta_02,4371,129,-56.2,36,2186,synthetic_telemetry
43.700469,sta_01,4370,132,-61.9,36,2186,synthetic_telemetry
43.7191,sta_01,4372,127,-56.7,36,2187,synthetic_telemetry
43.71935,sta_02,4373,121,-70.2,36,2187,synthetic_telemetry
43.739809,sta_01,4374,127,-62.8,36,2188,synthetic_telemetry
43.740601,sta_02,4375,122,-49.7,36,2188,synthetic_telemetry
43.759645,sta_01,4376,125,-58.2,36,2189,synthetic_telemetry
43.759921,sta_02,4377,125,-57.9,36,2189,synthetic_telemetry
43.779602,sta_02,4379,129,-74.4,36,2190,synthetic_telemetry
43.779846,sta_01,4378,131,-69.2,36,2190,synthetic_telemetry
43.79969,sta_02,4381,126,-64.2,36,2191,synthetic_telemetry
43.799829,sta_01,4380,123,-62.6,36,2191,synthetic_telemetry
43.819883,sta_01,4382,118,-58.1,36,2192,synthetic_telemetry
43.820519,sta_02,4383,129,-70.2,36,2192,synthetic_telemetry
43.839673,sta_02,4385,133,-54.6,36,2193,synthetic_telemetry
43.840422,sta_01,4384,130,-73.4,36,2193,synthetic_telemetry
43.859976,sta_01,4386,122,-48.0,36,2194,synthetic_telemetry
43.860389,sta_02,4387,143,-65.0,36,2194,synthetic_telemetry
43.879299,sta_02,4389,117,-48.9,36,2195,synthetic_telemetry
43.880729,sta_01,4388,123,-66.4,36,2195,synthetic_telemetry
43.899125,sta_02,4391,136,-73.2,36,2196,synthetic_telemetry
43.900772,sta_01,4390,132,-63.1,36,2196,synthetic_telemetry
43.919752,sta_01,4392,130,-63.7,36,2197,synthetic_telemetry
43.920996,sta_02,4393,130,-48.8,36,2197,synthetic_telemetry
43.939124,sta_01,4394,130,-71.6,36,2198,synthetic_telemetry
43.940439,sta_02,4395,118,-69.0,36,2198,synthetic_telemetry
43.95947,sta_02,4397,124,-63.7,36,2199,synthetic_telemetry
43.960259,sta_01,4396,134,-66.1,36,2199,synthetic_telemetry
43.979588,sta_02,4399,121,-67.7,36,2200,synthetic_telemetry
43.980457,sta_01,4398,131,-46.0,36,2200,synthetic_telemetry
43.999797,sta_02,4401,126,-49.9,36,2201,synthetic_telemetry
44.000474,sta_01,4400,121,-50.6,36,2201,synthetic_telemetry
44.019272,sta_01,4402,122,-52.4,36,2202,synthetic_telemetry
44.020098,sta_02,4403,125,-53.4,36,2202,synthetic_telemetry
44.03956,sta_01,4404,126,-50.9,36,2203,synthetic_telemetry
44.040401,sta_02,4405,129,-59.9,36,2203,synthetic_telemetry
44.059417,sta_01,4406,135,-47.8,36,2204,synthetic_telemetry
44.059622,sta_02,4407,127,-56.9,36,2204,synthetic_telemetry
44.080704,sta_01,4408,119,-74.4,36,2205,synthetic_telemetry
44.080861,sta_02,4409,136,-55.7,36,2205,synthetic_telemetry
44.099024,sta_01,4410,126,-53.8,36,2206,synthetic_telemetry
44.099807,sta_02,4411,121,-56.5,36,2206,synthetic_telemetry
44.119878,sta_01,4412,140,-60.6,36,2207,synthetic_telemetry
44.120289,sta_02,4413,132,-69.1,36,2207,synthetic_telemetry
44.139515,sta_01,4414,135,-53.2,36,2208,synthetic_telemetry
44.14089,sta_02,4415,136,-46.4,36,2208,synthetic_telemetry
44.15954,sta_02,4417,118,-47.3,36,2209,synthetic_telemetry
44.160895,sta_01,4416,116,-49.7,36,2209,synthetic_telemetry
44.180012,sta_01,4418,133,-51.3,36,2210,synthetic_telemetry
44.180386,sta_02,4419,127,-52.9,36,2210,synthetic_telemetry
44.199898,sta_02,4421,131,-67.7,36,2211,synthetic_telemetry
44.200925,sta_01,4420,142,-49.9,36,2211,synthetic_telemetry
44.219099,sta_02,4423,117,-59.4,36,2212,synthetic_telemetry
44.220157,sta_01,4422,126,-66.7,36,2212,synthetic_telemetry
44.240073,sta_02,4425,144,-61.0,36,2213,synthetic_telemetry
44.24094,sta_01,4424,122,-68.9,36,2213,synthetic_telemetry
44.259295,sta_02,4427,133,-47.6,36,2214,synthetic_telemetry
44.259434,sta_01,4426,141,-46.9,36,2214,synthetic_telemetry
44.279152,sta_01,4428,144,-46.1,36,2215,synthetic_telemetry
44.280897,sta_02,4429,126,-46.3,36,2215,synthetic_telemetry
44.299802,sta_02,4431,130,-59.9,36,2216,synthetic_telemetry
44.300538,sta_01,4430,135,-55.4,36,2216,synthetic_telemetry
44.320034,sta_02,4433,136,-46.7,36,2217,synthetic_telemetry
44.320402,sta_01,4432,118,-69.0,36,2217,synthetic_telemetry
44.33935,sta_01,4434,119,-53.1,36,2218,synthetic_telemetry
44.340767,sta_02,4435,130,-45.7,36,2218,synthetic_telemetry
44.359255,sta_02,4437,134,-51.5,36,2219,synthetic_telemetry
44.359485,sta_01,4436,111,-66.1,36,2219,synthetic_telemetry
44.3791,sta_01,4438,130,-58.2,36,2220,synthetic_telemetry
44.379989,sta_02,4439,139,-45.6,36,2220,synthetic_telemetry
44.399153,sta_01,4440,129,-52.9,36,2221,synthetic_telemetry
44.400467,sta_02,4441,125,-54.9,36,2221,synthetic_telemetry
44.420035,sta_01,4442,127,-71.4,36,2222,synthetic_telemetry
44.420406,sta_02,4443,130,-67.5,36,2222,synthetic_telemetry
44.440257,sta_01,4444,134,-61.9,36,2223,synthetic_telemetry
44.440408,sta_02,4445,131,-63.6,36,2223,synthetic_telemetry
44.459551,sta_01,4446,128,-68.5,36,2224,synthetic_telemetry
44.460963,sta_02,4447,134,-65.2,36,2224,synthetic_telemetry
44.479842,sta_02,4449,122,-66.6,36,2225,synthetic_telemetry
44.480208,sta_01,4448,129,-51.6,36,2225,synthetic_telemetry
44.499219,sta_01,4450,119,-49.7,36,2226,synthetic_telemetry
44.500407,sta_02,4451,123,-62.1,36,2226,synthetic_telemetry
44.519456,sta_02,4453,124,-59.1,36,2227,synthetic_telemetry
44.520184,sta_01,4452,124,-67.9,36,2227,synthetic_telemetry
44.539958,sta_01,4454,137,-71.0,36,2228,synthetic_telemetry
44.540785,sta_02,4455,126,-67.6,36,2228,synthetic_telemetry
44.559653,sta_02,4457,133,-51.5,36,2229,synthetic_telemetry
44.559839,sta_01,4456,124,-53.8,36,2229,synthetic_telemetry
44.57993,sta_02,4459,129,-62.7,36,2230,synthetic_telemetry
44.579976,sta_01,4458,127,-47.3,36,2230,synthetic_telemetry
44.599876,sta_02,4461,121,-55.9,36,2231,synthetic_telemetry
44.600112,sta_01,4460,134,-67.1,36,2231,synthetic_telemetry
44.619703,sta_02,4463,131,-50.2,36,2232,synthetic_telemetry
44.619861,sta_01,4462,113,-55.0,36,2232,synthetic_telemetry
44.640035,sta_02,4465,126,-70.4,36,2233,synthetic_telemetry
44.640382,sta_01,4464,123,-48.8,36,2233,synthetic_telemetry
44.660333,sta_02,4467,129,-63.8,36,2234,synthetic_telemetry
44.660511,sta_01,4466,136,-59.5,36,2234,synthetic_telemetry
44.679355,sta_02,4469,130,-58.0,36,2235,synthetic_telemetry
44.680634,sta_01,4468,126,-65.4,36,2235,synthetic_telemetry
44.699305,sta_01,4470,132,-65.1,36,2236,synthetic_telemetry
44.699852,sta_02,4471,128,-61.9,36,2236,synthetic_telemetry
44.719838,sta_02,4473,135,-64.8,36,2237,synthetic_telemetry
44.720131,sta_01,4472,118,-71.3,36,2237,synthetic_telemetry
44.740388,sta_02,4475,132,-59.5,36,2238,synthetic_telemetry
44.740511,sta_01,4474,121,-51.2,36,2238,synthetic_telemetry
44.759592,sta_01,4476,130,-74.8,36,2239,synthetic_telemetry
44.760833,sta_02,4477,132,-51.4,36,2239,synthetic_telemetry
44.780575,sta_02,4479,121,-67.8,36,2240,synthetic_telemetry
44.780791,sta_01,4478,127,-54.0,36,2240,synthetic_telemetry
44.800272,sta_01,4480,135,-62.7,36,2241,synthetic_telemetry
44.80085,sta_02,4481,125,-66.8,36,2241,synthetic_telemetry
44.820035,sta_02,4483,129,-64.4,36,2242,synthetic_telemetry
44.820171,sta_01,4482,129,-62.5,36,2242,synthetic_telemetry
44.839682,sta_01,4484,135,-57.7,36,2243,synthetic_telemetry
44.840909,sta_02,4485,137,-74.1,36,2243,synthetic_telemetry
44.859704,sta_02,4487,132,-51.6,36,2244,synthetic_telemetry
44.860003,sta_01,4486,127,-72.4,36,2244,synthetic_telemetry
44.879185,sta_01,4488,126,-63.6,36,2245,synthetic_telemetry
44.880998,sta_02,4489,118,-46.2,36,2245,synthetic_telemetry
44.899447,sta_01,4490,135,-69.6,36,2246,synthetic_telemetry
44.900342,sta_02,4491,128,-50.2,36,2246,synthetic_telemetry
44.920226,sta_02,4493,128,-55.0,36,2247,synthetic_telemetry
44.920852,sta_01,4492,122,-47.0,36,2247,synthetic_telemetry
44.939395,sta_01,4494,129,-63.6,36,2248,synthetic_telemetry
44.940268,sta_02,4495,118,-66.5,36,2248,synthetic_telemetry
44.959634,sta_01,4496,123,-54.7,36,2249,synthetic_telemetry
44.960533,sta_02,4497,129,-62.8,36,2249,synthetic_telemetry
44.979629,sta_01,4498,133,-60.0,36,2250,synthetic_telemetry
44.979844,sta_02,4499,130,-73.5,36,2250,synthetic_telemetry
44.999077,sta_01,4500,132,-69.8,36,2251,synthetic_telemetry
45.000518,sta_02,4501,123,-55.9,36,2251,synthetic_telemetry
45.020121,sta_02,4503,126,-62.2,36,2252,synthetic_telemetry
45.020986,sta_01,4502,130,-48.8,36,2252,synthetic_telemetry
45.040314,sta_01,4504,131,-53.1,36,2253,synthetic_telemetry
45.040601,sta_02,4505,141,-57.3,36,2253,synthetic_telemetry
45.059616,sta_02,4507,136,-52.1,36,2254,synthetic_telemetry
45.059921,sta_01,4506,121,-55.3,36,2254,synthetic_telemetry
45.079576,sta_02,4509,130,-52.2,36,2255,synthetic_telemetry
45.080129,sta_01,4508,131,-70.6,36,2255,synthetic_telemetry
45.099766,sta_02,4511,119,-48.6,36,2256,synthetic_telemetry
45.10037,sta_01,4510,119,-64.2,36,2256,synthetic_telemetry
45.120181,sta_01,4512,132,-60.3,36,2257,synthetic_telemetry
45.120207,sta_02,4513,137,-46.1,36,2257,synthetic_telemetry
45.139373,sta_02,4515,132,-59.9,36,2258,synthetic_telemetry
45.139451,sta_01,4514,129,-70.9,36,2258,synthetic_telemetry
45.159657,sta_01,4516,118,-64.0,36,2259,synthetic_telemetry
45.160794,sta_02,4517,129,-54.8,36,2259,synthetic_telemetry
45.179447,sta_02,4519,133,-62.5,36,2260,synthetic_telemetry
45.180683,sta_01,4518,123,-47.9,36,2260,synthetic_telemetry
45.200341,sta_02,4521,121,-54.7,36,2261,synthetic_telemetry
45.200574,sta_01,4520,135,-49.7,36,2261,synthetic_telemetry
45.219098,sta_02,4523,123,-70.3,36,2262,synthetic_telemetry
45.220878,sta_01,4522,128,-69.8,36,2262,synthetic_telemetry
45.239044,sta_02,4525,117,-45.7,36,2263,synthetic_telemetry
45.240598,sta_01,4524,119,-57.4,36,2263,synthetic_telemetry
45.259807,sta_01,4526,122,-50.1,36,2264,synthetic_telemetry
45.259891,sta_02,4527,133,-52.4,36,2264,synthetic_telemetry
45.279112,sta_02,4529,123,-67.8,36,2265,synthetic_telemetry
45.280252,sta_01,4528,121,-69.1,36,2265,synthetic_telemetry
45.299511,sta_01,4530,128,-52.2,36,2266,synthetic_telemetry
45.300208,sta_02,4531,141,-69.1,36,2266,synthetic_telemetry
45.319847,sta_02,4533,126,-70.3,36,2267,synthetic_telemetry
45.32015,sta_01,4532,129,-63.0,36,2267,synthetic_telemetry
45.340302,sta_02,4535,129,-68.5,36,2268,synthetic_telemetry
45.340756,sta_01,4534,130,-62.0,36,2268,synthetic_telemetry
45.359887,sta_02,4537,135,-56.0,36,2269,synthetic_telemetry
45.360154,sta_01,4536,123,-52.1,36,2269,synthetic_telemetry
45.380982,sta_02,4539,125,-46.1,36,2270,synthetic_telemetry
45.380997,sta_01,4538,128,-72.1,36,2270,synthetic_telemetry
45.400287,sta_01,4540,115,-48.5,36,2271,synthetic_telemetry
45.400463,sta_02,4541,129,-73.6,36,2271,synthetic_telemetry
45.420122,sta_02,4543,135,-72.4,36,2272,synthetic_telemetry
45.420983,sta_01,4542,139,-53.1,36,2272,synthetic_telemetry
45.439037,sta_02,4545,130,-57.2,36,2273,synthetic_telemetry
45.44014,sta_01,4544,130,-63.4,36,2273,synthetic_telemetry
45.459464,sta_02,4547,121,-52.8,36,2274,synthetic_telemetry
45.460668,sta_01,4546,132,-56.3,36,2274,synthetic_telemetry
45.479,sta_01,4548,120,-65.1,36,2275,synthetic_telemetry
45.48039,sta_02,4549,142,-65.8,36,2275,synthetic_telemetry
45.499159,sta_02,4551,119,-73.1,36,2276,synthetic_telemetry
45.500483,sta_01,4550,126,-47.5,36,2276,synthetic_telemetry
45.519919,sta_02,4553,126,-61.4,36,2277,synthetic_telemetry
45.520257,sta_01,4552,136,-74.6,36,2277,synthetic_telemetry
45.540383,sta_02,4555,128,-52.9,36,2278,synthetic_telemetry
45.540706,sta_01,4554,142,-61.8,36,2278,synthetic_telemetry
45.559091,sta_01,4556,123,-53.2,36,2279,synthetic_telemetry
45.560254,sta_02,4557,129,-65.5,36,2279,synthetic_telemetry
45.579499,sta_02,4559,131,-58.7,36,2280,synthetic_telemetry
45.579545,sta_01,4558,137,-59.3,36,2280,synthetic_telemetry
45.599082,sta_01,4560,130,-63.7,36,2281,synthetic_telemetry
45.599966,sta_02,4561,131,-66.9,36,2281,synthetic_telemetry
45.61984,sta_01,4562,124,-72.8,36,2282,synthetic_telemetry
45.620351,sta_02,4563,129,-72.0,36,2282,synthetic_telemetry
45.639265,sta_01,4564,125,-60.6,36,2283,synthetic_telemetry
45.639402,sta_02,4565,115,-66.5,36,2283,synthetic_telemetry
45.659132,sta_01,4566,127,-60.0,36,2284,synthetic_telemetry
45.660325,sta_02,4567,141,-51.2,36,2284,synthetic_telemetry
45.679408,sta_01,4568,135,-65.5,36,2285,synthetic_telemetry
45.68047,sta_02,4569,135,-63.7,36,2285,synthetic_telemetry
45.699585,sta_02,4571,130,-63.4,36,2286,synthetic_telemetry
45.700675,sta_01,4570,137,-70.5,36,2286,synthetic_telemetry
45.720869,sta_02,4573,135,-72.4,36,2287,synthetic_telemetry
45.720911,sta_01,4572,141,-51.9,36,2287,synthetic_telemetry
45.739345,sta_02,4575,127,-62.9,36,2288,synthetic_telemetry
45.740094,sta_01,4574,116,-68.8,36,2288,synthetic_telemetry
45.7597,sta_02,4577,141,-68.5,36,2289,synthetic_telemetry
45.760779,sta_01,4576,126,-53.3,36,2289,synthetic_telemetry
45.779917,sta_01,4578,129,-64.9,36,2290,synthetic_telemetry
45.780016,sta_02,4579,123,-54.5,36,2290,synthetic_telemetry
45.800034,sta_02,4581,127,-51.2,36,2291,synthetic_telemetry
45.800548,sta_01,4580,126,-74.3,36,2291,synthetic_telemetry
45.820312,sta_01,4582,130,-66.9,36,2292,synthetic_telemetry
45.820506,sta_02,4583,130,-49.3,36,2292,synthetic_telemetry
45.839145,sta_02,4585,120,-60.9,36,2293,synthetic_telemetry
45.840555,sta_01,4584,127,-60.0,36,2293,synthetic_telemetry
45.859536,sta_01,4586,125,-59.7,36,2294,synthetic_telemetry
45.860823,sta_02,4587,122,-67.6,36,2294,synthetic_telemetry
45.879692,sta_01,4588,127,-67.8,36,2295,synthetic_telemetry
45.88063,sta_02,4589,124,-64.0,36,2295,synthetic_telemetry
45.900052,sta_01,4590,127,-64.5,36,2296,synthetic_telemetry
45.900835,sta_02,4591,134,-73.1,36,2296,synthetic_telemetry
45.919188,sta_01,4592,126,-47.3,36,2297,synthetic_telemetry
45.919805,sta_02,4593,127,-60.5,36,2297,synthetic_telemetry
45.939518,sta_02,4595,141,-64.5,36,2298,synthetic_telemetry
45.939696,sta_01,4594,136,-63.6,36,2298,synthetic_telemetry
45.959449,sta_01,4596,123,-49.2,36,2299,synthetic_telemetry
45.959869,sta_02,4597,129,-64.0,36,2299,synthetic_telemetry
45.980399,sta_01,4598,123,-63.6,36,2300,synthetic_telemetry
45.980511,sta_02,4599,125,-45.7,36,2300,synthetic_telemetry
45.99991,sta_02,4601,129,-67.0,36,2301,synthetic_telemetry
46.000753,sta_01,4600,126,-70.8,36,2301,synthetic_telemetry
46.019051,sta_01,4602,122,-66.6,36,2302,synthetic_telemetry
46.020939,sta_02,4603,124,-73.9,36,2302,synthetic_telemetry
46.039897,sta_01,4604,121,-71.8,36,2303,synthetic_telemetry
46.0406,sta_02,4605,130,-55.9,36,2303,synthetic_telemetry
46.059435,sta_02,4607,130,-71.3,36,2304,synthetic_telemetry
46.059441,sta_01,4606,132,-61.5,36,2304,synthetic_telemetry
46.079188,sta_01,4608,135,-74.5,36,2305,synthetic_telemetry
46.079883,sta_02,4609,128,-55.4,36,2305,synthetic_telemetry
46.09946,sta_01,4610,130,-59.0,36,2306,synthetic_telemetry
46.099773,sta_02,4611,126,-47.4,36,2306,synthetic_telemetry
46.119515,sta_01,4612,129,-48.8,36,2307,synthetic_telemetry
46.120304,sta_02,4613,133,-60.2,36,2307,synthetic_telemetry
46.140148,sta_02,4615,119,-71.5,36,2308,synthetic_telemetry
46.140579,sta_01,4614,130,-72.6,36,2308,synthetic_telemetry
46.159927,sta_01,4616,123,-50.0,36,2309,synthetic_telemetry
46.160986,sta_02,4617,134,-66.6,36,2309,synthetic_telemetry
46.179034,sta_02,4619,138,-47.8,36,2310,synthetic_telemetry
46.180991,sta_01,4618,122,-63.5,36,2310,synthetic_telemetry
46.199261,sta_02,4621,129,-72.0,36,2311,synthetic_telemetry
46.199658,sta_01,4620,136,-63.3,36,2311,synthetic_telemetry
46.219412,sta_01,4622,127,-70.1,36,2312,synthetic_telemetry
46.220658,sta_02,4623,127,-45.7,36,2312,synthetic_telemetry
46.239254,sta_02,4625,115,-73.2,36,2313,synthetic_telemetry
46.239833,sta_01,4624,131,-49.6,36,2313,synthetic_telemetry
46.259084,sta_02,4627,125,-74.1,36,2314,synthetic_telemetry
46.260621,sta_01,4626,128,-72.4,36,2314,synthetic_telemetry
46.279303,sta_01,4628,115,-59.3,36,2315,synthetic_telemetry
46.279667,sta_02,4629,135,-68.0,36,2315,synthetic_telemetry
46.300074,sta_01,4630,128,-65.0,36,2316,synthetic_telemetry
46.300655,sta_02,4631,140,-55.5,36,2316,synthetic_telemetry
46.319042,sta_01,4632,121,-46.4,36,2317,synthetic_telemetry
46.320805,sta_02,4633,122,-55.0,36,2317,synthetic_telemetry
46.340729,sta_01,4634,124,-57.1,36,2318,synthetic_telemetry
46.340802,sta_02,4635,132,-46.4,36,2318,synthetic_telemetry
46.360079,sta_01,4636,121,-45.3,36,2319,synthetic_telemetry
46.360173,sta_02,4637,123,-53.5,36,2319,synthetic_telemetry
46.380273,sta_02,4639,126,-64.5,36,2320,synthetic_telemetry
46.380897,sta_01,4638,128,-62.4,36,2320,synthetic_telemetry
46.399169,sta_02,4641,128,-72.9,36,2321,synthetic_telemetry
46.399928,sta_01,4640,125,-51.2,36,2321,synthetic_telemetry
46.419202,sta_01,4642,126,-48.8,36,2322,synthetic_telemetry
46.419976,sta_02,4643,129,-56.5,36,2322,synthetic_telemetry
46.439804,sta_02,4645,131,-69.1,36,2323,synthetic_telemetry
46.440886,sta_01,4644,122,-72.7,36,2323,synthetic_telemetry
46.460236,sta_02,4647,136,-70.4,36,2324,synthetic_telemetry
46.460292,sta_01,4646,128,-58.5,36,2324,synthetic_telemetry
46.479401,sta_02,4649,137,-68.9,36,2325,synthetic_telemetry
46.480944,sta_01,4648,134,-73.8,36,2325,synthetic_telemetry
46.49963,sta_01,4650,128,-57.8,36,2326,synthetic_telemetry
46.500098,sta_02,4651,118,-50.4,36,2326,synthetic_telemetry
46.519898,sta_01,4652,131,-60.5,36,2327,synthetic_telemetry
46.519914,sta_02,4653,124,-52.7,36,2327,synthetic_telemetry
46.539711,sta_01,4654,125,-71.2,36,2328,synthetic_telemetry
46.5404,sta_02,4655,134,-48.3,36,2328,synthetic_telemetry
46.55954,sta_02,4657,132,-63.7,36,2329,synthetic_telemetry
46.560087,sta_01,4656,122,-62.7,36,2329,synthetic_telemetry
46.579124,sta_02,4659,121,-55.3,36,2330,synthetic_telemetry
46.580724,sta_01,4658,121,-48.7,36,2330,synthetic_telemetry
46.599017,sta_02,4661,127,-54.1,36,2331,synthetic_telemetry
46.600955,sta_01,4660,123,-66.7,36,2331,synthetic_telemetry
46.619486,sta_02,4663,125,-74.3,36,2332,synthetic_telemetry
46.619761,sta_01,4662,127,-66.7,36,2332,synthetic_telemetry
46.639223,sta_02,4665,139,-66.5,36,2333,synthetic_telemetry
46.639586,sta_01,4664,120,-74.6,36,2333,synthetic_telemetry
46.659084,sta_02,4667,117,-70.0,36,2334,synthetic_telemetry
46.660105,sta_01,4666,127,-70.1,36,2334,synthetic_telemetry
46.679255,sta_01,4668,140,-48.5,36,2335,synthetic_telemetry
46.679615,sta_02,4669,137,-46.4,36,2335,synthetic_telemetry
46.699942,sta_01,4670,125,-74.5,36,2336,synthetic_telemetry
46.700747,sta_02,4671,129,-70.9,36,2336,synthetic_telemetry
46.719147,sta_01,4672,133,-46.6,36,2337,synthetic_telemetry
46.72028,sta_02,4673,126,-52.2,36,2337,synthetic_telemetry
46.740255,sta_01,4674,127,-55.9,36,2338,synthetic_telemetry
46.740961,sta_02,4675,130,-66.8,36,2338,synthetic_telemetry
46.759335,sta_01,4676,121,-46.2,36,2339,synthetic_telemetry
46.76007,sta_02,4677,130,-69.3,36,2339,synthetic_telemetry
46.779345,sta_01,4678,136,-71.6,36,2340,synthetic_telemetry
46.779952,sta_02,4679,117,-57.9,36,2340,synthetic_telemetry
46.799207,sta_01,4680,124,-65.7,36,2341,synthetic_telemetry
46.799801,sta_02,4681,128,-50.7,36,2341,synthetic_telemetry
46.819376,sta_02,4683,129,-62.0,36,2342,synthetic_telemetry
46.81985,sta_01,4682,122,-59.6,36,2342,synthetic_telemetry
46.839067,sta_01,4684,133,-71.6,36,2343,synthetic_telemetry
46.840675,sta_02,4685,120,-74.0,36,2343,synthetic_telemetry
46.85979,sta_01,4686,127,-54.7,36,2344,synthetic_telemetry
46.859955,sta_02,4687,122,-74.8,36,2344,synthetic_telemetry
46.880338,sta_02,4689,128,-70.9,36,2345,synthetic_telemetry
46.880447,sta_01,4688,131,-56.2,36,2345,synthetic_telemetry
46.899404,sta_01,4690,127,-53.9,36,2346,synthetic_telemetry
46.900913,sta_02,4691,124,-59.9,36,2346,synthetic_telemetry
46.919876,sta_02,4693,131,-62.3,36,2347,synthetic_telemetry
46.920531,sta_01,4692,123,-64.9,36,2347,synthetic_telemetry
46.939449,sta_01,4694,131,-48.5,36,2348,synthetic_telemetry
46.940839,sta_02,4695,142,-55.3,36,2348,synthetic_telemetry
46.960373,sta_01,4696,124,-55.2,36,2349,synthetic_telemetry
46.960543,sta_02,4697,130,-51.1,36,2349,synthetic_telemetry
46.979038,sta_02,4699,133,-63.6,36,2350,synthetic_telemetry
46.980659,sta_01,4698,140,-57.7,36,2350,synthetic_telemetry
46.999108,sta_01,4700,120,-69.5,36,2351,synthetic_telemetry
47.000269,sta_02,4701,120,-63.8,36,2351,synthetic_telemetry
47.019259,sta_02,4703,130,-49.7,36,2352,synthetic_telemetry
47.020692,sta_01,4702,117,-52.7,36,2352,synthetic_telemetry
47.03994,sta_01,4704,137,-56.4,36,2353,synthetic_telemetry
47.040421,sta_02,4705,135,-55.1,36,2353,synthetic_telemetry
47.060166,sta_01,4706,132,-74.9,36,2354,synthetic_telemetry
47.060267,sta_02,4707,128,-67.2,36,2354,synthetic_telemetry
47.079258,sta_01,4708,132,-63.2,36,2355,synthetic_telemetry
47.080346,sta_02,4709,137,-49.9,36,2355,synthetic_telemetry
47.09945,sta_02,4711,129,-49.7,36,2356,synthetic_telemetry
47.100219,sta_01,4710,125,-55.5,36,2356,synthetic_telemetry
47.120486,sta_02,4713,127,-45.6,36,2357,synthetic_telemetry
47.120642,sta_01,4712,128,-51.9,36,2357,synthetic_telemetry
47.139288,sta_01,4714,127,-49.4,36,2358,synthetic_telemetry
47.140917,sta_02,4715,129,-64.1,36,2358,synthetic_telemetry
47.16032,sta_01,4716,130,-57.8,36,2359,synthetic_telemetry
47.160959,sta_02,4717,116,-51.9,36,2359,synthetic_telemetry
47.179031,sta_02,4719,131,-65.4,36,2360,synthetic_telemetry
47.180986,sta_01,4718,121,-51.7,36,2360,synthetic_telemetry
47.199661,sta_02,4721,123,-71.2,36,2361,synthetic_telemetry
47.199846,sta_01,4720,126,-71.5,36,2361,synthetic_telemetry
47.219197,sta_02,4723,128,-61.2,36,2362,synthetic_telemetry
47.220401,sta_01,4722,129,-70.8,36,2362,synthetic_telemetry
47.239763,sta_02,4725,129,-64.1,36,2363,synthetic_telemetry
47.240159,sta_01,4724,138,-47.0,36,2363,synthetic_telemetry
47.260309,sta_01,4726,127,-67.2,36,2364,synthetic_telemetry
47.260844,sta_02,4727,126,-61.8,36,2364,synthetic_telemetry
47.279656,sta_01,4728,135,-67.1,36,2365,synthetic_telemetry
47.280689,sta_02,4729,123,-63.9,36,2365,synthetic_telemetry
47.299861,sta_02,4731,119,-57.3,36,2366,synthetic_telemetry
47.300219,sta_01,4730,135,-58.0,36,2366,synthetic_telemetry
47.319034,sta_02,4733,134,-45.1,36,2367,synthetic_telemetry
47.319364,sta_01,4732,123,-65.9,36,2367,synthetic_telemetry
47.340571,sta_01,4734,131,-62.2,36,2368,synthetic_telemetry
47.340577,sta_02,4735,130,-46.6,36,2368,synthetic_telemetry
47.359978,sta_01,4736,134,-54.1,36,2369,synthetic_telemetry
47.360795,sta_02,4737,116,-72.9,36,2369,synthetic_telemetry
47.379005,sta_01,4738,125,-75.0,36,2370,synthetic_telemetry
47.379478,sta_02,4739,136,-52.6,36,2370,synthetic_telemetry
47.399311,sta_02,4741,137,-64.5,36,2371,synthetic_telemetry
47.400634,sta_01,4740,122,-69.9,36,2371,synthetic_telemetry
47.419008,sta_02,4743,130,-67.0,36,2372,synthetic_telemetry
47.419994,sta_01,4742,121,-70.4,36,2372,synthetic_telemetry
47.440489,sta_01,4744,124,-56.7,36,2373,synthetic_telemetry
47.440775,sta_02,4745,130,-73.9,36,2373,synthetic_telemetry
47.460204,sta_02,4747,134,-45.5,36,2374,synthetic_telemetry
47.460432,sta_01,4746,121,-45.4,36,2374,synthetic_telemetry
47.479009,sta_02,4749,110,-60.6,36,2375,synthetic_telemetry
47.479551,sta_01,4748,126,-49.4,36,2375,synthetic_telemetry
47.499484,sta_01,4750,117,-53.8,36,2376,synthetic_telemetry
47.500366,sta_02,4751,130,-55.2,36,2376,synthetic_telemetry
47.51937,sta_01,4752,122,-73.3,36,2377,synthetic_telemetry
47.520378,sta_02,4753,124,-45.9,36,2377,synthetic_telemetry
47.539593,sta_01,4754,132,-47.4,36,2378,synthetic_telemetry
47.540558,sta_02,4755,123,-54.3,36,2378,synthetic_telemetry
47.55919,sta_01,4756,127,-68.3,36,2379,synthetic_telemetry
47.559369,sta_02,4757,138,-52.8,36,2379,synthetic_telemetry
47.580664,sta_01,4758,134,-54.1,36,2380,synthetic_telemetry
47.58069,sta_02,4759,124,-60.0,36,2380,synthetic_telemetry
47.599997,sta_01,4760,130,-46.5,36,2381,synthetic_telemetry
47.600651,sta_02,4761,116,-48.3,36,2381,synthetic_telemetry
47.619074,sta_02,4763,128,-49.3,36,2382,synthetic_telemetry
47.619582,sta_01,4762,124,-61.0,36,2382,synthetic_telemetry
47.639531,sta_01,4764,138,-45.4,36,2383,synthetic_telemetry
47.639823,sta_02,4765,124,-69.1,36,2383,synthetic_telemetry
47.659497,sta_01,4766,131,-51.4,36,2384,synthetic_telemetry
47.65971,sta_02,4767,129,-55.7,36,2384,synthetic_telemetry
47.679048,sta_02,4769,141,-72.2,36,2385,synthetic_telemetry
47.680081,sta_01,4768,126,-68.1,36,2385,synthetic_telemetry
47.70006,sta_01,4770,125,-56.4,36,2386,synthetic_telemetry
47.700393,sta_02,4771,146,-45.2,36,2386,synthetic_telemetry
47.720173,sta_02,4773,126,-61.2,36,2387,synthetic_telemetry
47.720406,sta_01,4772,128,-71.4,36,2387,synthetic_telemetry
47.739148,sta_02,4775,132,-60.1,36,2388,synthetic_telemetry
47.739288,sta_01,4774,120,-71.7,36,2388,synthetic_telemetry
47.759669,sta_02,4777,134,-64.8,36,2389,synthetic_telemetry
47.760943,sta_01,4776,114,-64.0,36,2389,synthetic_telemetry
47.780201,sta_01,4778,126,-46.0,36,2390,synthetic_telemetry
47.780377,sta_02,4779,132,-67.2,36,2390,synthetic_telemetry
47.799374,sta_01,4780,118,-56.6,36,2391,synthetic_telemetry
47.800541,sta_02,4781,125,-72.8,36,2391,synthetic_telemetry
47.819131,sta_02,4783,127,-72.1,36,2392,synthetic_telemetry
47.820044,sta_01,4782,129,-67.2,36,2392,synthetic_telemetry
47.839284,sta_02,4785,133,-62.8,36,2393,synthetic_telemetry
47.839532,sta_01,4784,138,-71.8,36,2393,synthetic_telemetry
47.859632,sta_01,4786,128,-48.3,36,2394,synthetic_telemetry
47.860542,sta_02,4787,119,-55.5,36,2394,synthetic_telemetry
47.879965,sta_01,4788,138,-66.1,36,2395,synthetic_telemetry
47.880866,sta_02,4789,130,-49.6,36,2395,synthetic_telemetry
47.899687,sta_01,4790,126,-48.0,36,2396,synthetic_telemetry
47.899752,sta_02,4791,113,-71.3,36,2396,synthetic_telemetry
47.919732,sta_01,4792,130,-67.5,36,2397,synthetic_telemetry
47.920108,sta_02,4793,131,-74.5,36,2397,synthetic_telemetry
47.940384,sta_02,4795,126,-63.0,36,2398,synthetic_telemetry
47.940882,sta_01,4794,136,-71.4,36,2398,synthetic_telemetry
47.959859,sta_02,4797,117,-60.6,36,2399,synthetic_telemetry
47.95993,sta_01,4796,125,-66.2,36,2399,synthetic_telemetry
47.979308,sta_01,4798,130,-62.0,36,2400,synthetic_telemetry
47.979792,sta_02,4799,126,-60.2,36,2400,synthetic_telemetry
47.999844,sta_02,4801,124,-56.3,36,2401,synthetic_telemetry
48.000464,sta_01,4800,129,-61.9,36,2401,synthetic_telemetry
48.019854,sta_02,4803,130,-52.8,36,2402,synthetic_telemetry
48.02032,sta_01,4802,135,-48.6,36,2402,synthetic_telemetry
48.039581,sta_02,4805,133,-47.3,36,2403,synthetic_telemetry
48.039635,sta_01,4804,135,-45.9,36,2403,synthetic_telemetry
48.059082,sta_01,4806,126,-50.2,36,2404,synthetic_telemetry
48.059525,sta_02,4807,121,-66.6,36,2404,synthetic_telemetry
48.079644,sta_01,4808,134,-63.9,36,2405,synthetic_telemetry
48.08007,sta_02,4809,127,-54.8,36,2405,synthetic_telemetry
48.099431,sta_01,4810,119,-46.8,36,2406,synthetic_telemetry
48.100482,sta_02,4811,132,-69.6,36,2406,synthetic_telemetry
48.119427,sta_01,4812,128,-70.6,36,2407,synthetic_telemetry
48.120952,sta_02,4813,136,-72.6,36,2407,synthetic_telemetry
48.139531,sta_02,4815,125,-70.6,36,2408,synthetic_telemetry
48.140311,sta_01,4814,129,-68.7,36,2408,synthetic_telemetry
48.159445,sta_02,4817,140,-65.1,36,2409,synthetic_telemetry
48.160224,sta_01,4816,118,-47.6,36,2409,synthetic_telemetry
48.179137,sta_02,4819,130,-64.3,36,2410,synthetic_telemetry
48.180802,sta_01,4818,130,-56.1,36,2410,synthetic_telemetry
48.199453,sta_02,4821,134,-66.3,36,2411,synthetic_telemetry
48.200517,sta_01,4820,124,-59.8,36,2411,synthetic_telemetry
48.220214,sta_02,4823,127,-67.5,36,2412,synthetic_telemetry
48.220976,sta_01,4822,131,-68.5,36,2412,synthetic_telemetry
48.240357,sta_01,4824,130,-74.5,36,2413,synthetic_telemetry
48.240935,sta_02,4825,125,-73.9,36,2413,synthetic_telemetry
48.259886,sta_02,4827,119,-47.8,36,2414,synthetic_telemetry
48.260305,sta_01,4826,134,-54.7,36,2414,synthetic_telemetry
48.279985,sta_02,4829,132,-45.8,36,2415,synthetic_telemetry
48.28033,sta_01,4828,127,-49.4,36,2415,synthetic_telemetry
48.299223,sta_01,4830,118,-69.1,36,2416,synthetic_telemetry
48.300528,sta_02,4831,137,-69.9,36,2416,synthetic_telemetry
48.319416,sta_01,4832,128,-64.5,36,2417,synthetic_telemetry
48.319823,sta_02,4833,131,-54.3,36,2417,synthetic_telemetry
48.339873,sta_01,4834,121,-47.7,36,2418,synthetic_telemetry
48.340303,sta_02,4835,131,-59.4,36,2418,synthetic_telemetry
48.359584,sta_01,4836,130,-63.5,36,2419,synthetic_telemetry
48.359823,sta_02,4837,133,-72.5,36,2419,synthetic_telemetry
48.379815,sta_02,4839,137,-59.9,36,2420,synthetic_telemetry
48.380387,sta_01,4838,136,-45.3,36,2420,synthetic_telemetry
48.399273,sta_02,4841,131,-57.5,36,2421,synthetic_telemetry
48.400527,sta_01,4840,124,-73.2,36,2421,synthetic_telemetry
48.419302,sta_01,4842,118,-56.2,36,2422,synthetic_telemetry
48.419379,sta_02,4843,134,-50.9,36,2422,synthetic_telemetry
48.439447,sta_01,4844,121,-51.7,36,2423,synthetic_telemetry
48.440236,sta_02,4845,129,-56.4,36,2423,synthetic_telemetry
48.459919,sta_02,4847,138,-58.5,36,2424,synthetic_telemetry
48.460802,sta_01,4846,138,-57.1,36,2424,synthetic_telemetry
48.479969,sta_02,4849,127,-58.9,36,2425,synthetic_telemetry
48.480387,sta_01,4848,138,-59.8,36,2425,synthetic_telemetry
48.499526,sta_02,4851,134,-62.2,36,2426,synthetic_telemetry
48.499812,sta_01,4850,129,-55.9,36,2426,synthetic_telemetry
48.519356,sta_02,4853,130,-64.5,36,2427,synthetic_telemetry
48.520789,sta_01,4852,120,-61.4,36,2427,synthetic_telemetry
48.539229,sta_01,4854,124,-66.5,36,2428,synthetic_telemetry
48.540663,sta_02,4855,134,-73.9,36,2428,synthetic_telemetry
48.559196,sta_01,4856,121,-48.8,36,2429,synthetic_telemetry
48.560034,sta_02,4857,120,-67.9,36,2429,synthetic_telemetry
48.57946,sta_02,4859,118,-52.1,36,2430,synthetic_telemetry
48.580799,sta_01,4858,122,-52.3,36,2430,synthetic_telemetry
48.599906,sta_02,4861,129,-58.2,36,2431,synthetic_telemetry
48.600853,sta_01,4860,123,-61.6,36,2431,synthetic_telemetry
48.619604,sta_01,4862,124,-72.3,36,2432,synthetic_telemetry
48.619848,sta_02,4863,128,-48.9,36,2432,synthetic_telemetry
48.640413,sta_02,4865,134,-63.4,36,2433,synthetic_telemetry
48.640877,sta_01,4864,130,-57.7,36,2433,synthetic_telemetry
48.659606,sta_01,4866,128,-47.8,36,2434,synthetic_telemetry
48.660778,sta_02,4867,122,-71.3,36,2434,synthetic_telemetry
48.679453,sta_02,4869,134,-45.7,36,2435,synthetic_telemetry
48.679978,sta_01,4868,130,-52.4,36,2435,synthetic_telemetry
48.69983,sta_02,4871,129,-66.4,36,2436,synthetic_telemetry
48.700394,sta_01,4870,130,-58.1,36,2436,synthetic_telemetry
48.719034,sta_01,4872,133,-51.6,36,2437,synthetic_telemetry
48.719357,sta_02,4873,124,-46.4,36,2437,synthetic_telemetry
48.740355,sta_01,4874,124,-48.5,36,2438,synthetic_telemetry
48.74068,sta_02,4875,119,-45.0,36,2438,synthetic_telemetry
48.760534,sta_02,4877,129,-47.3,36,2439,synthetic_telemetry
48.760788,sta_01,4876,129,-65.5,36,2439,synthetic_telemetry
48.779737,sta_01,4878,123,-65.1,36,2440,synthetic_telemetry
48.77987,sta_02,4879,129,-48.7,36,2440,synthetic_telemetry
48.799228,sta_02,4881,116,-62.0,36,2441,synthetic_telemetry
48.79939,sta_01,4880,125,-72.5,36,2441,synthetic_telemetry
48.819804,sta_01,4882,131,-73.1,36,2442,synthetic_telemetry
48.820252,sta_02,4883,127,-65.4,36,2442,synthetic_telemetry
48.839304,sta_01,4884,129,-65.9,36,2443,synthetic_telemetry
48.839304,sta_02,4885,125,-65.5,36,2443,synthetic_telemetry
48.860615,sta_02,4887,122,-68.1,36,2444,synthetic_telemetry
48.860621,sta_01,4886,125,-64.2,36,2444,synthetic_telemetry
48.879004,sta_01,4888,115,-61.7,36,2445,synthetic_telemetry
48.880282,sta_02,4889,127,-66.3,36,2445,synthetic_telemetry
48.89974,sta_02,4891,122,-65.6,36,2446,synthetic_telemetry
48.900379,sta_01,4890,123,-46.1,36,2446,synthetic_telemetry
48.920535,sta_01,4892,123,-53.6,36,2447,synthetic_telemetry
48.920603,sta_02,4893,123,-47.8,36,2447,synthetic_telemetry
48.939052,sta_01,4894,129,-59.1,36,2448,synthetic_telemetry
48.939322,sta_02,4895,124,-58.7,36,2448,synthetic_telemetry
48.960156,sta_01,4896,132,-47.0,36,2449,synthetic_telemetry
48.960941,sta_02,4897,128,-52.4,36,2449,synthetic_telemetry
48.979569,sta_02,4899,117,-66.5,36,2450,synthetic_telemetry
48.980452,sta_01,4898,122,-62.7,36,2450,synthetic_telemetry
48.999396,sta_01,4900,128,-73.6,36,2451,synthetic_telemetry
49.000502,sta_02,4901,126,-56.0,36,2451,synthetic_telemetry
49.0196,sta_01,4902,133,-54.8,36,2452,synthetic_telemetry
49.019894,sta_02,4903,125,-72.7,36,2452,synthetic_telemetry
49.039715,sta_02,4905,130,-72.9,36,2453,synthetic_telemetry
49.039838,sta_01,4904,122,-64.4,36,2453,synthetic_telemetry
49.060091,sta_02,4907,122,-45.1,36,2454,synthetic_telemetry
49.060337,sta_01,4906,130,-73.6,36,2454,synthetic_telemetry
49.079865,sta_01,4908,118,-49.2,36,2455,synthetic_telemetry
49.080715,sta_02,4909,133,-69.0,36,2455,synthetic_telemetry
49.100265,sta_02,4911,128,-47.4,36,2456,synthetic_telemetry
49.100557,sta_01,4910,117,-50.4,36,2456,synthetic_telemetry
49.120363,sta_02,4913,131,-47.6,36,2457,synthetic_telemetry
49.120416,sta_01,4912,123,-58.3,36,2457,synthetic_telemetry
49.139043,sta_02,4915,129,-48.2,36,2458,synthetic_telemetry
49.139555,sta_01,4914,127,-46.9,36,2458,synthetic_telemetry
49.159218,sta_01,4916,121,-63.8,36,2459,synthetic_telemetry
49.160246,sta_02,4917,113,-66.3,36,2459,synthetic_telemetry
49.179182,sta_01,4918,135,-70.9,36,2460,synthetic_telemetry
49.179357,sta_02,4919,133,-54.0,36,2460,synthetic_telemetry
49.199722,sta_01,4920,129,-47.4,36,2461,synthetic_telemetry
49.200071,sta_02,4921,141,-68.5,36,2461,synthetic_telemetry
49.219528,sta_02,4923,120,-60.9,36,2462,synthetic_telemetry
49.220743,sta_01,4922,129,-61.9,36,2462,synthetic_telemetry
49.23948,sta_02,4925,129,-57.2,36,2463,synthetic_telemetry
49.240023,sta_01,4924,126,-49.3,36,2463,synthetic_telemetry
49.25928,sta_01,4926,134,-70.5,36,2464,synthetic_telemetry
49.260653,sta_02,4927,129,-68.6,36,2464,synthetic_telemetry
49.280065,sta_02,4929,135,-62.1,36,2465,synthetic_telemetry
49.280169,sta_01,4928,126,-63.2,36,2465,synthetic_telemetry
49.299063,sta_02,4931,122,-70.7,36,2466,synthetic_telemetry
49.299756,sta_01,4930,120,-64.9,36,2466,synthetic_telemetry
49.319355,sta_01,4932,130,-49.7,36,2467,synthetic_telemetry
49.319714,sta_02,4933,127,-74.1,36,2467,synthetic_telemetry
49.3397,sta_02,4935,116,-73.7,36,2468,synthetic_telemetry
49.339903,sta_01,4934,116,-49.3,36,2468,synthetic_telemetry
49.359085,sta_02,4937,116,-66.5,36,2469,synthetic_telemetry
49.359669,sta_01,4936,124,-61.4,36,2469,synthetic_telemetry
49.379496,sta_02,4939,123,-69.9,36,2470,synthetic_telemetry
49.379852,sta_01,4938,132,-59.7,36,2470,synthetic_telemetry
49.399555,sta_02,4941,130,-69.6,36,2471,synthetic_telemetry
49.400404,sta_01,4940,123,-52.8,36,2471,synthetic_telemetry
49.420213,sta_02,4943,123,-45.0,36,2472,synthetic_telemetry
49.420525,sta_01,4942,128,-63.4,36,2472,synthetic_telemetry
49.439691,sta_02,4945,128,-52.3,36,2473,synthetic_telemetry
49.439743,sta_01,4944,126,-55.1,36,2473,synthetic_telemetry
49.459888,sta_02,4947,113,-51.9,36,2474,synthetic_telemetry
49.460897,sta_01,4946,131,-53.8,36,2474,synthetic_telemetry
49.479938,sta_01,4948,118,-67.5,36,2475,synthetic_telemetry
49.480809,sta_02,4949,125,-57.2,36,2475,synthetic_telemetry
49.499097,sta_01,4950,119,-62.4,36,2476,synthetic_telemetry
49.500414,sta_02,4951,124,-54.3,36,2476,synthetic_telemetry
49.520261,sta_01,4952,130,-60.7,36,2477,synthetic_telemetry
49.520632,sta_02,4953,138,-48.4,36,2477,synthetic_telemetry
49.539618,sta_01,4954,127,-51.0,36,2478,synthetic_telemetry
49.540307,sta_02,4955,129,-62.4,36,2478,synthetic_telemetry
49.560299,sta_02,4957,115,-51.0,36,2479,synthetic_telemetry
49.560409,sta_01,4956,120,-62.6,36,2479,synthetic_telemetry
49.580451,sta_01,4958,127,-62.6,36,2480,synthetic_telemetry
49.58057,sta_02,4959,127,-64.7,36,2480,synthetic_telemetry
49.599236,sta_02,4961,137,-49.7,36,2481,synthetic_telemetry
49.600511,sta_01,4960,123,-48.8,36,2481,synthetic_telemetry
49.620194,sta_01,4962,121,-56.5,36,2482,synthetic_telemetry
49.62094,sta_02,4963,123,-72.3,36,2482,synthetic_telemetry
49.63902,sta_02,4965,133,-62.7,36,2483,synthetic_telemetry
49.639754,sta_01,4964,129,-62.1,36,2483,synthetic_telemetry
49.659117,sta_02,4967,129,-68.4,36,2484,synthetic_telemetry
49.660478,sta_01,4966,118,-64.0,36,2484,synthetic_telemetry
49.680401,sta_02,4969,133,-48.4,36,2485,synthetic_telemetry
49.680693,sta_01,4968,123,-74.3,36,2485,synthetic_telemetry
49.699278,sta_01,4970,127,-64.9,36,2486,synthetic_telemetry
49.699321,sta_02,4971,130,-53.6,36,2486,synthetic_telemetry
49.720545,sta_01,4972,129,-47.8,36,2487,synthetic_telemetry
49.720602,sta_02,4973,128,-46.8,36,2487,synthetic_telemetry
49.740016,sta_02,4975,119,-66.9,36,2488,synthetic_telemetry
49.7407,sta_01,4974,123,-64.0,36,2488,synthetic_telemetry
49.760147,sta_02,4977,128,-71.6,36,2489,synthetic_telemetry
49.760411,sta_01,4976,139,-70.9,36,2489,synthetic_telemetry
49.780655,sta_02,4979,125,-57.2,36,2490,synthetic_telemetry
49.780978,sta_01,4978,125,-45.6,36,2490,synthetic_telemetry
49.799444,sta_02,4981,120,-71.9,36,2491,synthetic_telemetry
49.800368,sta_01,4980,129,-62.3,36,2491,synthetic_telemetry
49.820142,sta_01,4982,124,-46.2,36,2492,synthetic_telemetry
49.820378,sta_02,4983,127,-65.2,36,2492,synthetic_telemetry
49.839381,sta_01,4984,130,-68.1,36,2493,synthetic_telemetry
49.840063,sta_02,4985,131,-45.5,36,2493,synthetic_telemetry
49.859614,sta_01,4986,124,-67.7,36,2494,synthetic_telemetry
49.860463,sta_02,4987,131,-51.8,36,2494,synthetic_telemetry
49.880491,sta_01,4988,129,-63.4,36,2495,synthetic_telemetry
49.880512,sta_02,4989,125,-46.1,36,2495,synthetic_telemetry
49.899189,sta_02,4991,126,-70.2,36,2496,synthetic_telemetry
49.900218,sta_01,4990,133,-63.8,36,2496,synthetic_telemetry
49.919092,sta_02,4993,126,-69.3,36,2497,synthetic_telemetry
49.920117,sta_01,4992,140,-67.2,36,2497,synthetic_telemetry
49.939193,sta_01,4994,124,-74.3,36,2498,synthetic_telemetry
49.940479,sta_02,4995,128,-56.1,36,2498,synthetic_telemetry
49.959389,sta_02,4997,133,-65.0,36,2499,synthetic_telemetry
49.959969,sta_01,4996,124,-71.5,36,2499,synthetic_telemetry
49.979734,sta_01,4998,119,-58.2,36,2500,synthetic_telemetry
49.979764,sta_02,4999,125,-67.9,36,2500,synthetic_telemetry
49.999259,sta_01,5000,139,-53.9,36,2501,synthetic_telemetry
50.000136,sta_02,5001,116,-45.5,36,2501,synthetic_telemetry
50.01903,sta_01,5002,137,-63.1,36,2502,synthetic_telemetry
50.019213,sta_02,5003,126,-66.2,36,2502,synthetic_telemetry
50.039965,sta_02,5005,125,-58.7,36,2503,synthetic_telemetry
50.040971,sta_01,5004,122,-74.5,36,2503,synthetic_telemetry
50.059596,sta_02,5007,141,-52.9,36,2504,synthetic_telemetry
50.060978,sta_01,5006,125,-72.7,36,2504,synthetic_telemetry
50.079032,sta_02,5009,132,-60.9,36,2505,synthetic_telemetry
50.079166,sta_01,5008,122,-54.1,36,2505,synthetic_telemetry
50.100227,sta_02,5011,127,-46.9,36,2506,synthetic_telemetry
50.100293,sta_01,5010,111,-74.9,36,2506,synthetic_telemetry
50.120463,sta_02,5013,137,-57.1,36,2507,synthetic_telemetry
50.120964,sta_01,5012,125,-64.4,36,2507,synthetic_telemetry
50.139946,sta_01,5014,120,-74.4,36,2508,synthetic_telemetry
50.140763,sta_02,5015,123,-47.7,36,2508,synthetic_telemetry
50.159024,sta_02,5017,118,-73.9,36,2509,synthetic_telemetry
50.16063,sta_01,5016,136,-54.2,36,2509,synthetic_telemetry
50.179518,sta_02,5019,120,-64.5,36,2510,synthetic_telemetry
50.180023,sta_01,5018,135,-64.1,36,2510,synthetic_telemetry
50.200264,sta_02,5021,125,-50.7,36,2511,synthetic_telemetry
50.200804,sta_01,5020,122,-68.2,36,2511,synthetic_telemetry
50.219593,sta_01,5022,127,-54.5,36,2512,synthetic_telemetry
50.220413,sta_02,5023,144,-57.7,36,2512,synthetic_telemetry
50.239493,sta_02,5025,137,-45.4,36,2513,synthetic_telemetry
50.239695,sta_01,5024,127,-74.2,36,2513,synthetic_telemetry
50.259171,sta_01,5026,121,-52.5,36,2514,synthetic_telemetry
50.25999,sta_02,5027,131,-52.9,36,2514,synthetic_telemetry
50.280457,sta_02,5029,120,-61.0,36,2515,synthetic_telemetry
50.280573,sta_01,5028,132,-58.2,36,2515,synthetic_telemetry
50.299733,sta_02,5031,120,-45.6,36,2516,synthetic_telemetry
50.300837,sta_01,5030,122,-57.1,36,2516,synthetic_telemetry
50.319141,sta_01,5032,117,-55.9,36,2517,synthetic_telemetry
50.3199,sta_02,5033,125,-54.7,36,2517,synthetic_telemetry
50.339713,sta_02,5035,123,-71.4,36,2518,synthetic_telemetry
50.34084,sta_01,5034,122,-59.8,36,2518,synthetic_telemetry
50.359135,sta_01,5036,126,-69.1,36,2519,synthetic_telemetry
50.360305,sta_02,5037,126,-73.7,36,2519,synthetic_telemetry
50.380888,sta_02,5039,125,-59.1,36,2520,synthetic_telemetry
50.380914,sta_01,5038,136,-63.6,36,2520,synthetic_telemetry
50.399231,sta_02,5041,119,-48.4,36,2521,synthetic_telemetry
50.400197,sta_01,5040,124,-64.6,36,2521,synthetic_telemetry
50.4192,sta_02,5043,122,-63.3,36,2522,synthetic_telemetry
50.420041,sta_01,5042,139,-59.1,36,2522,synthetic_telemetry
50.439625,sta_01,5044,130,-63.7,36,2523,synthetic_telemetry
50.440763,sta_02,5045,125,-56.8,36,2523,synthetic_telemetry
50.460143,sta_01,5046,136,-46.3,36,2524,synthetic_telemetry
50.460766,sta_02,5047,137,-72.3,36,2524,synthetic_telemetry
50.48,sta_02,5049,126,-45.7,36,2525,synthetic_telemetry
50.480841,sta_01,5048,133,-47.3,36,2525,synthetic_telemetry
50.499557,sta_01,5050,124,-63.7,36,2526,synthetic_telemetry
50.500141,sta_02,5051,125,-70.8,36,2526,synthetic_telemetry
50.520078,sta_01,5052,134,-50.1,36,2527,synthetic_telemetry
50.520808,sta_02,5053,134,-56.7,36,2527,synthetic_telemetry
50.539319,sta_01,5054,133,-73.3,36,2528,synthetic_telemetry
50.540087,sta_02,5055,128,-74.9,36,2528,synthetic_telemetry
50.559351,sta_02,5057,143,-73.2,36,2529,synthetic_telemetry
50.560214,sta_01,5056,125,-48.3,36,2529,synthetic_telemetry
50.579264,sta_02,5059,127,-56.2,36,2530,synthetic_telemetry
50.579856,sta_01,5058,129,-53.7,36,2530,synthetic_telemetry
50.599122,sta_02,5061,143,-54.0,36,2531,synthetic_telemetry
50.599218,sta_01,5060,137,-45.1,36,2531,synthetic_telemetry
50.61984,sta_01,5062,133,-51.4,36,2532,synthetic_telemetry
50.620847,sta_02,5063,122,-67.1,36,2532,synthetic_telemetry
50.639602,sta_02,5065,130,-45.9,36,2533,synthetic_telemetry
50.639959,sta_01,5064,129,-50.7,36,2533,synthetic_telemetry
50.659109,sta_02,5067,126,-51.6,36,2534,synthetic_telemetry
50.659209,sta_01,5066,139,-54.7,36,2534,synthetic_telemetry
50.680489,sta_01,5068,142,-67.7,36,2535,synthetic_telemetry
50.68071,sta_02,5069,120,-74.0,36,2535,synthetic_telemetry
50.699119,sta_02,5071,120,-74.2,36,2536,synthetic_telemetry
50.699491,sta_01,5070,133,-45.8,36,2536,synthetic_telemetry
50.71997,sta_02,5073,127,-65.7,36,2537,synthetic_telemetry
50.720062,sta_01,5072,133,-50.2,36,2537,synthetic_telemetry
50.739107,sta_01,5074,131,-73.4,36,2538,synthetic_telemetry
50.739721,sta_02,5075,126,-46.2,36,2538,synthetic_telemetry
50.760093,sta_02,5077,131,-45.1,36,2539,synthetic_telemetry
50.760937,sta_01,5076,120,-59.5,36,2539,synthetic_telemetry
50.779307,sta_02,5079,128,-72.1,36,2540,synthetic_telemetry
50.779706,sta_01,5078,141,-64.1,36,2540,synthetic_telemetry
50.800504,sta_01,5080,129,-46.8,36,2541,synthetic_telemetry
50.800553,sta_02,5081,128,-48.5,36,2541,synthetic_telemetry
50.82011,sta_02,5083,136,-63.7,36,2542,synthetic_telemetry
50.820577,sta_01,5082,133,-67.6,36,2542,synthetic_telemetry
50.840478,sta_01,5084,131,-58.3,36,2543,synthetic_telemetry
50.840964,sta_02,5085,135,-73.2,36,2543,synthetic_telemetry
50.860295,sta_02,5087,123,-64.1,36,2544,synthetic_telemetry
50.860488,sta_01,5086,117,-51.9,36,2544,synthetic_telemetry
50.879434,sta_01,5088,116,-52.5,36,2545,synthetic_telemetry
50.880623,sta_02,5089,124,-72.6,36,2545,synthetic_telemetry
50.899718,sta_02,5091,128,-63.6,36,2546,synthetic_telemetry
50.900226,sta_01,5090,126,-62.5,36,2546,synthetic_telemetry
50.919044,sta_02,5093,143,-60.3,36,2547,synthetic_telemetry
50.919748,sta_01,5092,121,-62.0,36,2547,synthetic_telemetry
50.939486,sta_02,5095,116,-57.4,36,2548,synthetic_telemetry
50.940453,sta_01,5094,119,-67.9,36,2548,synthetic_telemetry
50.959422,sta_01,5096,122,-49.3,36,2549,synthetic_telemetry
50.960208,sta_02,5097,126,-50.1,36,2549,synthetic_telemetry
50.979217,sta_01,5098,139,-52.6,36,2550,synthetic_telemetry
50.9796,sta_02,5099,124,-64.3,36,2550,synthetic_telemetry
50.999973,sta_01,5100,115,-65.6,36,2551,synthetic_telemetry
51.000505,sta_02,5101,129,-50.1,36,2551,synthetic_telemetry
51.01911,sta_01,5102,135,-54.2,36,2552,synthetic_telemetry
51.020159,sta_02,5103,124,-65.1,36,2552,synthetic_telemetry
51.039035,sta_01,5104,125,-64.4,36,2553,synthetic_telemetry
51.039928,sta_02,5105,124,-61.3,36,2553,synthetic_telemetry
51.060293,sta_02,5107,129,-68.1,36,2554,synthetic_telemetry
51.060306,sta_01,5106,127,-48.2,36,2554,synthetic_telemetry
51.080339,sta_02,5109,126,-66.0,36,2555,synthetic_telemetry
51.080706,sta_01,5108,121,-69.5,36,2555,synthetic_telemetry
51.100316,sta_01,5110,133,-55.9,36,2556,synthetic_telemetry
51.100435,sta_02,5111,135,-68.4,36,2556,synthetic_telemetry
51.119171,sta_02,5113,127,-56.7,36,2557,synthetic_telemetry
51.120981,sta_01,5112,123,-54.5,36,2557,synthetic_telemetry
51.139438,sta_02,5115,121,-66.0,36,2558,synthetic_telemetry
51.139491,sta_01,5114,132,-60.9,36,2558,synthetic_telemetry
51.159389,sta_02,5117,128,-55.0,36,2559,synthetic_telemetry
51.159677,sta_01,5116,133,-55.8,36,2559,synthetic_telemetry
51.180503,sta_02,5119,132,-56.5,36,2560,synthetic_telemetry
51.180744,sta_01,5118,131,-52.4,36,2560,synthetic_telemetry
51.199178,sta_01,5120,129,-49.2,36,2561,synthetic_telemetry
51.199675,sta_02,5121,113,-64.0,36,2561,synthetic_telemetry
51.219966,sta_01,5122,137,-48.0,36,2562,synthetic_telemetry
51.220042,sta_02,5123,116,-66.1,36,2562,synthetic_telemetry
51.239073,sta_02,5125,127,-55.0,36,2563,synthetic_telemetry
51.240579,sta_01,5124,125,-48.6,36,2563,synthetic_telemetry
51.260161,sta_01,5126,128,-59.5,36,2564,synthetic_telemetry
51.260392,sta_02,5127,141,-74.8,36,2564,synthetic_telemetry
51.279634,sta_01,5128,132,-65.1,36,2565,synthetic_telemetry
51.279864,sta_02,5129,117,-58.8,36,2565,synthetic_telemetry
51.299303,sta_02,5131,123,-71.1,36,2566,synthetic_telemetry
51.299892,sta_01,5130,127,-49.9,36,2566,synthetic_telemetry
51.320067,sta_01,5132,137,-56.2,36,2567,synthetic_telemetry
51.32063,sta_02,5133,139,-73.1,36,2567,synthetic_telemetry
51.339657,sta_01,5134,130,-71.1,36,2568,synthetic_telemetry
51.340675,sta_02,5135,112,-61.9,36,2568,synthetic_telemetry
51.359437,sta_01,5136,129,-57.9,36,2569,synthetic_telemetry
51.360059,sta_02,5137,126,-60.3,36,2569,synthetic_telemetry
51.380413,sta_01,5138,123,-72.6,36,2570,synthetic_telemetry
51.380589,sta_02,5139,126,-56.2,36,2570,synthetic_telemetry
51.399757,sta_02,5141,121,-72.0,36,2571,synthetic_telemetry
51.39988,sta_01,5140,131,-71.4,36,2571,synthetic_telemetry
51.419517,sta_02,5143,128,-56.8,36,2572,synthetic_telemetry
51.420906,sta_01,5142,128,-49.9,36,2572,synthetic_telemetry
51.439653,sta_01,5144,129,-61.3,36,2573,synthetic_telemetry
51.44058,sta_02,5145,132,-65.5,36,2573,synthetic_telemetry
51.459285,sta_02,5147,120,-51.1,36,2574,synthetic_telemetry
51.459797,sta_01,5146,134,-58.1,36,2574,synthetic_telemetry
51.479492,sta_02,5149,123,-62.5,36,2575,synthetic_telemetry
51.480665,sta_01,5148,126,-46.6,36,2575,synthetic_telemetry
51.500025,sta_01,5150,126,-52.9,36,2576,synthetic_telemetry
51.50012,sta_02,5151,131,-64.0,36,2576,synthetic_telemetry
51.519401,sta_02,5153,123,-54.0,36,2577,synthetic_telemetry
51.519652,sta_01,5152,124,-49.7,36,2577,synthetic_telemetry
51.539806,sta_02,5155,132,-49.8,36,2578,synthetic_telemetry
51.539971,sta_01,5154,123,-67.6,36,2578,synthetic_telemetry
51.560342,sta_02,5157,141,-68.1,36,2579,synthetic_telemetry
51.560457,sta_01,5156,122,-50.2,36,2579,synthetic_telemetry
51.579815,sta_01,5158,129,-66.8,36,2580,synthetic_telemetry
51.580543,sta_02,5159,132,-51.2,36,2580,synthetic_telemetry
51.599384,sta_01,5160,121,-57.8,36,2581,synthetic_telemetry
51.600146,sta_02,5161,121,-51.5,36,2581,synthetic_telemetry
51.61924,sta_01,5162,121,-56.2,36,2582,synthetic_telemetry
51.620867,sta_02,5163,131,-48.0,36,2582,synthetic_telemetry
51.639404,sta_01,5164,122,-57.2,36,2583,synthetic_telemetry
51.640237,sta_02,5165,121,-71.6,36,2583,synthetic_telemetry
51.660397,sta_01,5166,119,-60.0,36,2584,synthetic_telemetry
51.660561,sta_02,5167,122,-74.9,36,2584,synthetic_telemetry
51.679706,sta_01,5168,135,-56.8,36,2585,synthetic_telemetry
51.680254,sta_02,5169,116,-62.3,36,2585,synthetic_telemetry
51.699372,sta_02,5171,132,-56.2,36,2586,synthetic_telemetry
51.700478,sta_01,5170,130,-57.6,36,2586,synthetic_telemetry
51.719145,sta_02,5173,138,-64.2,36,2587,synthetic_telemetry
51.720796,sta_01,5172,114,-67.5,36,2587,synthetic_telemetry
51.739318,sta_02,5175,141,-66.8,36,2588,synthetic_telemetry
51.739941,sta_01,5174,115,-50.5,36,2588,synthetic_telemetry
51.759475,sta_02,5177,138,-58.5,36,2589,synthetic_telemetry
51.760501,sta_01,5176,124,-50.3,36,2589,synthetic_telemetry
51.779622,sta_01,5178,127,-46.7,36,2590,synthetic_telemetry
51.780203,sta_02,5179,141,-67.2,36,2590,synthetic_telemetry
51.79934,sta_01,5180,135,-71.3,36,2591,synthetic_telemetry
51.799418,sta_02,5181,128,-64.1,36,2591,synthetic_telemetry
51.819406,sta_02,5183,123,-55.5,36,2592,synthetic_telemetry
51.820265,sta_01,5182,126,-57.3,36,2592,synthetic_telemetry
51.839201,sta_02,5185,129,-58.5,36,2593,synthetic_telemetry
51.840269,sta_01,5184,130,-45.5,36,2593,synthetic_telemetry
51.85959,sta_02,5187,129,-45.6,36,2594,synthetic_telemetry
51.860696,sta_01,5186,132,-66.0,36,2594,synthetic_telemetry
51.879978,sta_01,5188,129,-47.8,36,2595,synthetic_telemetry
51.880286,sta_02,5189,126,-61.0,36,2595,synthetic_telemetry
51.899188,sta_01,5190,125,-67.6,36,2596,synthetic_telemetry
51.89991,sta_02,5191,128,-56.3,36,2596,synthetic_telemetry
51.920376,sta_01,5192,128,-68.7,36,2597,synthetic_telemetry
51.920572,sta_02,5193,117,-64.3,36,2597,synthetic_telemetry
51.939643,sta_01,5194,135,-68.0,36,2598,synthetic_telemetry
51.940393,sta_02,5195,126,-61.1,36,2598,synthetic_telemetry
51.959804,sta_02,5197,136,-57.4,36,2599,synthetic_telemetry
51.960123,sta_01,5196,126,-59.7,36,2599,synthetic_telemetry
51.979646,sta_02,5199,132,-72.8,36,2600,synthetic_telemetry
51.980574,sta_01,5198,134,-72.0,36,2600,synthetic_telemetry
51.999169,sta_02,5201,121,-72.2,36,2601,synthetic_telemetry
52.000976,sta_01,5200,132,-72.3,36,2601,synthetic_telemetry
52.019715,sta_02,5203,124,-49.2,36,2602,synthetic_telemetry
52.020433,sta_01,5202,127,-51.6,36,2602,synthetic_telemetry
52.03988,sta_02,5205,121,-67.3,36,2603,synthetic_telemetry
52.040145,sta_01,5204,132,-59.1,36,2603,synthetic_telemetry
52.059736,sta_01,5206,130,-59.5,36,2604,synthetic_telemetry
52.060555,sta_02,5207,128,-62.6,36,2604,synthetic_telemetry
52.079112,sta_01,5208,132,-58.7,36,2605,synthetic_telemetry
52.07991,sta_02,5209,123,-47.4,36,2605,synthetic_telemetry
52.100373,sta_02,5211,128,-56.0,36,2606,synthetic_telemetry
52.100971,sta_01,5210,132,-66.2,36,2606,synthetic_telemetry
52.11997,sta_02,5213,130,-58.0,36,2607,synthetic_telemetry
52.120637,sta_01,5212,129,-73.1,36,2607,synthetic_telemetry
52.140404,sta_02,5215,115,-66.4,36,2608,synthetic_telemetry
52.140575,sta_01,5214,127,-51.9,36,2608,synthetic_telemetry
52.159137,sta_02,5217,129,-74.9,36,2609,synthetic_telemetry
52.159745,sta_01,5216,135,-47.1,36,2609,synthetic_telemetry
52.179906,sta_01,5218,139,-73.7,36,2610,synthetic_telemetry
52.180623,sta_02,5219,128,-61.1,36,2610,synthetic_telemetry
52.200152,sta_01,5220,117,-62.3,36,2611,synthetic_telemetry
52.200584,sta_02,5221,143,-63.2,36,2611,synthetic_telemetry
52.219436,sta_01,5222,114,-54.1,36,2612,synthetic_telemetry
52.220888,sta_02,5223,130,-60.3,36,2612,synthetic_telemetry
52.240054,sta_01,5224,125,-63.7,36,2613,synthetic_telemetry
52.240453,sta_02,5225,128,-59.4,36,2613,synthetic_telemetry
52.260674,sta_01,5226,115,-73.8,36,2614,synthetic_telemetry
52.260906,sta_02,5227,137,-58.2,36,2614,synthetic_telemetry
52.280289,sta_01,5228,118,-64.9,36,2615,synthetic_telemetry
52.28094,sta_02,5229,123,-49.5,36,2615,synthetic_telemetry
52.299014,sta_02,5231,132,-46.7,36,2616,synthetic_telemetry
52.299548,sta_01,5230,125,-53.9,36,2616,synthetic_telemetry
52.319813,sta_02,5233,121,-55.8,36,2617,synthetic_telemetry
52.320543,sta_01,5232,133,-68.2,36,2617,synthetic_telemetry
52.340536,sta_01,5234,119,-46.8,36,2618,synthetic_telemetry
52.340799,sta_02,5235,129,-64.6,36,2618,synthetic_telemetry
52.359594,sta_02,5237,127,-61.3,36,2619,synthetic_telemetry
52.3599,sta_01,5236,133,-55.1,36,2619,synthetic_telemetry
52.379172,sta_02,5239,125,-57.7,36,2620,synthetic_telemetry
52.380253,sta_01,5238,129,-75.0,36,2620,synthetic_telemetry
52.399317,sta_01,5240,127,-62.6,36,2621,synthetic_telemetry
52.399993,sta_02,5241,127,-72.9,36,2621,synthetic_telemetry
52.420036,sta_01,5242,129,-73.8,36,2622,synthetic_telemetry
52.42071,sta_02,5243,135,-63.1,36,2622,synthetic_telemetry
52.440624,sta_02,5245,117,-72.5,36,2623,synthetic_telemetry
52.440964,sta_01,5244,124,-60.8,36,2623,synthetic_telemetry
52.459591,sta_01,5246,126,-50.4,36,2624,synthetic_telemetry
52.459608,sta_02,5247,128,-67.8,36,2624,synthetic_telemetry
52.479377,sta_01,5248,123,-56.7,36,2625,synthetic_telemetry
52.48018,sta_02,5249,127,-57.9,36,2625,synthetic_telemetry
52.500331,sta_02,5251,131,-65.1,36,2626,synthetic_telemetry
52.500877,sta_01,5250,133,-74.6,36,2626,synthetic_telemetry
52.519219,sta_01,5252,131,-58.4,36,2627,synthetic_telemetry
52.520363,sta_02,5253,129,-47.8,36,2627,synthetic_telemetry
52.539543,sta_02,5255,122,-45.3,36,2628,synthetic_telemetry
52.540132,sta_01,5254,141,-73.1,36,2628,synthetic_telemetry
52.560163,sta_02,5257,130,-68.0,36,2629,synthetic_telemetry
52.560984,sta_01,5256,124,-68.4,36,2629,synthetic_telemetry
52.5794,sta_01,5258,128,-47.8,36,2630,synthetic_telemetry
52.579702,sta_02,5259,127,-63.4,36,2630,synthetic_telemetry
52.599191,sta_02,5261,120,-64.6,36,2631,synthetic_telemetry
52.599901,sta_01,5260,135,-50.8,36,2631,synthetic_telemetry
52.620252,sta_01,5262,131,-51.2,36,2632,synthetic_telemetry
52.620255,sta_02,5263,130,-61.4,36,2632,synthetic_telemetry
52.64005,sta_02,5265,134,-56.2,36,2633,synthetic_telemetry
52.640356,sta_01,5264,112,-62.6,36,2633,synthetic_telemetry
52.660033,sta_02,5267,123,-67.2,36,2634,synthetic_telemetry
52.660718,sta_01,5266,135,-54.7,36,2634,synthetic_telemetry
52.679605,sta_01,5268,123,-57.1,36,2635,synthetic_telemetry
52.679893,sta_02,5269,134,-58.6,36,2635,synthetic_telemetry
52.699372,sta_01,5270,126,-66.0,36,2636,synthetic_telemetry
52.700383,sta_02,5271,141,-57.4,36,2636,synthetic_telemetry
52.719876,sta_01,5272,137,-49.4,36,2637,synthetic_telemetry
52.72078,sta_02,5273,132,-47.9,36,2637,synthetic_telemetry
52.740027,sta_01,5274,134,-63.1,36,2638,synthetic_telemetry
52.740727,sta_02,5275,122,-65.2,36,2638,synthetic_telemetry
52.759894,sta_01,5276,126,-73.5,36,2639,synthetic_telemetry
52.760716,sta_02,5277,111,-51.6,36,2639,synthetic_telemetry
52.780004,sta_02,5279,128,-66.1,36,2640,synthetic_telemetry
52.780671,sta_01,5278,129,-73.4,36,2640,synthetic_telemetry
52.799056,sta_02,5281,124,-65.4,36,2641,synthetic_telemetry
52.800699,sta_01,5280,129,-55.8,36,2641,synthetic_telemetry
52.81969,sta_02,5283,122,-51.8,36,2642,synthetic_telemetry
52.820364,sta_01,5282,129,-71.6,36,2642,synthetic_telemetry
52.840008,sta_01,5284,120,-65.5,36,2643,synthetic_telemetry
52.840012,sta_02,5285,136,-65.8,36,2643,synthetic_telemetry
52.859462,sta_02,5287,132,-62.7,36,2644,synthetic_telemetry
52.860636,sta_01,5286,124,-45.3,36,2644,synthetic_telemetry
52.879819,sta_01,5288,133,-45.0,36,2645,synthetic_telemetry
52.880014,sta_02,5289,131,-56.2,36,2645,synthetic_telemetry
52.899282,sta_01,5290,123,-70.7,36,2646,synthetic_telemetry
52.899702,sta_02,5291,115,-65.0,36,2646,synthetic_telemetry
52.919509,sta_02,5293,133,-65.7,36,2647,synthetic_telemetry
52.920474,sta_01,5292,116,-70.4,36,2647,synthetic_telemetry
52.939036,sta_02,5295,122,-61.1,36,2648,synthetic_telemetry
52.940667,sta_01,5294,119,-66.8,36,2648,synthetic_telemetry
52.960212,sta_02,5297,129,-59.0,36,2649,synthetic_telemetry
52.960301,sta_01,5296,128,-55.3,36,2649,synthetic_telemetry
52.979073,sta_02,5299,132,-71.5,36,2650,synthetic_telemetry
52.979328,sta_01,5298,143,-59.8,36,2650,synthetic_telemetry
52.999113,sta_02,5301,134,-66.1,36,2651,synthetic_telemetry
52.999548,sta_01,5300,123,-51.3,36,2651,synthetic_telemetry
53.020135,sta_01,5302,109,-72.7,36,2652,synthetic_telemetry
53.020457,sta_02,5303,128,-74.3,36,2652,synthetic_telemetry
53.039751,sta_01,5304,115,-55.2,36,2653,synthetic_telemetry
53.0409,sta_02,5305,126,-63.9,36,2653,synthetic_telemetry
53.059016,sta_01,5306,125,-46.8,36,2654,synthetic_telemetry
53.060648,sta_02,5307,121,-71.3,36,2654,synthetic_telemetry
53.079326,sta_01,5308,120,-50.8,36,2655,synthetic_telemetry
53.080176,sta_02,5309,128,-54.6,36,2655,synthetic_telemetry
53.09955,sta_01,5310,115,-56.7,36,2656,synthetic_telemetry
53.099984,sta_02,5311,134,-66.4,36,2656,synthetic_telemetry
53.119069,sta_01,5312,125,-59.6,36,2657,synthetic_telemetry
53.11947,sta_02,5313,130,-69.1,36,2657,synthetic_telemetry
53.139371,sta_02,5315,122,-61.7,36,2658,synthetic_telemetry
53.140078,sta_01,5314,124,-73.4,36,2658,synthetic_telemetry
53.160079,sta_01,5316,125,-65.4,36,2659,synthetic_telemetry
53.160419,sta_02,5317,123,-53.8,36,2659,synthetic_telemetry
53.17952,sta_01,5318,133,-46.9,36,2660,synthetic_telemetry
53.179935,sta_02,5319,118,-64.8,36,2660,synthetic_telemetry
53.199653,sta_02,5321,125,-65.1,36,2661,synthetic_telemetry
53.200899,sta_01,5320,127,-70.4,36,2661,synthetic_telemetry
53.220629,sta_01,5322,126,-48.4,36,2662,synthetic_telemetry
53.220984,sta_02,5323,126,-53.3,36,2662,synthetic_telemetry
53.239495,sta_02,5325,135,-69.8,36,2663,synthetic_telemetry
53.240491,sta_01,5324,127,-67.1,36,2663,synthetic_telemetry
53.259943,sta_01,5326,138,-65.4,36,2664,synthetic_telemetry
53.260828,sta_02,5327,128,-70.7,36,2664,synthetic_telemetry
53.279858,sta_02,5329,116,-60.7,36,2665,synthetic_telemetry
53.279923,sta_01,5328,132,-71.6,36,2665,synthetic_telemetry
53.300636,sta_01,5330,128,-73.0,36,2666,synthetic_telemetry
53.300939,sta_02,5331,122,-72.1,36,2666,synthetic_telemetry
53.319443,sta_01,5332,124,-73.8,36,2667,synthetic_telemetry
53.320853,sta_02,5333,132,-61.5,36,2667,synthetic_telemetry
53.340096,sta_02,5335,133,-58.0,36,2668,synthetic_telemetry
53.340604,sta_01,5334,121,-60.6,36,2668,synthetic_telemetry
53.359251,sta_02,5337,121,-51.3,36,2669,synthetic_telemetry
53.360124,sta_01,5336,130,-61.7,36,2669,synthetic_telemetry
53.379607,sta_02,5339,132,-52.4,36,2670,synthetic_telemetry
53.380256,sta_01,5338,128,-52.2,36,2670,synthetic_telemetry
53.399753,sta_02,5341,116,-59.0,36,2671,synthetic_telemetry
53.399926,sta_01,5340,120,-59.0,36,2671,synthetic_telemetry
53.419383,sta_02,5343,129,-47.1,36,2672,synthetic_telemetry
53.420817,sta_01,5342,128,-70.0,36,2672,synthetic_telemetry
53.43927,sta_01,5344,124,-46.7,36,2673,synthetic_telemetry
53.440198,sta_02,5345,142,-73.2,36,2673,synthetic_telemetry
53.459648,sta_01,5346,131,-62.5,36,2674,synthetic_telemetry
53.460868,sta_02,5347,119,-60.8,36,2674,synthetic_telemetry
53.480128,sta_01,5348,121,-70.9,36,2675,synthetic_telemetry
53.48087,sta_02,5349,123,-67.6,36,2675,synthetic_telemetry
53.49921,sta_01,5350,148,-62.3,36,2676,synthetic_telemetry
53.499578,sta_02,5351,127,-53.7,36,2676,synthetic_telemetry
53.519749,sta_01,5352,135,-58.5,36,2677,synthetic_telemetry
53.52011,sta_02,5353,121,-64.7,36,2677,synthetic_telemetry
53.5398,sta_01,5354,127,-72.9,36,2678,synthetic_telemetry
53.54014,sta_02,5355,126,-50.0,36,2678,synthetic_telemetry
53.559087,sta_02,5357,129,-65.5,36,2679,synthetic_telemetry
53.559742,sta_01,5356,131,-52.1,36,2679,synthetic_telemetry
53.579696,sta_01,5358,120,-49.6,36,2680,synthetic_telemetry
53.580189,sta_02,5359,118,-60.2,36,2680,synthetic_telemetry
53.5994,sta_02,5361,129,-71.8,36,2681,synthetic_telemetry
53.600402,sta_01,5360,140,-59.0,36,2681,synthetic_telemetry
53.620542,sta_01,5362,125,-64.8,36,2682,synthetic_telemetry
53.620973,sta_02,5363,120,-59.4,36,2682,synthetic_telemetry
53.639422,sta_01,5364,128,-58.1,36,2683,synthetic_telemetry
53.640446,sta_02,5365,124,-50.8,36,2683,synthetic_telemetry
53.659406,sta_02,5367,131,-50.1,36,2684,synthetic_telemetry
53.659928,sta_01,5366,134,-53.3,36,2684,synthetic_telemetry
53.679131,sta_02,5369,116,-52.2,36,2685,synthetic_telemetry
53.680072,sta_01,5368,126,-58.4,36,2685,synthetic_telemetry
53.700128,sta_01,5370,127,-51.9,36,2686,synthetic_telemetry
53.700414,sta_02,5371,128,-66.0,36,2686,synthetic_telemetry
53.719976,sta_01,5372,124,-51.8,36,2687,synthetic_telemetry
53.720454,sta_02,5373,128,-63.7,36,2687,synthetic_telemetry
53.739964,sta_02,5375,130,-52.7,36,2688,synthetic_telemetry
53.740346,sta_01,5374,129,-60.6,36,2688,synthetic_telemetry
53.759107,sta_02,5377,125,-61.6,36,2689,synthetic_telemetry
53.759285,sta_01,5376,138,-54.7,36,2689,synthetic_telemetry
53.779762,sta_02,5379,121,-51.8,36,2690,synthetic_telemetry
53.780531,sta_01,5378,127,-74.0,36,2690,synthetic_telemetry
53.799284,sta_01,5380,123,-45.5,36,2691,synthetic_telemetry
53.800193,sta_02,5381,120,-61.7,36,2691,synthetic_telemetry
53.819368,sta_01,5382,131,-61.2,36,2692,synthetic_telemetry
53.819717,sta_02,5383,132,-53.5,36,2692,synthetic_telemetry
53.839572,sta_02,5385,139,-75.0,36,2693,synthetic_telemetry
53.84009,sta_01,5384,121,-55.2,36,2693,synthetic_telemetry
53.859515,sta_02,5387,118,-72.1,36,2694,synthetic_telemetry
53.860532,sta_01,5386,126,-68.4,36,2694,synthetic_telemetry
53.879415,sta_01,5388,138,-64.7,36,2695,synthetic_telemetry
53.879757,sta_02,5389,129,-53.1,36,2695,synthetic_telemetry
53.899081,sta_01,5390,127,-50.1,36,2696,synthetic_telemetry
53.900986,sta_02,5391,126,-52.1,36,2696,synthetic_telemetry
53.919025,sta_01,5392,142,-59.5,36,2697,synthetic_telemetry
53.92071,sta_02,5393,142,-56.0,36,2697,synthetic_telemetry
53.939109,sta_02,5395,138,-60.0,36,2698,synthetic_telemetry
53.93976,sta_01,5394,122,-58.5,36,2698,synthetic_telemetry
53.95989,sta_02,5397,129,-53.5,36,2699,synthetic_telemetry
53.9602,sta_01,5396,118,-59.9,36,2699,synthetic_telemetry
53.979201,sta_01,5398,125,-71.6,36,2700,synthetic_telemetry
53.98076,sta_02,5399,129,-71.2,36,2700,synthetic_telemetry
53.999643,sta_01,5400,138,-65.8,36,2701,synthetic_telemetry
53.99974,sta_02,5401,119,-48.1,36,2701,synthetic_telemetry
54.019625,sta_01,5402,131,-58.3,36,2702,synthetic_telemetry
54.020618,sta_02,5403,131,-55.2,36,2702,synthetic_telemetry
54.039472,sta_02,5405,116,-60.0,36,2703,synthetic_telemetry
54.04077,sta_01,5404,137,-65.5,36,2703,synthetic_telemetry
54.059376,sta_02,5407,132,-56.3,36,2704,synthetic_telemetry
54.060871,sta_01,5406,124,-64.6,36,2704,synthetic_telemetry
54.079467,sta_02,5409,126,-59.5,36,2705,synthetic_telemetry
54.079708,sta_01,5408,118,-63.6,36,2705,synthetic_telemetry
54.099632,sta_02,5411,125,-61.9,36,2706,synthetic_telemetry
54.100035,sta_01,5410,132,-60.4,36,2706,synthetic_telemetry
54.119927,sta_01,5412,134,-47.1,36,2707,synthetic_telemetry
54.1205,sta_02,5413,128,-66.2,36,2707,synthetic_telemetry
54.139672,sta_02,5415,134,-55.5,36,2708,synthetic_telemetry
54.140774,sta_01,5414,125,-66.1,36,2708,synthetic_telemetry
54.159078,sta_02,5417,125,-71.5,36,2709,synthetic_telemetry
54.160559,sta_01,5416,130,-51.6,36,2709,synthetic_telemetry
54.17968,sta_01,5418,128,-68.8,36,2710,synthetic_telemetry
54.180423,sta_02,5419,123,-66.8,36,2710,synthetic_telemetry
54.199003,sta_01,5420,124,-73.4,36,2711,synthetic_telemetry
54.200608,sta_02,5421,121,-57.4,36,2711,synthetic_telemetry
54.219231,sta_01,5422,130,-64.2,36,2712,synthetic_telemetry
54.219531,sta_02,5423,137,-46.1,36,2712,synthetic_telemetry
54.240153,sta_02,5425,120,-58.9,36,2713,synthetic_telemetry
54.240459,sta_01,5424,127,-59.8,36,2713,synthetic_telemetry
54.259216,sta_02,5427,124,-59.8,36,2714,synthetic_telemetry
54.259606,sta_01,5426,132,-63.8,36,2714,synthetic_telemetry
54.279084,sta_02,5429,134,-45.6,36,2715,synthetic_telemetry
54.279094,sta_01,5428,132,-52.5,36,2715,synthetic_telemetry
54.299679,sta_02,5431,115,-57.7,36,2716,synthetic_telemetry
54.300433,sta_01,5430,138,-71.5,36,2716,synthetic_telemetry
54.319098,sta_01,5432,125,-50.6,36,2717,synthetic_telemetry
54.319622,sta_02,5433,135,-60.8,36,2717,synthetic_telemetry
54.339764,sta_02,5435,119,-48.7,36,2718,synthetic_telemetry
54.340695,sta_01,5434,130,-47.5,36,2718,synthetic_telemetry
54.35959,sta_02,5437,123,-47.2,36,2719,synthetic_telemetry
54.360498,sta_01,5436,134,-46.0,36,2719,synthetic_telemetry
54.380454,sta_02,5439,127,-63.4,36,2720,synthetic_telemetry
54.380713,sta_01,5438,136,-54.8,36,2720,synthetic_telemetry
54.399956,sta_02,5441,127,-68.6,36,2721,synthetic_telemetry
54.400305,sta_01,5440,123,-57.4,36,2721,synthetic_telemetry
54.419108,sta_01,5442,122,-52.9,36,2722,synthetic_telemetry
54.420307,sta_02,5443,130,-48.1,36,2722,synthetic_telemetry
54.440307,sta_01,5444,131,-69.2,36,2723,synthetic_telemetry
54.440683,sta_02,5445,126,-63.6,36,2723,synthetic_telemetry
54.459374,sta_01,5446,125,-51.4,36,2724,synthetic_telemetry
54.459883,sta_02,5447,129,-71.0,36,2724,synthetic_telemetry
54.479091,sta_02,5449,130,-56.0,36,2725,synthetic_telemetry
54.480463,sta_01,5448,128,-74.8,36,2725,synthetic_telemetry
54.500136,sta_02,5451,118,-68.2,36,2726,synthetic_telemetry
54.500448,sta_01,5450,138,-72.0,36,2726,synthetic_telemetry
54.520689,sta_02,5453,127,-50.4,36,2727,synthetic_telemetry
54.520866,sta_01,5452,128,-59.8,36,2727,synthetic_telemetry
54.54043,sta_02,5455,134,-47.5,36,2728,synthetic_telemetry
54.54082,sta_01,5454,124,-65.9,36,2728,synthetic_telemetry
54.559626,sta_01,5456,133,-50.7,36,2729,synthetic_telemetry
54.560262,sta_02,5457,131,-51.9,36,2729,synthetic_telemetry
54.580205,sta_02,5459,121,-60.3,36,2730,synthetic_telemetry
54.580538,sta_01,5458,122,-56.7,36,2730,synthetic_telemetry
54.599648,sta_02,5461,137,-48.4,36,2731,synthetic_telemetry
54.600256,sta_01,5460,134,-59.9,36,2731,synthetic_telemetry
54.619809,sta_02,5463,129,-48.7,36,2732,synthetic_telemetry
54.619905,sta_01,5462,126,-68.7,36,2732,synthetic_telemetry
54.639728,sta_02,5465,126,-57.2,36,2733,synthetic_telemetry
54.640186,sta_01,5464,118,-72.3,36,2733,synthetic_telemetry
54.659863,sta_01,5466,132,-73.7,36,2734,synthetic_telemetry
54.660457,sta_02,5467,138,-74.9,36,2734,synthetic_telemetry
54.679318,sta_02,5469,128,-68.1,36,2735,synthetic_telemetry
54.679916,sta_01,5468,135,-59.7,36,2735,synthetic_telemetry
54.699797,sta_02,5471,130,-51.2,36,2736,synthetic_telemetry
54.699831,sta_01,5470,131,-71.3,36,2736,synthetic_telemetry
54.720043,sta_01,5472,118,-49.2,36,2737,synthetic_telemetry
54.720353,sta_02,5473,128,-45.2,36,2737,synthetic_telemetry
54.739958,sta_01,5474,138,-58.0,36,2738,synthetic_telemetry
54.740373,sta_02,5475,124,-72.7,36,2738,synthetic_telemetry
54.75981,sta_02,5477,131,-47.9,36,2739,synthetic_telemetry
54.759832,sta_01,5476,130,-47.1,36,2739,synthetic_telemetry
54.779489,sta_02,5479,123,-69.7,36,2740,synthetic_telemetry
54.780609,sta_01,5478,114,-60.1,36,2740,synthetic_telemetry
54.800562,sta_02,5481,119,-74.7,36,2741,synthetic_telemetry
54.800868,sta_01,5480,138,-71.2,36,2741,synthetic_telemetry
54.819666,sta_02,5483,129,-61.3,36,2742,synthetic_telemetry
54.820258,sta_01,5482,126,-53.2,36,2742,synthetic_telemetry
54.840639,sta_02,5485,130,-59.6,36,2743,synthetic_telemetry
54.840939,sta_01,5484,125,-55.5,36,2743,synthetic_telemetry
54.859076,sta_02,5487,126,-74.9,36,2744,synthetic_telemetry
54.859627,sta_01,5486,124,-59.6,36,2744,synthetic_telemetry
54.880057,sta_01,5488,118,-47.9,36,2745,synthetic_telemetry
54.880934,sta_02,5489,129,-46.2,36,2745,synthetic_telemetry
54.900125,sta_02,5491,135,-58.9,36,2746,synthetic_telemetry
54.900935,sta_01,5490,123,-71.3,36,2746,synthetic_telemetry
54.91935,sta_01,5492,129,-52.0,36,2747,synthetic_telemetry
54.920857,sta_02,5493,122,-56.7,36,2747,synthetic_telemetry
54.940361,sta_02,5495,109,-67.5,36,2748,synthetic_telemetry
54.940867,sta_01,5494,133,-70.9,36,2748,synthetic_telemetry
54.960137,sta_01,5496,127,-66.7,36,2749,synthetic_telemetry
54.960465,sta_02,5497,136,-47.9,36,2749,synthetic_telemetry
54.980175,sta_02,5499,134,-68.4,36,2750,synthetic_telemetry
54.98042,sta_01,5498,133,-59.9,36,2750,synthetic_telemetry
55.000772,sta_01,5500,125,-55.5,36,2751,synthetic_telemetry
55.000856,sta_02,5501,126,-73.7,36,2751,synthetic_telemetry
55.019336,sta_01,5502,135,-74.5,36,2752,synthetic_telemetry
55.020337,sta_02,5503,115,-59.0,36,2752,synthetic_telemetry
55.039495,sta_01,5504,124,-69.2,36,2753,synthetic_telemetry
55.040008,sta_02,5505,125,-68.7,36,2753,synthetic_telemetry
55.059395,sta_01,5506,124,-73.8,36,2754,synthetic_telemetry
55.060911,sta_02,5507,133,-49.4,36,2754,synthetic_telemetry
55.079922,sta_02,5509,128,-53.1,36,2755,synthetic_telemetry
55.080118,sta_01,5508,131,-61.4,36,2755,synthetic_telemetry
55.099594,sta_02,5511,129,-72.5,36,2756,synthetic_telemetry
55.100741,sta_01,5510,133,-57.9,36,2756,synthetic_telemetry
55.119714,sta_02,5513,140,-69.0,36,2757,synthetic_telemetry
55.120724,sta_01,5512,121,-73.5,36,2757,synthetic_telemetry
55.139925,sta_01,5514,124,-57.7,36,2758,synthetic_telemetry
55.140648,sta_02,5515,127,-65.7,36,2758,synthetic_telemetry
55.160179,sta_02,5517,124,-59.4,36,2759,synthetic_telemetry
55.16057,sta_01,5516,124,-69.8,36,2759,synthetic_telemetry
55.179075,sta_02,5519,124,-55.1,36,2760,synthetic_telemetry
55.179995,sta_01,5518,127,-70.8,36,2760,synthetic_telemetry
55.200169,sta_02,5521,133,-67.4,36,2761,synthetic_telemetry
55.200252,sta_01,5520,128,-62.8,36,2761,synthetic_telemetry
55.220591,sta_01,5522,127,-58.8,36,2762,synthetic_telemetry
55.220947,sta_02,5523,115,-56.1,36,2762,synthetic_telemetry
55.239064,sta_01,5524,126,-59.8,36,2763,synthetic_telemetry
55.240792,sta_02,5525,123,-51.7,36,2763,synthetic_telemetry
55.259958,sta_01,5526,122,-69.7,36,2764,synthetic_telemetry
55.26024,sta_02,5527,132,-60.4,36,2764,synthetic_telemetry
55.279847,sta_01,5528,136,-57.0,36,2765,synthetic_telemetry
55.280007,sta_02,5529,131,-66.5,36,2765,synthetic_telemetry
55.29902,sta_02,5531,121,-56.6,36,2766,synthetic_telemetry
55.300773,sta_01,5530,139,-53.0,36,2766,synthetic_telemetry
55.319209,sta_01,5532,125,-59.2,36,2767,synthetic_telemetry
55.319888,sta_02,5533,125,-56.0,36,2767,synthetic_telemetry
55.339638,sta_02,5535,135,-56.4,36,2768,synthetic_telemetry
55.339765,sta_01,5534,131,-58.7,36,2768,synthetic_telemetry
55.359413,sta_01,5536,124,-63.8,36,2769,synthetic_telemetry
55.360686,sta_02,5537,132,-46.1,36,2769,synthetic_telemetry
55.379461,sta_02,5539,112,-60.5,36,2770,synthetic_telemetry
55.379927,sta_01,5538,115,-45.6,36,2770,synthetic_telemetry
55.399585,sta_02,5541,133,-67.8,36,2771,synthetic_telemetry
55.399706,sta_01,5540,125,-58.5,36,2771,synthetic_telemetry
55.419366,sta_01,5542,135,-63.1,36,2772,synthetic_telemetry
55.42046,sta_02,5543,131,-56.5,36,2772,synthetic_telemetry
55.440289,sta_02,5545,126,-53.2,36,2773,synthetic_telemetry
55.440416,sta_01,5544,129,-71.1,36,2773,synthetic_telemetry
55.459281,sta_02,5547,120,-74.5,36,2774,synthetic_telemetry
55.460665,sta_01,5546,130,-66.2,36,2774,synthetic_telemetry
55.479069,sta_02,5549,123,-62.1,36,2775,synthetic_telemetry
55.480388,sta_01,5548,128,-72.8,36,2775,synthetic_telemetry
55.49966,sta_02,5551,127,-53.1,36,2776,synthetic_telemetry
55.499889,sta_01,5550,127,-74.8,36,2776,synthetic_telemetry
55.519357,sta_01,5552,125,-54.2,36,2777,synthetic_telemetry
55.519791,sta_02,5553,137,-52.3,36,2777,synthetic_telemetry
55.53969,sta_02,5555,131,-49.7,36,2778,synthetic_telemetry
55.540079,sta_01,5554,125,-70.5,36,2778,synthetic_telemetry
55.560513,sta_02,5557,131,-52.2,36,2779,synthetic_telemetry
55.560856,sta_01,5556,122,-69.9,36,2779,synthetic_telemetry
55.580709,sta_01,5558,125,-62.4,36,2780,synthetic_telemetry
55.580811,sta_02,5559,127,-73.5,36,2780,synthetic_telemetry
55.599229,sta_02,5561,135,-55.5,36,2781,synthetic_telemetry
55.599964,sta_01,5560,119,-45.5,36,2781,synthetic_telemetry
55.619693,sta_02,5563,136,-70.6,36,2782,synthetic_telemetry
55.620769,sta_01,5562,130,-54.3,36,2782,synthetic_telemetry
55.639635,sta_01,5564,128,-45.4,36,2783,synthetic_telemetry
55.640378,sta_02,5565,124,-49.3,36,2783,synthetic_telemetry
55.659663,sta_01,5566,129,-69.3,36,2784,synthetic_telemetry
55.660425,sta_02,5567,138,-50.2,36,2784,synthetic_telemetry
55.67904,sta_02,5569,119,-69.0,36,2785,synthetic_telemetry
55.680555,sta_01,5568,129,-62.0,36,2785,synthetic_telemetry
55.700073,sta_02,5571,129,-53.4,36,2786,synthetic_telemetry
55.700755,sta_01,5570,127,-68.0,36,2786,synthetic_telemetry
55.719935,sta_02,5573,126,-70.9,36,2787,synthetic_telemetry
55.720623,sta_01,5572,130,-54.7,36,2787,synthetic_telemetry
55.739837,sta_02,5575,131,-47.4,36,2788,synthetic_telemetry
55.740865,sta_01,5574,120,-57.4,36,2788,synthetic_telemetry
55.759392,sta_01,5576,125,-49.1,36,2789,synthetic_telemetry
55.760084,sta_02,5577,122,-45.2,36,2789,synthetic_telemetry
55.779997,sta_01,5578,126,-62.9,36,2790,synthetic_telemetry
55.780603,sta_02,5579,128,-61.6,36,2790,synthetic_telemetry
55.799084,sta_02,5581,127,-62.9,36,2791,synthetic_telemetry
55.800386,sta_01,5580,120,-71.7,36,2791,synthetic_telemetry
55.819864,sta_02,5583,123,-47.1,36,2792,synthetic_telemetry
55.819964,sta_01,5582,138,-54.4,36,2792,synthetic_telemetry
55.839368,sta_02,5585,120,-52.8,36,2793,synthetic_telemetry
55.840009,sta_01,5584,123,-55.5,36,2793,synthetic_telemetry
55.859821,sta_01,5586,129,-64.6,36,2794,synthetic_telemetry
55.860181,sta_02,5587,125,-72.1,36,2794,synthetic_telemetry
55.880335,sta_01,5588,125,-73.1,36,2795,synthetic_telemetry
55.880553,sta_02,5589,126,-58.6,36,2795,synthetic_telemetry
55.899565,sta_02,5591,124,-61.6,36,2796,synthetic_telemetry
55.900604,sta_01,5590,131,-55.1,36,2796,synthetic_telemetry
55.919365,sta_01,5592,130,-65.2,36,2797,synthetic_telemetry
55.920275,sta_02,5593,150,-74.7,36,2797,synthetic_telemetry
55.940531,sta_01,5594,126,-56.3,36,2798,synthetic_telemetry
55.940764,sta_02,5595,122,-47.1,36,2798,synthetic_telemetry
55.959356,sta_01,5596,136,-55.7,36,2799,synthetic_telemetry
55.960379,sta_02,5597,134,-51.4,36,2799,synthetic_telemetry
55.979603,sta_01,5598,132,-48.4,36,2800,synthetic_telemetry
55.980604,sta_02,5599,131,-56.8,36,2800,synthetic_telemetry
55.99993,sta_02,5601,117,-69.2,36,2801,synthetic_telemetry
56.000122,sta_01,5600,141,-59.6,36,2801,synthetic_telemetry
56.019705,sta_01,5602,124,-54.7,36,2802,synthetic_telemetry
56.02046,sta_02,5603,126,-57.7,36,2802,synthetic_telemetry
56.039669,sta_01,5604,136,-74.5,36,2803,synthetic_telemetry
56.040049,sta_02,5605,123,-67.4,36,2803,synthetic_telemetry
56.06075,sta_02,5607,125,-60.8,36,2804,synthetic_telemetry
56.060917,sta_01,5606,131,-59.7,36,2804,synthetic_telemetry
56.079436,sta_01,5608,124,-66.9,36,2805,synthetic_telemetry
56.080088,sta_02,5609,132,-59.9,36,2805,synthetic_telemetry
56.09922,sta_02,5611,122,-59.5,36,2806,synthetic_telemetry
56.099547,sta_01,5610,116,-73.7,36,2806,synthetic_telemetry
56.119435,sta_02,5613,141,-69.9,36,2807,synthetic_telemetry
56.120895,sta_01,5612,123,-72.2,36,2807,synthetic_telemetry
56.140389,sta_02,5615,128,-53.4,36,2808,synthetic_telemetry
56.140642,sta_01,5614,125,-66.9,36,2808,synthetic_telemetry
56.160889,sta_01,5616,126,-52.5,36,2809,synthetic_telemetry
56.160966,sta_02,5617,128,-63.5,36,2809,synthetic_telemetry
56.179764,sta_02,5619,129,-62.5,36,2810,synthetic_telemetry
56.180195,sta_01,5618,125,-55.6,36,2810,synthetic_telemetry
56.19972,sta_02,5621,145,-63.0,36,2811,synthetic_telemetry
56.200276,sta_01,5620,117,-70.1,36,2811,synthetic_telemetry
56.219141,sta_01,5622,129,-65.5,36,2812,synthetic_telemetry
56.220372,sta_02,5623,124,-47.6,36,2812,synthetic_telemetry
56.240693,sta_02,5625,125,-53.8,36,2813,synthetic_telemetry
56.240783,sta_01,5624,126,-59.5,36,2813,synthetic_telemetry
56.259006,sta_02,5627,133,-58.7,36,2814,synthetic_telemetry
56.259808,sta_01,5626,118,-74.9,36,2814,synthetic_telemetry
56.279564,sta_01,5628,128,-65.1,36,2815,synthetic_telemetry
56.279723,sta_02,5629,124,-70.5,36,2815,synthetic_telemetry
56.300145,sta_02,5631,124,-62.5,36,2816,synthetic_telemetry
56.300533,sta_01,5630,123,-65.2,36,2816,synthetic_telemetry
56.319697,sta_01,5632,130,-65.7,36,2817,synthetic_telemetry
56.32005,sta_02,5633,132,-60.0,36,2817,synthetic_telemetry
56.340382,sta_01,5634,127,-67.9,36,2818,synthetic_telemetry
56.340394,sta_02,5635,125,-50.7,36,2818,synthetic_telemetry
56.359593,sta_02,5637,126,-58.0,36,2819,synthetic_telemetry
56.360125,sta_01,5636,135,-54.4,36,2819,synthetic_telemetry
56.379003,sta_01,5638,134,-54.6,36,2820,synthetic_telemetry
56.380872,sta_02,5639,119,-65.4,36,2820,synthetic_telemetry
56.400363,sta_01,5640,130,-58.1,36,2821,synthetic_telemetry
56.400554,sta_02,5641,122,-52.5,36,2821,synthetic_telemetry
56.42007,sta_02,5643,117,-50.7,36,2822,synthetic_telemetry
56.420831,sta_01,5642,118,-51.5,36,2822,synthetic_telemetry
56.439607,sta_02,5645,130,-70.0,36,2823,synthetic_telemetry
56.439973,sta_01,5644,113,-70.9,36,2823,synthetic_telemetry
56.4598,sta_01,5646,127,-45.5,36,2824,synthetic_telemetry
56.459889,sta_02,5647,117,-54.7,36,2824,synthetic_telemetry
56.479855,sta_02,5649,138,-68.0,36,2825,synthetic_telemetry
56.480552,sta_01,5648,125,-45.3,36,2825,synthetic_telemetry
56.499942,sta_01,5650,132,-67.7,36,2826,synthetic_telemetry
56.50055,sta_02,5651,110,-61.0,36,2826,synthetic_telemetry
56.519779,sta_02,5653,124,-54.5,36,2827,synthetic_telemetry
56.520072,sta_01,5652,122,-45.4,36,2827,synthetic_telemetry
56.539504,sta_01,5654,138,-68.7,36,2828,synthetic_telemetry
56.539999,sta_02,5655,119,-72.5,36,2828,synthetic_telemetry
56.559193,sta_02,5657,118,-72.7,36,2829,synthetic_telemetry
56.559605,sta_01,5656,130,-60.2,36,2829,synthetic_telemetry
56.579076,sta_02,5659,132,-61.1,36,2830,synthetic_telemetry
56.580387,sta_01,5658,115,-50.7,36,2830,synthetic_telemetry
56.600003,sta_01,5660,124,-72.0,36,2831,synthetic_telemetry
56.600521,sta_02,5661,134,-71.0,36,2831,synthetic_telemetry
56.619575,sta_02,5663,129,-57.4,36,2832,synthetic_telemetry
56.620632,sta_01,5662,143,-73.4,36,2832,synthetic_telemetry
56.639978,sta_01,5664,125,-67.3,36,2833,synthetic_telemetry
56.639986,sta_02,5665,127,-64.8,36,2833,synthetic_telemetry
56.659044,sta_02,5667,125,-49.0,36,2834,synthetic_telemetry
56.65985,sta_01,5666,132,-53.6,36,2834,synthetic_telemetry
56.679766,sta_02,5669,122,-58.5,36,2835,synthetic_telemetry
56.680431,sta_01,5668,133,-56.8,36,2835,synthetic_telemetry
56.700815,sta_01,5670,131,-68.4,36,2836,synthetic_telemetry
56.700932,sta_02,5671,139,-45.9,36,2836,synthetic_telemetry
56.720036,sta_02,5673,125,-51.8,36,2837,synthetic_telemetry
56.720914,sta_01,5672,123,-74.9,36,2837,synthetic_telemetry
56.739878,sta_02,5675,124,-56.2,36,2838,synthetic_telemetry
56.740243,sta_01,5674,133,-67.5,36,2838,synthetic_telemetry
56.759549,sta_01,5676,128,-47.0,36,2839,synthetic_telemetry
56.760937,sta_02,5677,116,-47.2,36,2839,synthetic_telemetry
56.780323,sta_01,5678,132,-72.3,36,2840,synthetic_telemetry
56.780979,sta_02,5679,127,-56.0,36,2840,synthetic_telemetry
56.799298,sta_01,5680,110,-59.2,36,2841,synthetic_telemetry
56.800403,sta_02,5681,128,-48.0,36,2841,synthetic_telemetry
56.820662,sta_01,5682,123,-63.2,36,2842,synthetic_telemetry
56.820931,sta_02,5683,120,-55.1,36,2842,synthetic_telemetry
56.839889,sta_01,5684,132,-54.6,36,2843,synthetic_telemetry
56.840628,sta_02,5685,131,-54.2,36,2843,synthetic_telemetry
56.860215,sta_02,5687,125,-60.6,36,2844,synthetic_telemetry
56.86058,sta_01,5686,127,-63.8,36,2844,synthetic_telemetry
56.879046,sta_01,5688,123,-59.2,36,2845,synthetic_telemetry
56.880332,sta_02,5689,135,-49.1,36,2845,synthetic_telemetry
56.899118,sta_01,5690,129,-55.8,36,2846,synthetic_telemetry
56.8998,sta_02,5691,136,-57.5,36,2846,synthetic_telemetry
56.919371,sta_02,5693,127,-68.2,36,2847,synthetic_telemetry
56.920038,sta_01,5692,138,-53.9,36,2847,synthetic_telemetry
56.939327,sta_02,5695,129,-59.2,36,2848,synthetic_telemetry
56.940534,sta_01,5694,140,-54.6,36,2848,synthetic_telemetry
56.959292,sta_02,5697,130,-61.7,36,2849,synthetic_telemetry
56.960862,sta_01,5696,126,-46.6,36,2849,synthetic_telemetry
56.979613,sta_02,5699,131,-56.3,36,2850,synthetic_telemetry
56.979869,sta_01,5698,127,-65.5,36,2850,synthetic_telemetry
56.999088,sta_01,5700,128,-53.0,36,2851,synthetic_telemetry
56.999949,sta_02,5701,128,-67.8,36,2851,synthetic_telemetry
57.020134,sta_01,5702,124,-59.9,36,2852,synthetic_telemetry
57.020535,sta_02,5703,134,-54.1,36,2852,synthetic_telemetry
57.039315,sta_02,5705,120,-50.7,36,2853,synthetic_telemetry
57.040458,sta_01,5704,126,-72.2,36,2853,synthetic_telemetry
57.059899,sta_02,5707,139,-52.5,36,2854,synthetic_telemetry
57.060245,sta_01,5706,132,-71.0,36,2854,synthetic_telemetry
57.080084,sta_02,5709,120,-65.2,36,2855,synthetic_telemetry
57.080116,sta_01,5708,123,-53.5,36,2855,synthetic_telemetry
57.099812,sta_02,5711,121,-63.4,36,2856,synthetic_telemetry
57.100862,sta_01,5710,129,-55.5,36,2856,synthetic_telemetry
57.119328,sta_01,5712,125,-50.1,36,2857,synthetic_telemetry
57.120143,sta_02,5713,126,-57.3,36,2857,synthetic_telemetry
57.139279,sta_01,5714,131,-46.0,36,2858,synthetic_telemetry
57.139782,sta_02,5715,120,-50.1,36,2858,synthetic_telemetry
57.159534,sta_01,5716,128,-59.5,36,2859,synthetic_telemetry
57.159708,sta_02,5717,117,-65.1,36,2859,synthetic_telemetry
57.179261,sta_02,5719,132,-61.1,36,2860,synthetic_telemetry
57.179344,sta_01,5718,120,-69.9,36,2860,synthetic_telemetry
57.199078,sta_02,5721,126,-67.5,36,2861,synthetic_telemetry
57.199207,sta_01,5720,124,-68.7,36,2861,synthetic_telemetry
57.219999,sta_02,5723,129,-48.6,36,2862,synthetic_telemetry
57.22069,sta_01,5722,129,-59.0,36,2862,synthetic_telemetry
57.239082,sta_02,5725,128,-45.8,36,2863,synthetic_telemetry
57.240029,sta_01,5724,135,-64.3,36,2863,synthetic_telemetry
57.259036,sta_01,5726,126,-62.2,36,2864,synthetic_telemetry
57.259633,sta_02,5727,124,-71.7,36,2864,synthetic_telemetry
57.279687,sta_02,5729,127,-73.6,36,2865,synthetic_telemetry
57.28044,sta_01,5728,134,-45.8,36,2865,synthetic_telemetry
57.299257,sta_02,5731,119,-67.1,36,2866,synthetic_telemetry
57.300413,sta_01,5730,122,-62.5,36,2866,synthetic_telemetry
57.319606,sta_02,5733,133,-67.8,36,2867,synthetic_telemetry
57.319858,sta_01,5732,131,-53.2,36,2867,synthetic_telemetry
57.340514,sta_02,5735,130,-47.4,36,2868,synthetic_telemetry
57.340944,sta_01,5734,127,-48.6,36,2868,synthetic_telemetry
57.359177,sta_02,5737,119,-72.8,36,2869,synthetic_telemetry
57.360333,sta_01,5736,137,-57.3,36,2869,synthetic_telemetry
57.379003,sta_01,5738,119,-55.9,36,2870,synthetic_telemetry
57.379985,sta_02,5739,129,-45.7,36,2870,synthetic_telemetry
57.399622,sta_02,5741,128,-47.6,36,2871,synthetic_telemetry
57.400977,sta_01,5740,140,-46.1,36,2871,synthetic_telemetry
57.419359,sta_02,5743,121,-68.5,36,2872,synthetic_telemetry
57.42062,sta_01,5742,113,-57.3,36,2872,synthetic_telemetry
57.440004,sta_02,5745,132,-73.8,36,2873,synthetic_telemetry
57.440012,sta_01,5744,132,-68.1,36,2873,synthetic_telemetry
57.459568,sta_01,5746,125,-47.5,36,2874,synthetic_telemetry
57.460292,sta_02,5747,140,-63.7,36,2874,synthetic_telemetry
57.480622,sta_02,5749,118,-70.7,36,2875,synthetic_telemetry
57.480865,sta_01,5748,126,-66.7,36,2875,synthetic_telemetry
57.499768,sta_02,5751,120,-68.7,36,2876,synthetic_telemetry
57.499792,sta_01,5750,120,-57.4,36,2876,synthetic_telemetry
57.519086,sta_02,5753,117,-54.2,36,2877,synthetic_telemetry
57.519874,sta_01,5752,125,-70.5,36,2877,synthetic_telemetry
57.539181,sta_01,5754,133,-69.7,36,2878,synthetic_telemetry
57.539342,sta_02,5755,124,-48.3,36,2878,synthetic_telemetry
57.559638,sta_01,5756,130,-73.3,36,2879,synthetic_telemetry
57.56027,sta_02,5757,119,-65.7,36,2879,synthetic_telemetry
57.580134,sta_02,5759,122,-51.3,36,2880,synthetic_telemetry
57.580305,sta_01,5758,125,-52.2,36,2880,synthetic_telemetry
57.599499,sta_01,5760,123,-55.7,36,2881,synthetic_telemetry
57.599796,sta_02,5761,129,-59.4,36,2881,synthetic_telemetry
57.619946,sta_01,5762,127,-52.7,36,2882,synthetic_telemetry
57.620343,sta_02,5763,126,-49.6,36,2882,synthetic_telemetry
57.639852,sta_01,5764,132,-51.8,36,2883,synthetic_telemetry
57.64084,sta_02,5765,121,-73.7,36,2883,synthetic_telemetry
57.659343,sta_01,5766,122,-49.2,36,2884,synthetic_telemetry
57.659808,sta_02,5767,126,-55.5,36,2884,synthetic_telemetry
57.679096,sta_01,5768,126,-66.8,36,2885,synthetic_telemetry
57.679543,sta_02,5769,121,-52.3,36,2885,synthetic_telemetry
57.699176,sta_01,5770,115,-56.9,36,2886,synthetic_telemetry
57.700457,sta_02,5771,125,-56.8,36,2886,synthetic_telemetry
57.719682,sta_01,5772,126,-70.4,36,2887,synthetic_telemetry
57.720806,sta_02,5773,132,-67.1,36,2887,synthetic_telemetry
57.739928,sta_02,5775,134,-53.5,36,2888,synthetic_telemetry
57.74011,sta_01,5774,119,-50.0,36,2888,synthetic_telemetry
57.759294,sta_01,5776,112,-72.0,36,2889,synthetic_telemetry
57.75936,sta_02,5777,136,-68.3,36,2889,synthetic_telemetry
57.780426,sta_01,5778,119,-67.9,36,2890,synthetic_telemetry
57.780693,sta_02,5779,138,-74.1,36,2890,synthetic_telemetry
57.800162,sta_02,5781,125,-53.6,36,2891,synthetic_telemetry
57.800931,sta_01,5780,124,-46.1,36,2891,synthetic_telemetry
57.819669,sta_02,5783,136,-69.2,36,2892,synthetic_telemetry
57.820082,sta_01,5782,120,-57.9,36,2892,synthetic_telemetry
57.839757,sta_02,5785,128,-72.8,36,2893,synthetic_telemetry
57.839955,sta_01,5784,137,-54.2,36,2893,synthetic_telemetry
57.859158,sta_02,5787,124,-70.1,36,2894,synthetic_telemetry
57.860344,sta_01,5786,131,-65.0,36,2894,synthetic_telemetry
57.880512,sta_02,5789,128,-58.2,36,2895,synthetic_telemetry
57.880955,sta_01,5788,123,-57.7,36,2895,synthetic_telemetry
57.900413,sta_02,5791,124,-66.5,36,2896,synthetic_telemetry
57.900737,sta_01,5790,125,-57.1,36,2896,synthetic_telemetry
57.919133,sta_02,5793,123,-48.7,36,2897,synthetic_telemetry
57.919701,sta_01,5792,133,-67.9,36,2897,synthetic_telemetry
57.939204,sta_02,5795,131,-67.5,36,2898,synthetic_telemetry
57.940186,sta_01,5794,124,-48.4,36,2898,synthetic_telemetry
57.959661,sta_01,5796,133,-70.2,36,2899,synthetic_telemetry
57.960116,sta_02,5797,119,-73.9,36,2899,synthetic_telemetry
57.979248,sta_02,5799,122,-48.7,36,2900,synthetic_telemetry
57.980231,sta_01,5798,131,-70.9,36,2900,synthetic_telemetry
58.000139,sta_01,5800,131,-48.0,36,2901,synthetic_telemetry
58.000396,sta_02,5801,122,-66.0,36,2901,synthetic_telemetry
58.019186,sta_02,5803,125,-63.8,36,2902,synthetic_telemetry
58.020397,sta_01,5802,127,-62.1,36,2902,synthetic_telemetry
58.039023,sta_02,5805,127,-49.6,36,2903,synthetic_telemetry
58.03975,sta_01,5804,123,-69.9,36,2903,synthetic_telemetry
58.059037,sta_01,5806,128,-72.3,36,2904,synthetic_telemetry
58.059423,sta_02,5807,120,-69.8,36,2904,synthetic_telemetry
58.080336,sta_02,5809,131,-55.7,36,2905,synthetic_telemetry
58.080409,sta_01,5808,123,-65.5,36,2905,synthetic_telemetry
58.09992,sta_02,5811,119,-55.0,36,2906,synthetic_telemetry
58.100801,sta_01,5810,138,-58.4,36,2906,synthetic_telemetry
58.11936,sta_02,5813,127,-51.1,36,2907,synthetic_telemetry
58.120118,sta_01,5812,125,-58.1,36,2907,synthetic_telemetry
58.139061,sta_01,5814,126,-67.9,36,2908,synthetic_telemetry
58.139463,sta_02,5815,128,-54.3,36,2908,synthetic_telemetry
58.159452,sta_01,5816,124,-55.4,36,2909,synthetic_telemetry
58.160206,sta_02,5817,127,-64.2,36,2909,synthetic_telemetry
58.179559,sta_01,5818,121,-61.5,36,2910,synthetic_telemetry
58.180386,sta_02,5819,129,-59.9,36,2910,synthetic_telemetry
58.200418,sta_01,5820,128,-50.0,36,2911,synthetic_telemetry
58.200542,sta_02,5821,126,-56.4,36,2911,synthetic_telemetry
58.219107,sta_01,5822,123,-53.7,36,2912,synthetic_telemetry
58.21948,sta_02,5823,121,-74.4,36,2912,synthetic_telemetry
58.239418,sta_01,5824,134,-74.5,36,2913,synthetic_telemetry
58.240167,sta_02,5825,123,-68.1,36,2913,synthetic_telemetry
58.259562,sta_01,5826,135,-54.6,36,2914,synthetic_telemetry
58.260834,sta_02,5827,129,-70.0,36,2914,synthetic_telemetry
58.280064,sta_01,5828,119,-55.0,36,2915,synthetic_telemetry
58.280072,sta_02,5829,131,-64.6,36,2915,synthetic_telemetry
58.300083,sta_02,5831,129,-74.3,36,2916,synthetic_telemetry
58.300546,sta_01,5830,129,-60.7,36,2916,synthetic_telemetry
58.319267,sta_01,5832,119,-57.2,36,2917,synthetic_telemetry
58.320767,sta_02,5833,123,-51.4,36,2917,synthetic_telemetry
58.340089,sta_02,5835,119,-55.7,36,2918,synthetic_telemetry
58.340876,sta_01,5834,127,-71.6,36,2918,synthetic_telemetry
58.359344,sta_02,5837,133,-49.8,36,2919,synthetic_telemetry
58.36058,sta_01,5836,122,-58.5,36,2919,synthetic_telemetry
58.38056,sta_01,5838,129,-60.0,36,2920,synthetic_telemetry
58.380868,sta_02,5839,122,-63.5,36,2920,synthetic_telemetry
58.399712,sta_01,5840,138,-51.1,36,2921,synthetic_telemetry
58.400216,sta_02,5841,124,-59.2,36,2921,synthetic_telemetry
58.420423,sta_02,5843,138,-53.5,36,2922,synthetic_telemetry
58.420504,sta_01,5842,133,-53.6,36,2922,synthetic_telemetry
58.440271,sta_01,5844,115,-47.3,36,2923,synthetic_telemetry
58.440838,sta_02,5845,133,-55.0,36,2923,synthetic_telemetry
58.459985,sta_02,5847,137,-50.6,36,2924,synthetic_telemetry
58.460425,sta_01,5846,123,-45.9,36,2924,synthetic_telemetry
58.479145,sta_02,5849,127,-62.0,36,2925,synthetic_telemetry
58.480883,sta_01,5848,126,-55.8,36,2925,synthetic_telemetry
58.500321,sta_02,5851,127,-59.2,36,2926,synthetic_telemetry
58.500921,sta_01,5850,124,-52.7,36,2926,synthetic_telemetry
58.520641,sta_01,5852,124,-54.2,36,2927,synthetic_telemetry
58.520847,sta_02,5853,134,-61.0,36,2927,synthetic_telemetry
58.539212,sta_01,5854,121,-49.2,36,2928,synthetic_telemetry
58.540241,sta_02,5855,131,-51.3,36,2928,synthetic_telemetry
58.559225,sta_01,5856,114,-59.7,36,2929,synthetic_telemetry
58.559309,sta_02,5857,128,-48.7,36,2929,synthetic_telemetry
58.579289,sta_01,5858,126,-50.1,36,2930,synthetic_telemetry
58.579494,sta_02,5859,128,-50.3,36,2930,synthetic_telemetry
58.59982,sta_01,5860,117,-57.7,36,2931,synthetic_telemetry
58.600859,sta_02,5861,124,-73.8,36,2931,synthetic_telemetry
58.619728,sta_01,5862,131,-72.8,36,2932,synthetic_telemetry
58.620872,sta_02,5863,133,-64.5,36,2932,synthetic_telemetry
58.63988,sta_02,5865,129,-71.8,36,2933,synthetic_telemetry
58.640832,sta_01,5864,126,-56.2,36,2933,synthetic_telemetry
58.660121,sta_02,5867,130,-58.5,36,2934,synthetic_telemetry
58.660461,sta_01,5866,119,-53.4,36,2934,synthetic_telemetry
58.680258,sta_02,5869,124,-50.3,36,2935,synthetic_telemetry
58.680308,sta_01,5868,130,-63.7,36,2935,synthetic_telemetry
58.700737,sta_01,5870,134,-46.1,36,2936,synthetic_telemetry
58.700758,sta_02,5871,123,-67.2,36,2936,synthetic_telemetry
58.719316,sta_02,5873,126,-71.9,36,2937,synthetic_telemetry
58.719616,sta_01,5872,126,-54.9,36,2937,synthetic_telemetry
58.739828,sta_02,5875,130,-67.6,36,2938,synthetic_telemetry
58.740426,sta_01,5874,128,-55.6,36,2938,synthetic_telemetry
58.759932,sta_02,5877,116,-73.1,36,2939,synthetic_telemetry
58.760037,sta_01,5876,129,-64.5,36,2939,synthetic_telemetry
58.779642,sta_02,5879,134,-64.2,36,2940,synthetic_telemetry
58.780307,sta_01,5878,133,-60.5,36,2940,synthetic_telemetry
58.799834,sta_01,5880,120,-48.9,36,2941,synthetic_telemetry
58.800658,sta_02,5881,117,-61.2,36,2941,synthetic_telemetry
58.820333,sta_01,5882,127,-52.3,36,2942,synthetic_telemetry
58.820376,sta_02,5883,132,-46.9,36,2942,synthetic_telemetry
58.840424,sta_01,5884,127,-46.0,36,2943,synthetic_telemetry
58.840742,sta_02,5885,125,-50.2,36,2943,synthetic_telemetry
58.859015,sta_01,5886,117,-61.3,36,2944,synthetic_telemetry
58.860234,sta_02,5887,125,-57.3,36,2944,synthetic_telemetry
58.879547,sta_01,5888,131,-60.3,36,2945,synthetic_telemetry
58.880007,sta_02,5889,126,-55.0,36,2945,synthetic_telemetry
58.900386,sta_02,5891,126,-53.4,36,2946,synthetic_telemetry
58.900692,sta_01,5890,137,-53.2,36,2946,synthetic_telemetry
58.919972,sta_02,5893,120,-67.3,36,2947,synthetic_telemetry
58.920155,sta_01,5892,113,-73.3,36,2947,synthetic_telemetry
58.939359,sta_01,5894,122,-50.9,36,2948,synthetic_telemetry
58.940447,sta_02,5895,137,-48.2,36,2948,synthetic_telemetry
58.959906,sta_01,5896,129,-48.1,36,2949,synthetic_telemetry
58.960052,sta_02,5897,121,-55.7,36,2949,synthetic_telemetry
58.980746,sta_02,5899,132,-63.8,36,2950,synthetic_telemetry
58.980845,sta_01,5898,121,-62.6,36,2950,synthetic_telemetry
59.000403,sta_01,5900,127,-60.7,36,2951,synthetic_telemetry
59.000565,sta_02,5901,132,-74.4,36,2951,synthetic_telemetry
59.019285,sta_01,5902,123,-48.1,36,2952,synthetic_telemetry
59.020297,sta_02,5903,135,-55.3,36,2952,synthetic_telemetry
59.039345,sta_01,5904,124,-71.1,36,2953,synthetic_telemetry
59.039946,sta_02,5905,126,-60.9,36,2953,synthetic_telemetry
59.060527,sta_01,5906,128,-46.8,36,2954,synthetic_telemetry
59.060913,sta_02,5907,126,-74.7,36,2954,synthetic_telemetry
59.080069,sta_01,5908,128,-46.1,36,2955,synthetic_telemetry
59.080953,sta_02,5909,125,-65.0,36,2955,synthetic_telemetry
59.099643,sta_02,5911,127,-51.7,36,2956,synthetic_telemetry
59.099697,sta_01,5910,129,-66.6,36,2956,synthetic_telemetry
59.11968,sta_01,5912,131,-52.3,36,2957,synthetic_telemetry
59.120083,sta_02,5913,126,-60.7,36,2957,synthetic_telemetry
59.139696,sta_02,5915,132,-57.8,36,2958,synthetic_telemetry
59.140613,sta_01,5914,131,-72.0,36,2958,synthetic_telemetry
59.159405,sta_02,5917,134,-67.6,36,2959,synthetic_telemetry
59.159449,sta_01,5916,125,-60.9,36,2959,synthetic_telemetry
59.179672,sta_01,5918,129,-59.2,36,2960,synthetic_telemetry
59.180671,sta_02,5919,117,-53.1,36,2960,synthetic_telemetry
59.199611,sta_02,5921,127,-62.2,36,2961,synthetic_telemetry
59.199647,sta_01,5920,141,-48.4,36,2961,synthetic_telemetry
59.219533,sta_01,5922,133,-67.4,36,2962,synthetic_telemetry
59.21956,sta_02,5923,135,-54.3,36,2962,synthetic_telemetry
59.239369,sta_02,5925,117,-65.9,36,2963,synthetic_telemetry
59.240419,sta_01,5924,127,-62.1,36,2963,synthetic_telemetry
59.260679,sta_01,5926,126,-70.5,36,2964,synthetic_telemetry
59.260722,sta_02,5927,131,-58.2,36,2964,synthetic_telemetry
59.279148,sta_01,5928,124,-67.4,36,2965,synthetic_telemetry
59.280537,sta_02,5929,126,-54.3,36,2965,synthetic_telemetry
59.300204,sta_02,5931,134,-61.0,36,2966,synthetic_telemetry
59.300693,sta_01,5930,117,-58.0,36,2966,synthetic_telemetry
59.320533,sta_01,5932,135,-53.7,36,2967,synthetic_telemetry
59.320655,sta_02,5933,137,-73.8,36,2967,synthetic_telemetry
59.340203,sta_01,5934,133,-64.2,36,2968,synthetic_telemetry
59.340366,sta_02,5935,127,-65.1,36,2968,synthetic_telemetry
59.359824,sta_01,5936,138,-52.2,36,2969,synthetic_telemetry
59.360633,sta_02,5937,137,-66.1,36,2969,synthetic_telemetry
59.379595,sta_02,5939,123,-66.8,36,2970,synthetic_telemetry
59.379906,sta_01,5938,126,-70.5,36,2970,synthetic_telemetry
59.399828,sta_02,5941,138,-56.6,36,2971,synthetic_telemetry
59.400517,sta_01,5940,122,-63.4,36,2971,synthetic_telemetry
59.420413,sta_02,5943,115,-64.2,36,2972,synthetic_telemetry
59.420796,sta_01,5942,120,-66.2,36,2972,synthetic_telemetry
59.43903,sta_02,5945,123,-68.5,36,2973,synthetic_telemetry
59.440818,sta_01,5944,137,-58.0,36,2973,synthetic_telemetry
59.459236,sta_01,5946,125,-49.4,36,2974,synthetic_telemetry
59.459416,sta_02,5947,136,-68.0,36,2974,synthetic_telemetry
59.47954,sta_01,5948,126,-72.9,36,2975,synthetic_telemetry
59.480708,sta_02,5949,139,-57.7,36,2975,synthetic_telemetry
59.499527,sta_01,5950,125,-53.7,36,2976,synthetic_telemetry
59.50072,sta_02,5951,136,-62.2,36,2976,synthetic_telemetry
59.519133,sta_02,5953,129,-60.1,36,2977,synthetic_telemetry
59.519432,sta_01,5952,122,-70.7,36,2977,synthetic_telemetry
59.5398,sta_02,5955,130,-48.5,36,2978,synthetic_telemetry
59.540002,sta_01,5954,125,-70.0,36,2978,synthetic_telemetry
59.559223,sta_02,5957,129,-50.5,36,2979,synthetic_telemetry
59.559519,sta_01,5956,128,-65.9,36,2979,synthetic_telemetry
59.580006,sta_02,5959,119,-56.8,36,2980,synthetic_telemetry
59.580724,sta_01,5958,139,-69.0,36,2980,synthetic_telemetry
59.600845,sta_02,5961,131,-72.7,36,2981,synthetic_telemetry
59.600918,sta_01,5960,126,-74.3,36,2981,synthetic_telemetry
59.619015,sta_02,5963,128,-54.5,36,2982,synthetic_telemetry
59.620468,sta_01,5962,128,-53.4,36,2982,synthetic_telemetry
59.639959,sta_01,5964,119,-60.4,36,2983,synthetic_telemetry
59.640983,sta_02,5965,126,-63.5,36,2983,synthetic_telemetry
59.65922,sta_02,5967,121,-59.9,36,2984,synthetic_telemetry
59.65983,sta_01,5966,120,-47.6,36,2984,synthetic_telemetry
59.679493,sta_01,5968,120,-60.1,36,2985,synthetic_telemetry
59.680294,sta_02,5969,132,-69.8,36,2985,synthetic_telemetry
59.699065,sta_02,5971,124,-65.5,36,2986,synthetic_telemetry
59.700252,sta_01,5970,127,-72.0,36,2986,synthetic_telemetry
59.72029,sta_02,5973,128,-46.3,36,2987,synthetic_telemetry
59.720309,sta_01,5972,130,-51.2,36,2987,synthetic_telemetry
59.740226,sta_02,5975,127,-45.2,36,2988,synthetic_telemetry
59.740313,sta_01,5974,129,-66.2,36,2988,synthetic_telemetry
59.759426,sta_01,5976,124,-51.9,36,2989,synthetic_telemetry
59.759692,sta_02,5977,125,-74.5,36,2989,synthetic_telemetry
59.779887,sta_01,5978,130,-60.7,36,2990,synthetic_telemetry
59.780547,sta_02,5979,133,-62.7,36,2990,synthetic_telemetry
59.800007,sta_02,5981,141,-69.1,36,2991,synthetic_telemetry
59.800881,sta_01,5980,125,-47.0,36,2991,synthetic_telemetry
59.820073,sta_02,5983,124,-49.5,36,2992,synthetic_telemetry
59.820755,sta_01,5982,128,-62.8,36,2992,synthetic_telemetry
59.839191,sta_01,5984,125,-56.8,36,2993,synthetic_telemetry
59.839438,sta_02,5985,121,-67.3,36,2993,synthetic_telemetry
59.85997,sta_01,5986,127,-71.1,36,2994,synthetic_telemetry
59.860601,sta_02,5987,134,-55.3,36,2994,synthetic_telemetry
59.879084,sta_02,5989,125,-64.6,36,2995,synthetic_telemetry
59.879289,sta_01,5988,121,-68.5,36,2995,synthetic_telemetry
59.899591,sta_01,5990,134,-63.3,36,2996,synthetic_telemetry
59.899923,sta_02,5991,120,-56.0,36,2996,synthetic_telemetry
59.919029,sta_02,5993,121,-46.1,36,2997,synthetic_telemetry
59.920892,sta_01,5992,122,-48.3,36,2997,synthetic_telemetry
59.939001,sta_02,5995,133,-70.4,36,2998,synthetic_telemetry
59.940156,sta_01,5994,130,-50.2,36,2998,synthetic_telemetry
59.960304,sta_02,5997,134,-49.4,36,2999,synthetic_telemetry
59.960696,sta_01,5996,134,-54.0,36,2999,synthetic_telemetry
59.980095,sta_02,5999,128,-62.9,36,3000,synthetic_telemetry
59.980352,sta_01,5998,124,-45.3,36,3000,synthetic_telemetry
